[0.231s] DEBUG:colcon:Command line arguments: ['/usr/bin/colcon', 'build', '--symlink-install']
[0.231s] DEBUG:colcon:Parsed command line arguments: Namespace(log_base=None, log_level=None, verb_name='build', build_base='build', install_base='install', merge_install=False, symlink_install=True, test_result_base=None, continue_on_error=False, executor='parallel', parallel_workers=4, event_handlers=None, ignore_user_meta=False, metas=['./colcon.meta'], base_paths=['.'], packages_ignore=None, packages_ignore_regex=None, paths=None, packages_up_to=None, packages_up_to_regex=None, packages_above=None, packages_above_and_dependencies=None, packages_above_depth=None, packages_select_by_dep=None, packages_skip_by_dep=None, packages_skip_up_to=None, packages_select_build_failed=False, packages_skip_build_finished=False, packages_select_test_failures=False, packages_skip_test_passed=False, packages_select=None, packages_skip=None, packages_select_regex=None, packages_skip_regex=None, packages_start=None, packages_end=None, allow_overriding=[], cmake_args=None, cmake_target=None, cmake_target_skip_unavailable=False, cmake_clean_cache=False, cmake_clean_first=False, cmake_force_configure=False, ament_cmake_args=None, catkin_cmake_args=None, catkin_skip_building_tests=False, mixin_files=None, mixin=None, verb_parser=<colcon_mixin.mixin.mixin_argument.MixinArgumentDecorator object at 0x79458b91b580>, verb_extension=<colcon_core.verb.build.BuildVerb object at 0x79458ba5c400>, main=<bound method BuildVerb.main of <colcon_core.verb.build.BuildVerb object at 0x79458ba5c400>>, mixin_verb=('build',))
[0.814s] Level 1:colcon.colcon_core.package_discovery:discover_packages(colcon_meta) check parameters
[0.815s] Level 1:colcon.colcon_core.package_discovery:discover_packages(recursive) check parameters
[0.815s] Level 1:colcon.colcon_core.package_discovery:discover_packages(ignore) check parameters
[0.815s] Level 1:colcon.colcon_core.package_discovery:discover_packages(path) check parameters
[0.815s] Level 1:colcon.colcon_core.package_discovery:discover_packages(colcon_meta) discover
[0.815s] Level 1:colcon.colcon_core.package_discovery:discover_packages(recursive) discover
[0.815s] INFO:colcon.colcon_core.package_discovery:Crawling recursively for packages in '/home/bart/goliath_mobile'
[0.815s] Level 1:colcon.colcon_core.package_identification:_identify(.) by extensions ['ignore', 'ignore_ament_install']
[0.815s] Level 1:colcon.colcon_core.package_identification:_identify(.) by extension 'ignore'
[0.815s] Level 1:colcon.colcon_core.package_identification:_identify(.) by extension 'ignore_ament_install'
[0.815s] Level 1:colcon.colcon_core.package_identification:_identify(.) by extensions ['colcon_pkg']
[0.815s] Level 1:colcon.colcon_core.package_identification:_identify(.) by extension 'colcon_pkg'
[0.816s] Level 1:colcon.colcon_core.package_identification:_identify(.) by extensions ['colcon_meta']
[0.816s] Level 1:colcon.colcon_core.package_identification:_identify(.) by extension 'colcon_meta'
[0.816s] Level 1:colcon.colcon_core.package_identification:_identify(.) by extensions ['ros']
[0.816s] Level 1:colcon.colcon_core.package_identification:_identify(.) by extension 'ros'
[0.830s] Level 1:colcon.colcon_core.package_identification:_identify(.) by extensions ['cmake', 'python']
[0.831s] Level 1:colcon.colcon_core.package_identification:_identify(.) by extension 'cmake'
[0.831s] Level 1:colcon.colcon_core.package_identification:_identify(.) by extension 'python'
[0.831s] Level 1:colcon.colcon_core.package_identification:_identify(.) by extensions ['python_setup_py']
[0.831s] Level 1:colcon.colcon_core.package_identification:_identify(.) by extension 'python_setup_py'
[0.831s] Level 1:colcon.colcon_core.package_identification:_identify(build) by extensions ['ignore', 'ignore_ament_install']
[0.831s] Level 1:colcon.colcon_core.package_identification:_identify(build) by extension 'ignore'
[0.831s] Level 1:colcon.colcon_core.package_identification:_identify(build) ignored
[0.831s] Level 1:colcon.colcon_core.package_identification:_identify(install) by extensions ['ignore', 'ignore_ament_install']
[0.831s] Level 1:colcon.colcon_core.package_identification:_identify(install) by extension 'ignore'
[0.831s] Level 1:colcon.colcon_core.package_identification:_identify(install) ignored
[0.832s] Level 1:colcon.colcon_core.package_identification:_identify(log) by extensions ['ignore', 'ignore_ament_install']
[0.832s] Level 1:colcon.colcon_core.package_identification:_identify(log) by extension 'ignore'
[0.832s] Level 1:colcon.colcon_core.package_identification:_identify(log) ignored
[0.832s] Level 1:colcon.colcon_core.package_identification:_identify(src) by extensions ['ignore', 'ignore_ament_install']
[0.832s] Level 1:colcon.colcon_core.package_identification:_identify(src) by extension 'ignore'
[0.832s] Level 1:colcon.colcon_core.package_identification:_identify(src) by extension 'ignore_ament_install'
[0.832s] Level 1:colcon.colcon_core.package_identification:_identify(src) by extensions ['colcon_pkg']
[0.832s] Level 1:colcon.colcon_core.package_identification:_identify(src) by extension 'colcon_pkg'
[0.832s] Level 1:colcon.colcon_core.package_identification:_identify(src) by extensions ['colcon_meta']
[0.832s] Level 1:colcon.colcon_core.package_identification:_identify(src) by extension 'colcon_meta'
[0.832s] Level 1:colcon.colcon_core.package_identification:_identify(src) by extensions ['ros']
[0.832s] Level 1:colcon.colcon_core.package_identification:_identify(src) by extension 'ros'
[0.832s] Level 1:colcon.colcon_core.package_identification:_identify(src) by extensions ['cmake', 'python']
[0.832s] Level 1:colcon.colcon_core.package_identification:_identify(src) by extension 'cmake'
[0.833s] Level 1:colcon.colcon_core.package_identification:_identify(src) by extension 'python'
[0.833s] Level 1:colcon.colcon_core.package_identification:_identify(src) by extensions ['python_setup_py']
[0.833s] Level 1:colcon.colcon_core.package_identification:_identify(src) by extension 'python_setup_py'
[0.833s] Level 1:colcon.colcon_core.package_identification:_identify(src/goliath_gripper) by extensions ['ignore', 'ignore_ament_install']
[0.833s] Level 1:colcon.colcon_core.package_identification:_identify(src/goliath_gripper) by extension 'ignore'
[0.833s] Level 1:colcon.colcon_core.package_identification:_identify(src/goliath_gripper) by extension 'ignore_ament_install'
[0.833s] Level 1:colcon.colcon_core.package_identification:_identify(src/goliath_gripper) by extensions ['colcon_pkg']
[0.833s] Level 1:colcon.colcon_core.package_identification:_identify(src/goliath_gripper) by extension 'colcon_pkg'
[0.833s] Level 1:colcon.colcon_core.package_identification:_identify(src/goliath_gripper) by extensions ['colcon_meta']
[0.833s] Level 1:colcon.colcon_core.package_identification:_identify(src/goliath_gripper) by extension 'colcon_meta'
[0.833s] Level 1:colcon.colcon_core.package_identification:_identify(src/goliath_gripper) by extensions ['ros']
[0.833s] Level 1:colcon.colcon_core.package_identification:_identify(src/goliath_gripper) by extension 'ros'
[0.833s] Level 1:colcon.colcon_core.package_identification:_identify(src/goliath_gripper) by extensions ['cmake', 'python']
[0.833s] Level 1:colcon.colcon_core.package_identification:_identify(src/goliath_gripper) by extension 'cmake'
[0.834s] Level 1:colcon.colcon_core.package_identification:_identify(src/goliath_gripper) by extension 'python'
[0.834s] Level 1:colcon.colcon_core.package_identification:_identify(src/goliath_gripper) by extensions ['python_setup_py']
[0.834s] Level 1:colcon.colcon_core.package_identification:_identify(src/goliath_gripper) by extension 'python_setup_py'
[0.834s] Level 1:colcon.colcon_core.package_identification:_identify(src/goliath_gripper/gripper_controller) by extensions ['ignore', 'ignore_ament_install']
[0.834s] Level 1:colcon.colcon_core.package_identification:_identify(src/goliath_gripper/gripper_controller) by extension 'ignore'
[0.834s] Level 1:colcon.colcon_core.package_identification:_identify(src/goliath_gripper/gripper_controller) by extension 'ignore_ament_install'
[0.834s] Level 1:colcon.colcon_core.package_identification:_identify(src/goliath_gripper/gripper_controller) by extensions ['colcon_pkg']
[0.834s] Level 1:colcon.colcon_core.package_identification:_identify(src/goliath_gripper/gripper_controller) by extension 'colcon_pkg'
[0.834s] Level 1:colcon.colcon_core.package_identification:_identify(src/goliath_gripper/gripper_controller) by extensions ['colcon_meta']
[0.834s] Level 1:colcon.colcon_core.package_identification:_identify(src/goliath_gripper/gripper_controller) by extension 'colcon_meta'
[0.834s] Level 1:colcon.colcon_core.package_identification:_identify(src/goliath_gripper/gripper_controller) by extensions ['ros']
[0.834s] Level 1:colcon.colcon_core.package_identification:_identify(src/goliath_gripper/gripper_controller) by extension 'ros'
[0.839s] DEBUG:colcon.colcon_core.package_identification:Package 'src/goliath_gripper/gripper_controller' with type 'ros.ament_cmake' and name 'gripper_controller'
[0.839s] Level 1:colcon.colcon_core.package_identification:_identify(src/goliath_gripper/gripper_description) by extensions ['ignore', 'ignore_ament_install']
[0.839s] Level 1:colcon.colcon_core.package_identification:_identify(src/goliath_gripper/gripper_description) by extension 'ignore'
[0.839s] Level 1:colcon.colcon_core.package_identification:_identify(src/goliath_gripper/gripper_description) by extension 'ignore_ament_install'
[0.839s] Level 1:colcon.colcon_core.package_identification:_identify(src/goliath_gripper/gripper_description) by extensions ['colcon_pkg']
[0.840s] Level 1:colcon.colcon_core.package_identification:_identify(src/goliath_gripper/gripper_description) by extension 'colcon_pkg'
[0.840s] Level 1:colcon.colcon_core.package_identification:_identify(src/goliath_gripper/gripper_description) by extensions ['colcon_meta']
[0.840s] Level 1:colcon.colcon_core.package_identification:_identify(src/goliath_gripper/gripper_description) by extension 'colcon_meta'
[0.840s] Level 1:colcon.colcon_core.package_identification:_identify(src/goliath_gripper/gripper_description) by extensions ['ros']
[0.840s] Level 1:colcon.colcon_core.package_identification:_identify(src/goliath_gripper/gripper_description) by extension 'ros'
[0.841s] DEBUG:colcon.colcon_core.package_identification:Package 'src/goliath_gripper/gripper_description' with type 'ros.ament_python' and name 'gripper_description'
[0.841s] Level 1:colcon.colcon_core.package_identification:_identify(src/goliath_moveit_config) by extensions ['ignore', 'ignore_ament_install']
[0.841s] Level 1:colcon.colcon_core.package_identification:_identify(src/goliath_moveit_config) by extension 'ignore'
[0.841s] Level 1:colcon.colcon_core.package_identification:_identify(src/goliath_moveit_config) by extension 'ignore_ament_install'
[0.841s] Level 1:colcon.colcon_core.package_identification:_identify(src/goliath_moveit_config) by extensions ['colcon_pkg']
[0.841s] Level 1:colcon.colcon_core.package_identification:_identify(src/goliath_moveit_config) by extension 'colcon_pkg'
[0.841s] Level 1:colcon.colcon_core.package_identification:_identify(src/goliath_moveit_config) by extensions ['colcon_meta']
[0.841s] Level 1:colcon.colcon_core.package_identification:_identify(src/goliath_moveit_config) by extension 'colcon_meta'
[0.842s] Level 1:colcon.colcon_core.package_identification:_identify(src/goliath_moveit_config) by extensions ['ros']
[0.842s] Level 1:colcon.colcon_core.package_identification:_identify(src/goliath_moveit_config) by extension 'ros'
[0.843s] DEBUG:colcon.colcon_core.package_identification:Package 'src/goliath_moveit_config' with type 'ros.ament_cmake' and name 'goliath_moveit_config'
[0.843s] Level 1:colcon.colcon_core.package_identification:_identify(src/golitath_mobile) by extensions ['ignore', 'ignore_ament_install']
[0.843s] Level 1:colcon.colcon_core.package_identification:_identify(src/golitath_mobile) by extension 'ignore'
[0.844s] Level 1:colcon.colcon_core.package_identification:_identify(src/golitath_mobile) by extension 'ignore_ament_install'
[0.844s] Level 1:colcon.colcon_core.package_identification:_identify(src/golitath_mobile) by extensions ['colcon_pkg']
[0.844s] Level 1:colcon.colcon_core.package_identification:_identify(src/golitath_mobile) by extension 'colcon_pkg'
[0.844s] Level 1:colcon.colcon_core.package_identification:_identify(src/golitath_mobile) by extensions ['colcon_meta']
[0.844s] Level 1:colcon.colcon_core.package_identification:_identify(src/golitath_mobile) by extension 'colcon_meta'
[0.844s] Level 1:colcon.colcon_core.package_identification:_identify(src/golitath_mobile) by extensions ['ros']
[0.844s] Level 1:colcon.colcon_core.package_identification:_identify(src/golitath_mobile) by extension 'ros'
[0.844s] Level 1:colcon.colcon_core.package_identification:_identify(src/golitath_mobile) by extensions ['cmake', 'python']
[0.844s] Level 1:colcon.colcon_core.package_identification:_identify(src/golitath_mobile) by extension 'cmake'
[0.844s] Level 1:colcon.colcon_core.package_identification:_identify(src/golitath_mobile) by extension 'python'
[0.844s] Level 1:colcon.colcon_core.package_identification:_identify(src/golitath_mobile) by extensions ['python_setup_py']
[0.844s] Level 1:colcon.colcon_core.package_identification:_identify(src/golitath_mobile) by extension 'python_setup_py'
[0.845s] Level 1:colcon.colcon_core.package_identification:_identify(src/golitath_mobile/goliath) by extensions ['ignore', 'ignore_ament_install']
[0.845s] Level 1:colcon.colcon_core.package_identification:_identify(src/golitath_mobile/goliath) by extension 'ignore'
[0.845s] Level 1:colcon.colcon_core.package_identification:_identify(src/golitath_mobile/goliath) by extension 'ignore_ament_install'
[0.845s] Level 1:colcon.colcon_core.package_identification:_identify(src/golitath_mobile/goliath) by extensions ['colcon_pkg']
[0.845s] Level 1:colcon.colcon_core.package_identification:_identify(src/golitath_mobile/goliath) by extension 'colcon_pkg'
[0.845s] Level 1:colcon.colcon_core.package_identification:_identify(src/golitath_mobile/goliath) by extensions ['colcon_meta']
[0.845s] Level 1:colcon.colcon_core.package_identification:_identify(src/golitath_mobile/goliath) by extension 'colcon_meta'
[0.845s] Level 1:colcon.colcon_core.package_identification:_identify(src/golitath_mobile/goliath) by extensions ['ros']
[0.845s] Level 1:colcon.colcon_core.package_identification:_identify(src/golitath_mobile/goliath) by extension 'ros'
[0.845s] Level 1:colcon.colcon_core.package_identification:_identify(src/golitath_mobile/goliath) by extensions ['cmake', 'python']
[0.845s] Level 1:colcon.colcon_core.package_identification:_identify(src/golitath_mobile/goliath) by extension 'cmake'
[0.845s] Level 1:colcon.colcon_core.package_identification:_identify(src/golitath_mobile/goliath) by extension 'python'
[0.845s] Level 1:colcon.colcon_core.package_identification:_identify(src/golitath_mobile/goliath) by extensions ['python_setup_py']
[0.845s] Level 1:colcon.colcon_core.package_identification:_identify(src/golitath_mobile/goliath) by extension 'python_setup_py'
[0.846s] Level 1:colcon.colcon_core.package_identification:_identify(src/golitath_mobile/goliath/arm_move_joy) by extensions ['ignore', 'ignore_ament_install']
[0.846s] Level 1:colcon.colcon_core.package_identification:_identify(src/golitath_mobile/goliath/arm_move_joy) by extension 'ignore'
[0.846s] Level 1:colcon.colcon_core.package_identification:_identify(src/golitath_mobile/goliath/arm_move_joy) by extension 'ignore_ament_install'
[0.846s] Level 1:colcon.colcon_core.package_identification:_identify(src/golitath_mobile/goliath/arm_move_joy) by extensions ['colcon_pkg']
[0.846s] Level 1:colcon.colcon_core.package_identification:_identify(src/golitath_mobile/goliath/arm_move_joy) by extension 'colcon_pkg'
[0.846s] Level 1:colcon.colcon_core.package_identification:_identify(src/golitath_mobile/goliath/arm_move_joy) by extensions ['colcon_meta']
[0.846s] Level 1:colcon.colcon_core.package_identification:_identify(src/golitath_mobile/goliath/arm_move_joy) by extension 'colcon_meta'
[0.846s] Level 1:colcon.colcon_core.package_identification:_identify(src/golitath_mobile/goliath/arm_move_joy) by extensions ['ros']
[0.846s] Level 1:colcon.colcon_core.package_identification:_identify(src/golitath_mobile/goliath/arm_move_joy) by extension 'ros'
[0.848s] DEBUG:colcon.colcon_core.package_identification:Package 'src/golitath_mobile/goliath/arm_move_joy' with type 'ros.ament_cmake' and name 'arm_move_joy'
[0.848s] Level 1:colcon.colcon_core.package_identification:_identify(src/golitath_mobile/goliath/goliath_commander_cpp) by extensions ['ignore', 'ignore_ament_install']
[0.848s] Level 1:colcon.colcon_core.package_identification:_identify(src/golitath_mobile/goliath/goliath_commander_cpp) by extension 'ignore'
[0.848s] Level 1:colcon.colcon_core.package_identification:_identify(src/golitath_mobile/goliath/goliath_commander_cpp) by extension 'ignore_ament_install'
[0.848s] Level 1:colcon.colcon_core.package_identification:_identify(src/golitath_mobile/goliath/goliath_commander_cpp) by extensions ['colcon_pkg']
[0.848s] Level 1:colcon.colcon_core.package_identification:_identify(src/golitath_mobile/goliath/goliath_commander_cpp) by extension 'colcon_pkg'
[0.848s] Level 1:colcon.colcon_core.package_identification:_identify(src/golitath_mobile/goliath/goliath_commander_cpp) by extensions ['colcon_meta']
[0.848s] Level 1:colcon.colcon_core.package_identification:_identify(src/golitath_mobile/goliath/goliath_commander_cpp) by extension 'colcon_meta'
[0.849s] Level 1:colcon.colcon_core.package_identification:_identify(src/golitath_mobile/goliath/goliath_commander_cpp) by extensions ['ros']
[0.849s] Level 1:colcon.colcon_core.package_identification:_identify(src/golitath_mobile/goliath/goliath_commander_cpp) by extension 'ros'
[0.851s] DEBUG:colcon.colcon_core.package_identification:Package 'src/golitath_mobile/goliath/goliath_commander_cpp' with type 'ros.ament_cmake' and name 'goliath_commander_cpp'
[0.852s] Level 1:colcon.colcon_core.package_identification:_identify(src/golitath_mobile/goliath/goliath_controller) by extensions ['ignore', 'ignore_ament_install']
[0.852s] Level 1:colcon.colcon_core.package_identification:_identify(src/golitath_mobile/goliath/goliath_controller) by extension 'ignore'
[0.852s] Level 1:colcon.colcon_core.package_identification:_identify(src/golitath_mobile/goliath/goliath_controller) by extension 'ignore_ament_install'
[0.852s] Level 1:colcon.colcon_core.package_identification:_identify(src/golitath_mobile/goliath/goliath_controller) by extensions ['colcon_pkg']
[0.852s] Level 1:colcon.colcon_core.package_identification:_identify(src/golitath_mobile/goliath/goliath_controller) by extension 'colcon_pkg'
[0.852s] Level 1:colcon.colcon_core.package_identification:_identify(src/golitath_mobile/goliath/goliath_controller) by extensions ['colcon_meta']
[0.852s] Level 1:colcon.colcon_core.package_identification:_identify(src/golitath_mobile/goliath/goliath_controller) by extension 'colcon_meta'
[0.852s] Level 1:colcon.colcon_core.package_identification:_identify(src/golitath_mobile/goliath/goliath_controller) by extensions ['ros']
[0.852s] Level 1:colcon.colcon_core.package_identification:_identify(src/golitath_mobile/goliath/goliath_controller) by extension 'ros'
[0.854s] DEBUG:colcon.colcon_core.package_identification:Package 'src/golitath_mobile/goliath/goliath_controller' with type 'ros.ament_cmake' and name 'goliath_controller'
[0.855s] Level 1:colcon.colcon_core.package_identification:_identify(src/golitath_mobile/goliath/goliath_interfaces) by extensions ['ignore', 'ignore_ament_install']
[0.855s] Level 1:colcon.colcon_core.package_identification:_identify(src/golitath_mobile/goliath/goliath_interfaces) by extension 'ignore'
[0.855s] Level 1:colcon.colcon_core.package_identification:_identify(src/golitath_mobile/goliath/goliath_interfaces) by extension 'ignore_ament_install'
[0.855s] Level 1:colcon.colcon_core.package_identification:_identify(src/golitath_mobile/goliath/goliath_interfaces) by extensions ['colcon_pkg']
[0.855s] Level 1:colcon.colcon_core.package_identification:_identify(src/golitath_mobile/goliath/goliath_interfaces) by extension 'colcon_pkg'
[0.855s] Level 1:colcon.colcon_core.package_identification:_identify(src/golitath_mobile/goliath/goliath_interfaces) by extensions ['colcon_meta']
[0.855s] Level 1:colcon.colcon_core.package_identification:_identify(src/golitath_mobile/goliath/goliath_interfaces) by extension 'colcon_meta'
[0.855s] Level 1:colcon.colcon_core.package_identification:_identify(src/golitath_mobile/goliath/goliath_interfaces) by extensions ['ros']
[0.855s] Level 1:colcon.colcon_core.package_identification:_identify(src/golitath_mobile/goliath/goliath_interfaces) by extension 'ros'
[0.856s] DEBUG:colcon.colcon_core.package_identification:Package 'src/golitath_mobile/goliath/goliath_interfaces' with type 'ros.ament_cmake' and name 'goliath_interfaces'
[0.857s] Level 1:colcon.colcon_core.package_identification:_identify(src/golitath_mobile/goliath/ros2_control_demo_description) by extensions ['ignore', 'ignore_ament_install']
[0.857s] Level 1:colcon.colcon_core.package_identification:_identify(src/golitath_mobile/goliath/ros2_control_demo_description) by extension 'ignore'
[0.857s] Level 1:colcon.colcon_core.package_identification:_identify(src/golitath_mobile/goliath/ros2_control_demo_description) by extension 'ignore_ament_install'
[0.857s] Level 1:colcon.colcon_core.package_identification:_identify(src/golitath_mobile/goliath/ros2_control_demo_description) by extensions ['colcon_pkg']
[0.857s] Level 1:colcon.colcon_core.package_identification:_identify(src/golitath_mobile/goliath/ros2_control_demo_description) by extension 'colcon_pkg'
[0.857s] Level 1:colcon.colcon_core.package_identification:_identify(src/golitath_mobile/goliath/ros2_control_demo_description) by extensions ['colcon_meta']
[0.857s] Level 1:colcon.colcon_core.package_identification:_identify(src/golitath_mobile/goliath/ros2_control_demo_description) by extension 'colcon_meta'
[0.857s] Level 1:colcon.colcon_core.package_identification:_identify(src/golitath_mobile/goliath/ros2_control_demo_description) by extensions ['ros']
[0.857s] Level 1:colcon.colcon_core.package_identification:_identify(src/golitath_mobile/goliath/ros2_control_demo_description) by extension 'ros'
[0.858s] DEBUG:colcon.colcon_core.package_identification:Package 'src/golitath_mobile/goliath/ros2_control_demo_description' with type 'ros.ament_cmake' and name 'ros2_control_demo_description'
[0.859s] Level 1:colcon.colcon_core.package_identification:_identify(src/golitath_mobile/goliath/ros2_control_demo_testing) by extensions ['ignore', 'ignore_ament_install']
[0.859s] Level 1:colcon.colcon_core.package_identification:_identify(src/golitath_mobile/goliath/ros2_control_demo_testing) by extension 'ignore'
[0.859s] Level 1:colcon.colcon_core.package_identification:_identify(src/golitath_mobile/goliath/ros2_control_demo_testing) by extension 'ignore_ament_install'
[0.859s] Level 1:colcon.colcon_core.package_identification:_identify(src/golitath_mobile/goliath/ros2_control_demo_testing) by extensions ['colcon_pkg']
[0.859s] Level 1:colcon.colcon_core.package_identification:_identify(src/golitath_mobile/goliath/ros2_control_demo_testing) by extension 'colcon_pkg'
[0.860s] Level 1:colcon.colcon_core.package_identification:_identify(src/golitath_mobile/goliath/ros2_control_demo_testing) by extensions ['colcon_meta']
[0.860s] Level 1:colcon.colcon_core.package_identification:_identify(src/golitath_mobile/goliath/ros2_control_demo_testing) by extension 'colcon_meta'
[0.860s] Level 1:colcon.colcon_core.package_identification:_identify(src/golitath_mobile/goliath/ros2_control_demo_testing) by extensions ['ros']
[0.860s] Level 1:colcon.colcon_core.package_identification:_identify(src/golitath_mobile/goliath/ros2_control_demo_testing) by extension 'ros'
[0.862s] DEBUG:colcon.colcon_core.package_identification:Package 'src/golitath_mobile/goliath/ros2_control_demo_testing' with type 'ros.ament_python' and name 'ros2_control_demo_testing'
[0.862s] Level 1:colcon.colcon_core.package_identification:_identify(src/golitath_mobile/goliath/ros2_control_demos) by extensions ['ignore', 'ignore_ament_install']
[0.862s] Level 1:colcon.colcon_core.package_identification:_identify(src/golitath_mobile/goliath/ros2_control_demos) by extension 'ignore'
[0.862s] Level 1:colcon.colcon_core.package_identification:_identify(src/golitath_mobile/goliath/ros2_control_demos) by extension 'ignore_ament_install'
[0.862s] Level 1:colcon.colcon_core.package_identification:_identify(src/golitath_mobile/goliath/ros2_control_demos) by extensions ['colcon_pkg']
[0.862s] Level 1:colcon.colcon_core.package_identification:_identify(src/golitath_mobile/goliath/ros2_control_demos) by extension 'colcon_pkg'
[0.862s] Level 1:colcon.colcon_core.package_identification:_identify(src/golitath_mobile/goliath/ros2_control_demos) by extensions ['colcon_meta']
[0.862s] Level 1:colcon.colcon_core.package_identification:_identify(src/golitath_mobile/goliath/ros2_control_demos) by extension 'colcon_meta'
[0.863s] Level 1:colcon.colcon_core.package_identification:_identify(src/golitath_mobile/goliath/ros2_control_demos) by extensions ['ros']
[0.863s] Level 1:colcon.colcon_core.package_identification:_identify(src/golitath_mobile/goliath/ros2_control_demos) by extension 'ros'
[0.879s] DEBUG:colcon.colcon_core.package_identification:Package 'src/golitath_mobile/goliath/ros2_control_demos' with type 'ros.ament_cmake' and name 'ros2_control_demos'
[0.879s] Level 1:colcon.colcon_core.package_identification:_identify(src/golitath_mobile/hoverboard_ros2_control) by extensions ['ignore', 'ignore_ament_install']
[0.879s] Level 1:colcon.colcon_core.package_identification:_identify(src/golitath_mobile/hoverboard_ros2_control) by extension 'ignore'
[0.879s] Level 1:colcon.colcon_core.package_identification:_identify(src/golitath_mobile/hoverboard_ros2_control) by extension 'ignore_ament_install'
[0.879s] Level 1:colcon.colcon_core.package_identification:_identify(src/golitath_mobile/hoverboard_ros2_control) by extensions ['colcon_pkg']
[0.879s] Level 1:colcon.colcon_core.package_identification:_identify(src/golitath_mobile/hoverboard_ros2_control) by extension 'colcon_pkg'
[0.880s] Level 1:colcon.colcon_core.package_identification:_identify(src/golitath_mobile/hoverboard_ros2_control) by extensions ['colcon_meta']
[0.880s] Level 1:colcon.colcon_core.package_identification:_identify(src/golitath_mobile/hoverboard_ros2_control) by extension 'colcon_meta'
[0.880s] Level 1:colcon.colcon_core.package_identification:_identify(src/golitath_mobile/hoverboard_ros2_control) by extensions ['ros']
[0.880s] Level 1:colcon.colcon_core.package_identification:_identify(src/golitath_mobile/hoverboard_ros2_control) by extension 'ros'
[0.880s] Level 1:colcon.colcon_core.package_identification:_identify(src/golitath_mobile/hoverboard_ros2_control) by extensions ['cmake', 'python']
[0.880s] Level 1:colcon.colcon_core.package_identification:_identify(src/golitath_mobile/hoverboard_ros2_control) by extension 'cmake'
[0.880s] Level 1:colcon.colcon_core.package_identification:_identify(src/golitath_mobile/hoverboard_ros2_control) by extension 'python'
[0.880s] Level 1:colcon.colcon_core.package_identification:_identify(src/golitath_mobile/hoverboard_ros2_control) by extensions ['python_setup_py']
[0.880s] Level 1:colcon.colcon_core.package_identification:_identify(src/golitath_mobile/hoverboard_ros2_control) by extension 'python_setup_py'
[0.880s] Level 1:colcon.colcon_core.package_identification:_identify(src/golitath_mobile/hoverboard_ros2_control/hoverboard_demo_bringup) by extensions ['ignore', 'ignore_ament_install']
[0.880s] Level 1:colcon.colcon_core.package_identification:_identify(src/golitath_mobile/hoverboard_ros2_control/hoverboard_demo_bringup) by extension 'ignore'
[0.880s] Level 1:colcon.colcon_core.package_identification:_identify(src/golitath_mobile/hoverboard_ros2_control/hoverboard_demo_bringup) by extension 'ignore_ament_install'
[0.880s] Level 1:colcon.colcon_core.package_identification:_identify(src/golitath_mobile/hoverboard_ros2_control/hoverboard_demo_bringup) by extensions ['colcon_pkg']
[0.881s] Level 1:colcon.colcon_core.package_identification:_identify(src/golitath_mobile/hoverboard_ros2_control/hoverboard_demo_bringup) by extension 'colcon_pkg'
[0.881s] Level 1:colcon.colcon_core.package_identification:_identify(src/golitath_mobile/hoverboard_ros2_control/hoverboard_demo_bringup) by extensions ['colcon_meta']
[0.881s] Level 1:colcon.colcon_core.package_identification:_identify(src/golitath_mobile/hoverboard_ros2_control/hoverboard_demo_bringup) by extension 'colcon_meta'
[0.881s] Level 1:colcon.colcon_core.package_identification:_identify(src/golitath_mobile/hoverboard_ros2_control/hoverboard_demo_bringup) by extensions ['ros']
[0.881s] Level 1:colcon.colcon_core.package_identification:_identify(src/golitath_mobile/hoverboard_ros2_control/hoverboard_demo_bringup) by extension 'ros'
[0.882s] DEBUG:colcon.colcon_core.package_identification:Package 'src/golitath_mobile/hoverboard_ros2_control/hoverboard_demo_bringup' with type 'ros.ament_cmake' and name 'hoverboard_demo_bringup'
[0.882s] Level 1:colcon.colcon_core.package_identification:_identify(src/golitath_mobile/hoverboard_ros2_control/hoverboard_demo_description) by extensions ['ignore', 'ignore_ament_install']
[0.882s] Level 1:colcon.colcon_core.package_identification:_identify(src/golitath_mobile/hoverboard_ros2_control/hoverboard_demo_description) by extension 'ignore'
[0.882s] Level 1:colcon.colcon_core.package_identification:_identify(src/golitath_mobile/hoverboard_ros2_control/hoverboard_demo_description) by extension 'ignore_ament_install'
[0.882s] Level 1:colcon.colcon_core.package_identification:_identify(src/golitath_mobile/hoverboard_ros2_control/hoverboard_demo_description) by extensions ['colcon_pkg']
[0.882s] Level 1:colcon.colcon_core.package_identification:_identify(src/golitath_mobile/hoverboard_ros2_control/hoverboard_demo_description) by extension 'colcon_pkg'
[0.882s] Level 1:colcon.colcon_core.package_identification:_identify(src/golitath_mobile/hoverboard_ros2_control/hoverboard_demo_description) by extensions ['colcon_meta']
[0.882s] Level 1:colcon.colcon_core.package_identification:_identify(src/golitath_mobile/hoverboard_ros2_control/hoverboard_demo_description) by extension 'colcon_meta'
[0.882s] Level 1:colcon.colcon_core.package_identification:_identify(src/golitath_mobile/hoverboard_ros2_control/hoverboard_demo_description) by extensions ['ros']
[0.883s] Level 1:colcon.colcon_core.package_identification:_identify(src/golitath_mobile/hoverboard_ros2_control/hoverboard_demo_description) by extension 'ros'
[0.883s] DEBUG:colcon.colcon_core.package_identification:Package 'src/golitath_mobile/hoverboard_ros2_control/hoverboard_demo_description' with type 'ros.ament_cmake' and name 'hoverboard_demo_description'
[0.884s] Level 1:colcon.colcon_core.package_identification:_identify(src/golitath_mobile/hoverboard_ros2_control/hoverboard_hardware_interface) by extensions ['ignore', 'ignore_ament_install']
[0.884s] Level 1:colcon.colcon_core.package_identification:_identify(src/golitath_mobile/hoverboard_ros2_control/hoverboard_hardware_interface) by extension 'ignore'
[0.884s] Level 1:colcon.colcon_core.package_identification:_identify(src/golitath_mobile/hoverboard_ros2_control/hoverboard_hardware_interface) by extension 'ignore_ament_install'
[0.884s] Level 1:colcon.colcon_core.package_identification:_identify(src/golitath_mobile/hoverboard_ros2_control/hoverboard_hardware_interface) by extensions ['colcon_pkg']
[0.884s] Level 1:colcon.colcon_core.package_identification:_identify(src/golitath_mobile/hoverboard_ros2_control/hoverboard_hardware_interface) by extension 'colcon_pkg'
[0.884s] Level 1:colcon.colcon_core.package_identification:_identify(src/golitath_mobile/hoverboard_ros2_control/hoverboard_hardware_interface) by extensions ['colcon_meta']
[0.884s] Level 1:colcon.colcon_core.package_identification:_identify(src/golitath_mobile/hoverboard_ros2_control/hoverboard_hardware_interface) by extension 'colcon_meta'
[0.884s] Level 1:colcon.colcon_core.package_identification:_identify(src/golitath_mobile/hoverboard_ros2_control/hoverboard_hardware_interface) by extensions ['ros']
[0.884s] Level 1:colcon.colcon_core.package_identification:_identify(src/golitath_mobile/hoverboard_ros2_control/hoverboard_hardware_interface) by extension 'ros'
[0.885s] DEBUG:colcon.colcon_core.package_identification:Package 'src/golitath_mobile/hoverboard_ros2_control/hoverboard_hardware_interface' with type 'ros.ament_cmake' and name 'hoverboard_hardware_interface'
[0.886s] Level 1:colcon.colcon_core.package_identification:_identify(src/golitath_mobile/hoverboard_ros2_control/hoverboard_ros2_control) by extensions ['ignore', 'ignore_ament_install']
[0.886s] Level 1:colcon.colcon_core.package_identification:_identify(src/golitath_mobile/hoverboard_ros2_control/hoverboard_ros2_control) by extension 'ignore'
[0.886s] Level 1:colcon.colcon_core.package_identification:_identify(src/golitath_mobile/hoverboard_ros2_control/hoverboard_ros2_control) by extension 'ignore_ament_install'
[0.886s] Level 1:colcon.colcon_core.package_identification:_identify(src/golitath_mobile/hoverboard_ros2_control/hoverboard_ros2_control) by extensions ['colcon_pkg']
[0.886s] Level 1:colcon.colcon_core.package_identification:_identify(src/golitath_mobile/hoverboard_ros2_control/hoverboard_ros2_control) by extension 'colcon_pkg'
[0.886s] Level 1:colcon.colcon_core.package_identification:_identify(src/golitath_mobile/hoverboard_ros2_control/hoverboard_ros2_control) by extensions ['colcon_meta']
[0.886s] Level 1:colcon.colcon_core.package_identification:_identify(src/golitath_mobile/hoverboard_ros2_control/hoverboard_ros2_control) by extension 'colcon_meta'
[0.886s] Level 1:colcon.colcon_core.package_identification:_identify(src/golitath_mobile/hoverboard_ros2_control/hoverboard_ros2_control) by extensions ['ros']
[0.886s] Level 1:colcon.colcon_core.package_identification:_identify(src/golitath_mobile/hoverboard_ros2_control/hoverboard_ros2_control) by extension 'ros'
[0.887s] DEBUG:colcon.colcon_core.package_identification:Package 'src/golitath_mobile/hoverboard_ros2_control/hoverboard_ros2_control' with type 'ros.ament_cmake' and name 'hoverboard_ros2_control'
[0.888s] Level 1:colcon.colcon_core.package_identification:_identify(src/golitath_mobile/moveit) by extensions ['ignore', 'ignore_ament_install']
[0.888s] Level 1:colcon.colcon_core.package_identification:_identify(src/golitath_mobile/moveit) by extension 'ignore'
[0.888s] Level 1:colcon.colcon_core.package_identification:_identify(src/golitath_mobile/moveit) by extension 'ignore_ament_install'
[0.888s] Level 1:colcon.colcon_core.package_identification:_identify(src/golitath_mobile/moveit) by extensions ['colcon_pkg']
[0.888s] Level 1:colcon.colcon_core.package_identification:_identify(src/golitath_mobile/moveit) by extension 'colcon_pkg'
[0.888s] Level 1:colcon.colcon_core.package_identification:_identify(src/golitath_mobile/moveit) by extensions ['colcon_meta']
[0.888s] Level 1:colcon.colcon_core.package_identification:_identify(src/golitath_mobile/moveit) by extension 'colcon_meta'
[0.888s] Level 1:colcon.colcon_core.package_identification:_identify(src/golitath_mobile/moveit) by extensions ['ros']
[0.888s] Level 1:colcon.colcon_core.package_identification:_identify(src/golitath_mobile/moveit) by extension 'ros'
[0.889s] DEBUG:colcon.colcon_core.package_identification:Package 'src/golitath_mobile/moveit' with type 'ros.ament_cmake' and name 'moveit'
[0.889s] Level 1:colcon.colcon_core.package_identification:_identify(src/rplidar_ros) by extensions ['ignore', 'ignore_ament_install']
[0.890s] Level 1:colcon.colcon_core.package_identification:_identify(src/rplidar_ros) by extension 'ignore'
[0.890s] Level 1:colcon.colcon_core.package_identification:_identify(src/rplidar_ros) by extension 'ignore_ament_install'
[0.890s] Level 1:colcon.colcon_core.package_identification:_identify(src/rplidar_ros) by extensions ['colcon_pkg']
[0.890s] Level 1:colcon.colcon_core.package_identification:_identify(src/rplidar_ros) by extension 'colcon_pkg'
[0.890s] Level 1:colcon.colcon_core.package_identification:_identify(src/rplidar_ros) by extensions ['colcon_meta']
[0.890s] Level 1:colcon.colcon_core.package_identification:_identify(src/rplidar_ros) by extension 'colcon_meta'
[0.890s] Level 1:colcon.colcon_core.package_identification:_identify(src/rplidar_ros) by extensions ['ros']
[0.890s] Level 1:colcon.colcon_core.package_identification:_identify(src/rplidar_ros) by extension 'ros'
[0.891s] DEBUG:colcon.colcon_core.package_identification:Package 'src/rplidar_ros' with type 'ros.ament_cmake' and name 'rplidar_ros'
[0.891s] Level 1:colcon.colcon_core.package_discovery:discover_packages(recursive) using defaults
[0.891s] Level 1:colcon.colcon_core.package_discovery:discover_packages(ignore) discover
[0.891s] Level 1:colcon.colcon_core.package_discovery:discover_packages(ignore) using defaults
[0.891s] Level 1:colcon.colcon_core.package_discovery:discover_packages(path) discover
[0.891s] Level 1:colcon.colcon_core.package_discovery:discover_packages(path) using defaults
[0.937s] Level 1:colcon.colcon_core.package_discovery:discover_packages(prefix_path) check parameters
[0.937s] Level 1:colcon.colcon_core.package_discovery:discover_packages(prefix_path) discover
[0.944s] DEBUG:colcon.colcon_installed_package_information.package_discovery:Found 16 installed packages in /home/bart/goliath_mobile/install
[0.945s] DEBUG:colcon.colcon_installed_package_information.package_discovery:Found 2 installed packages in /home/bart/goliath_base/install
[0.947s] DEBUG:colcon.colcon_installed_package_information.package_discovery:Found 468 installed packages in /opt/ros/humble
[0.951s] Level 1:colcon.colcon_core.package_discovery:discover_packages(prefix_path) using defaults
[1.043s] Level 5:colcon.colcon_core.verb:set package 'arm_move_joy' build argument 'cmake_args' from command line to 'None'
[1.043s] Level 5:colcon.colcon_core.verb:set package 'arm_move_joy' build argument 'cmake_target' from command line to 'None'
[1.043s] Level 5:colcon.colcon_core.verb:set package 'arm_move_joy' build argument 'cmake_target_skip_unavailable' from command line to 'False'
[1.044s] Level 5:colcon.colcon_core.verb:set package 'arm_move_joy' build argument 'cmake_clean_cache' from command line to 'False'
[1.044s] Level 5:colcon.colcon_core.verb:set package 'arm_move_joy' build argument 'cmake_clean_first' from command line to 'False'
[1.044s] Level 5:colcon.colcon_core.verb:set package 'arm_move_joy' build argument 'cmake_force_configure' from command line to 'False'
[1.044s] Level 5:colcon.colcon_core.verb:set package 'arm_move_joy' build argument 'ament_cmake_args' from command line to 'None'
[1.044s] Level 5:colcon.colcon_core.verb:set package 'arm_move_joy' build argument 'catkin_cmake_args' from command line to 'None'
[1.044s] Level 5:colcon.colcon_core.verb:set package 'arm_move_joy' build argument 'catkin_skip_building_tests' from command line to 'False'
[1.044s] DEBUG:colcon.colcon_core.verb:Building package 'arm_move_joy' with the following arguments: {'ament_cmake_args': None, 'build_base': '/home/bart/goliath_mobile/build/arm_move_joy', 'catkin_cmake_args': None, 'catkin_skip_building_tests': False, 'cmake_args': None, 'cmake_clean_cache': False, 'cmake_clean_first': False, 'cmake_force_configure': False, 'cmake_target': None, 'cmake_target_skip_unavailable': False, 'install_base': '/home/bart/goliath_mobile/install/arm_move_joy', 'merge_install': False, 'path': '/home/bart/goliath_mobile/src/golitath_mobile/goliath/arm_move_joy', 'symlink_install': True, 'test_result_base': None}
[1.044s] Level 5:colcon.colcon_core.verb:set package 'goliath_interfaces' build argument 'cmake_args' from command line to 'None'
[1.044s] Level 5:colcon.colcon_core.verb:set package 'goliath_interfaces' build argument 'cmake_target' from command line to 'None'
[1.044s] Level 5:colcon.colcon_core.verb:set package 'goliath_interfaces' build argument 'cmake_target_skip_unavailable' from command line to 'False'
[1.044s] Level 5:colcon.colcon_core.verb:set package 'goliath_interfaces' build argument 'cmake_clean_cache' from command line to 'False'
[1.044s] Level 5:colcon.colcon_core.verb:set package 'goliath_interfaces' build argument 'cmake_clean_first' from command line to 'False'
[1.044s] Level 5:colcon.colcon_core.verb:set package 'goliath_interfaces' build argument 'cmake_force_configure' from command line to 'False'
[1.045s] Level 5:colcon.colcon_core.verb:set package 'goliath_interfaces' build argument 'ament_cmake_args' from command line to 'None'
[1.045s] Level 5:colcon.colcon_core.verb:set package 'goliath_interfaces' build argument 'catkin_cmake_args' from command line to 'None'
[1.045s] Level 5:colcon.colcon_core.verb:set package 'goliath_interfaces' build argument 'catkin_skip_building_tests' from command line to 'False'
[1.045s] DEBUG:colcon.colcon_core.verb:Building package 'goliath_interfaces' with the following arguments: {'ament_cmake_args': None, 'build_base': '/home/bart/goliath_mobile/build/goliath_interfaces', 'catkin_cmake_args': None, 'catkin_skip_building_tests': False, 'cmake_args': None, 'cmake_clean_cache': False, 'cmake_clean_first': False, 'cmake_force_configure': False, 'cmake_target': None, 'cmake_target_skip_unavailable': False, 'install_base': '/home/bart/goliath_mobile/install/goliath_interfaces', 'merge_install': False, 'path': '/home/bart/goliath_mobile/src/golitath_mobile/goliath/goliath_interfaces', 'symlink_install': True, 'test_result_base': None}
[1.045s] Level 5:colcon.colcon_core.verb:set package 'gripper_description' build argument 'cmake_args' from command line to 'None'
[1.045s] Level 5:colcon.colcon_core.verb:set package 'gripper_description' build argument 'cmake_target' from command line to 'None'
[1.045s] Level 5:colcon.colcon_core.verb:set package 'gripper_description' build argument 'cmake_target_skip_unavailable' from command line to 'False'
[1.045s] Level 5:colcon.colcon_core.verb:set package 'gripper_description' build argument 'cmake_clean_cache' from command line to 'False'
[1.045s] Level 5:colcon.colcon_core.verb:set package 'gripper_description' build argument 'cmake_clean_first' from command line to 'False'
[1.045s] Level 5:colcon.colcon_core.verb:set package 'gripper_description' build argument 'cmake_force_configure' from command line to 'False'
[1.045s] Level 5:colcon.colcon_core.verb:set package 'gripper_description' build argument 'ament_cmake_args' from command line to 'None'
[1.045s] Level 5:colcon.colcon_core.verb:set package 'gripper_description' build argument 'catkin_cmake_args' from command line to 'None'
[1.045s] Level 5:colcon.colcon_core.verb:set package 'gripper_description' build argument 'catkin_skip_building_tests' from command line to 'False'
[1.045s] DEBUG:colcon.colcon_core.verb:Building package 'gripper_description' with the following arguments: {'ament_cmake_args': None, 'build_base': '/home/bart/goliath_mobile/build/gripper_description', 'catkin_cmake_args': None, 'catkin_skip_building_tests': False, 'cmake_args': None, 'cmake_clean_cache': False, 'cmake_clean_first': False, 'cmake_force_configure': False, 'cmake_target': None, 'cmake_target_skip_unavailable': False, 'install_base': '/home/bart/goliath_mobile/install/gripper_description', 'merge_install': False, 'path': '/home/bart/goliath_mobile/src/goliath_gripper/gripper_description', 'symlink_install': True, 'test_result_base': None}
[1.046s] Level 5:colcon.colcon_core.verb:set package 'hoverboard_demo_description' build argument 'cmake_args' from command line to 'None'
[1.046s] Level 5:colcon.colcon_core.verb:set package 'hoverboard_demo_description' build argument 'cmake_target' from command line to 'None'
[1.046s] Level 5:colcon.colcon_core.verb:set package 'hoverboard_demo_description' build argument 'cmake_target_skip_unavailable' from command line to 'False'
[1.046s] Level 5:colcon.colcon_core.verb:set package 'hoverboard_demo_description' build argument 'cmake_clean_cache' from command line to 'False'
[1.046s] Level 5:colcon.colcon_core.verb:set package 'hoverboard_demo_description' build argument 'cmake_clean_first' from command line to 'False'
[1.046s] Level 5:colcon.colcon_core.verb:set package 'hoverboard_demo_description' build argument 'cmake_force_configure' from command line to 'False'
[1.046s] Level 5:colcon.colcon_core.verb:set package 'hoverboard_demo_description' build argument 'ament_cmake_args' from command line to 'None'
[1.046s] Level 5:colcon.colcon_core.verb:set package 'hoverboard_demo_description' build argument 'catkin_cmake_args' from command line to 'None'
[1.046s] Level 5:colcon.colcon_core.verb:set package 'hoverboard_demo_description' build argument 'catkin_skip_building_tests' from command line to 'False'
[1.046s] DEBUG:colcon.colcon_core.verb:Building package 'hoverboard_demo_description' with the following arguments: {'ament_cmake_args': None, 'build_base': '/home/bart/goliath_mobile/build/hoverboard_demo_description', 'catkin_cmake_args': None, 'catkin_skip_building_tests': False, 'cmake_args': None, 'cmake_clean_cache': False, 'cmake_clean_first': False, 'cmake_force_configure': False, 'cmake_target': None, 'cmake_target_skip_unavailable': False, 'install_base': '/home/bart/goliath_mobile/install/hoverboard_demo_description', 'merge_install': False, 'path': '/home/bart/goliath_mobile/src/golitath_mobile/hoverboard_ros2_control/hoverboard_demo_description', 'symlink_install': True, 'test_result_base': None}
[1.047s] Level 5:colcon.colcon_core.verb:set package 'hoverboard_hardware_interface' build argument 'cmake_args' from command line to 'None'
[1.047s] Level 5:colcon.colcon_core.verb:set package 'hoverboard_hardware_interface' build argument 'cmake_target' from command line to 'None'
[1.047s] Level 5:colcon.colcon_core.verb:set package 'hoverboard_hardware_interface' build argument 'cmake_target_skip_unavailable' from command line to 'False'
[1.047s] Level 5:colcon.colcon_core.verb:set package 'hoverboard_hardware_interface' build argument 'cmake_clean_cache' from command line to 'False'
[1.047s] Level 5:colcon.colcon_core.verb:set package 'hoverboard_hardware_interface' build argument 'cmake_clean_first' from command line to 'False'
[1.047s] Level 5:colcon.colcon_core.verb:set package 'hoverboard_hardware_interface' build argument 'cmake_force_configure' from command line to 'False'
[1.047s] Level 5:colcon.colcon_core.verb:set package 'hoverboard_hardware_interface' build argument 'ament_cmake_args' from command line to 'None'
[1.047s] Level 5:colcon.colcon_core.verb:set package 'hoverboard_hardware_interface' build argument 'catkin_cmake_args' from command line to 'None'
[1.047s] Level 5:colcon.colcon_core.verb:set package 'hoverboard_hardware_interface' build argument 'catkin_skip_building_tests' from command line to 'False'
[1.047s] DEBUG:colcon.colcon_core.verb:Building package 'hoverboard_hardware_interface' with the following arguments: {'ament_cmake_args': None, 'build_base': '/home/bart/goliath_mobile/build/hoverboard_hardware_interface', 'catkin_cmake_args': None, 'catkin_skip_building_tests': False, 'cmake_args': None, 'cmake_clean_cache': False, 'cmake_clean_first': False, 'cmake_force_configure': False, 'cmake_target': None, 'cmake_target_skip_unavailable': False, 'install_base': '/home/bart/goliath_mobile/install/hoverboard_hardware_interface', 'merge_install': False, 'path': '/home/bart/goliath_mobile/src/golitath_mobile/hoverboard_ros2_control/hoverboard_hardware_interface', 'symlink_install': True, 'test_result_base': None}
[1.047s] Level 5:colcon.colcon_core.verb:set package 'hoverboard_ros2_control' build argument 'cmake_args' from command line to 'None'
[1.047s] Level 5:colcon.colcon_core.verb:set package 'hoverboard_ros2_control' build argument 'cmake_target' from command line to 'None'
[1.048s] Level 5:colcon.colcon_core.verb:set package 'hoverboard_ros2_control' build argument 'cmake_target_skip_unavailable' from command line to 'False'
[1.048s] Level 5:colcon.colcon_core.verb:set package 'hoverboard_ros2_control' build argument 'cmake_clean_cache' from command line to 'False'
[1.048s] Level 5:colcon.colcon_core.verb:set package 'hoverboard_ros2_control' build argument 'cmake_clean_first' from command line to 'False'
[1.048s] Level 5:colcon.colcon_core.verb:set package 'hoverboard_ros2_control' build argument 'cmake_force_configure' from command line to 'False'
[1.048s] Level 5:colcon.colcon_core.verb:set package 'hoverboard_ros2_control' build argument 'ament_cmake_args' from command line to 'None'
[1.048s] Level 5:colcon.colcon_core.verb:set package 'hoverboard_ros2_control' build argument 'catkin_cmake_args' from command line to 'None'
[1.048s] Level 5:colcon.colcon_core.verb:set package 'hoverboard_ros2_control' build argument 'catkin_skip_building_tests' from command line to 'False'
[1.048s] DEBUG:colcon.colcon_core.verb:Building package 'hoverboard_ros2_control' with the following arguments: {'ament_cmake_args': None, 'build_base': '/home/bart/goliath_mobile/build/hoverboard_ros2_control', 'catkin_cmake_args': None, 'catkin_skip_building_tests': False, 'cmake_args': None, 'cmake_clean_cache': False, 'cmake_clean_first': False, 'cmake_force_configure': False, 'cmake_target': None, 'cmake_target_skip_unavailable': False, 'install_base': '/home/bart/goliath_mobile/install/hoverboard_ros2_control', 'merge_install': False, 'path': '/home/bart/goliath_mobile/src/golitath_mobile/hoverboard_ros2_control/hoverboard_ros2_control', 'symlink_install': True, 'test_result_base': None}
[1.048s] Level 5:colcon.colcon_core.verb:set package 'ros2_control_demo_description' build argument 'cmake_args' from command line to 'None'
[1.048s] Level 5:colcon.colcon_core.verb:set package 'ros2_control_demo_description' build argument 'cmake_target' from command line to 'None'
[1.048s] Level 5:colcon.colcon_core.verb:set package 'ros2_control_demo_description' build argument 'cmake_target_skip_unavailable' from command line to 'False'
[1.048s] Level 5:colcon.colcon_core.verb:set package 'ros2_control_demo_description' build argument 'cmake_clean_cache' from command line to 'False'
[1.048s] Level 5:colcon.colcon_core.verb:set package 'ros2_control_demo_description' build argument 'cmake_clean_first' from command line to 'False'
[1.048s] Level 5:colcon.colcon_core.verb:set package 'ros2_control_demo_description' build argument 'cmake_force_configure' from command line to 'False'
[1.048s] Level 5:colcon.colcon_core.verb:set package 'ros2_control_demo_description' build argument 'ament_cmake_args' from command line to 'None'
[1.048s] Level 5:colcon.colcon_core.verb:set package 'ros2_control_demo_description' build argument 'catkin_cmake_args' from command line to 'None'
[1.049s] Level 5:colcon.colcon_core.verb:set package 'ros2_control_demo_description' build argument 'catkin_skip_building_tests' from command line to 'False'
[1.049s] DEBUG:colcon.colcon_core.verb:Building package 'ros2_control_demo_description' with the following arguments: {'ament_cmake_args': None, 'build_base': '/home/bart/goliath_mobile/build/ros2_control_demo_description', 'catkin_cmake_args': None, 'catkin_skip_building_tests': False, 'cmake_args': None, 'cmake_clean_cache': False, 'cmake_clean_first': False, 'cmake_force_configure': False, 'cmake_target': None, 'cmake_target_skip_unavailable': False, 'install_base': '/home/bart/goliath_mobile/install/ros2_control_demo_description', 'merge_install': False, 'path': '/home/bart/goliath_mobile/src/golitath_mobile/goliath/ros2_control_demo_description', 'symlink_install': True, 'test_result_base': None}
[1.049s] Level 5:colcon.colcon_core.verb:set package 'ros2_control_demo_testing' build argument 'cmake_args' from command line to 'None'
[1.049s] Level 5:colcon.colcon_core.verb:set package 'ros2_control_demo_testing' build argument 'cmake_target' from command line to 'None'
[1.049s] Level 5:colcon.colcon_core.verb:set package 'ros2_control_demo_testing' build argument 'cmake_target_skip_unavailable' from command line to 'False'
[1.049s] Level 5:colcon.colcon_core.verb:set package 'ros2_control_demo_testing' build argument 'cmake_clean_cache' from command line to 'False'
[1.049s] Level 5:colcon.colcon_core.verb:set package 'ros2_control_demo_testing' build argument 'cmake_clean_first' from command line to 'False'
[1.049s] Level 5:colcon.colcon_core.verb:set package 'ros2_control_demo_testing' build argument 'cmake_force_configure' from command line to 'False'
[1.049s] Level 5:colcon.colcon_core.verb:set package 'ros2_control_demo_testing' build argument 'ament_cmake_args' from command line to 'None'
[1.049s] Level 5:colcon.colcon_core.verb:set package 'ros2_control_demo_testing' build argument 'catkin_cmake_args' from command line to 'None'
[1.049s] Level 5:colcon.colcon_core.verb:set package 'ros2_control_demo_testing' build argument 'catkin_skip_building_tests' from command line to 'False'
[1.049s] DEBUG:colcon.colcon_core.verb:Building package 'ros2_control_demo_testing' with the following arguments: {'ament_cmake_args': None, 'build_base': '/home/bart/goliath_mobile/build/ros2_control_demo_testing', 'catkin_cmake_args': None, 'catkin_skip_building_tests': False, 'cmake_args': None, 'cmake_clean_cache': False, 'cmake_clean_first': False, 'cmake_force_configure': False, 'cmake_target': None, 'cmake_target_skip_unavailable': False, 'install_base': '/home/bart/goliath_mobile/install/ros2_control_demo_testing', 'merge_install': False, 'path': '/home/bart/goliath_mobile/src/golitath_mobile/goliath/ros2_control_demo_testing', 'symlink_install': True, 'test_result_base': None}
[1.050s] Level 5:colcon.colcon_core.verb:set package 'rplidar_ros' build argument 'cmake_args' from command line to 'None'
[1.050s] Level 5:colcon.colcon_core.verb:set package 'rplidar_ros' build argument 'cmake_target' from command line to 'None'
[1.050s] Level 5:colcon.colcon_core.verb:set package 'rplidar_ros' build argument 'cmake_target_skip_unavailable' from command line to 'False'
[1.050s] Level 5:colcon.colcon_core.verb:set package 'rplidar_ros' build argument 'cmake_clean_cache' from command line to 'False'
[1.050s] Level 5:colcon.colcon_core.verb:set package 'rplidar_ros' build argument 'cmake_clean_first' from command line to 'False'
[1.050s] Level 5:colcon.colcon_core.verb:set package 'rplidar_ros' build argument 'cmake_force_configure' from command line to 'False'
[1.050s] Level 5:colcon.colcon_core.verb:set package 'rplidar_ros' build argument 'ament_cmake_args' from command line to 'None'
[1.050s] Level 5:colcon.colcon_core.verb:set package 'rplidar_ros' build argument 'catkin_cmake_args' from command line to 'None'
[1.050s] Level 5:colcon.colcon_core.verb:set package 'rplidar_ros' build argument 'catkin_skip_building_tests' from command line to 'False'
[1.050s] DEBUG:colcon.colcon_core.verb:Building package 'rplidar_ros' with the following arguments: {'ament_cmake_args': None, 'build_base': '/home/bart/goliath_mobile/build/rplidar_ros', 'catkin_cmake_args': None, 'catkin_skip_building_tests': False, 'cmake_args': None, 'cmake_clean_cache': False, 'cmake_clean_first': False, 'cmake_force_configure': False, 'cmake_target': None, 'cmake_target_skip_unavailable': False, 'install_base': '/home/bart/goliath_mobile/install/rplidar_ros', 'merge_install': False, 'path': '/home/bart/goliath_mobile/src/rplidar_ros', 'symlink_install': True, 'test_result_base': None}
[1.051s] Level 5:colcon.colcon_core.verb:set package 'goliath_commander_cpp' build argument 'cmake_args' from command line to 'None'
[1.051s] Level 5:colcon.colcon_core.verb:set package 'goliath_commander_cpp' build argument 'cmake_target' from command line to 'None'
[1.051s] Level 5:colcon.colcon_core.verb:set package 'goliath_commander_cpp' build argument 'cmake_target_skip_unavailable' from command line to 'False'
[1.051s] Level 5:colcon.colcon_core.verb:set package 'goliath_commander_cpp' build argument 'cmake_clean_cache' from command line to 'False'
[1.051s] Level 5:colcon.colcon_core.verb:set package 'goliath_commander_cpp' build argument 'cmake_clean_first' from command line to 'False'
[1.051s] Level 5:colcon.colcon_core.verb:set package 'goliath_commander_cpp' build argument 'cmake_force_configure' from command line to 'False'
[1.051s] Level 5:colcon.colcon_core.verb:set package 'goliath_commander_cpp' build argument 'ament_cmake_args' from command line to 'None'
[1.051s] Level 5:colcon.colcon_core.verb:set package 'goliath_commander_cpp' build argument 'catkin_cmake_args' from command line to 'None'
[1.051s] Level 5:colcon.colcon_core.verb:set package 'goliath_commander_cpp' build argument 'catkin_skip_building_tests' from command line to 'False'
[1.051s] DEBUG:colcon.colcon_core.verb:Building package 'goliath_commander_cpp' with the following arguments: {'ament_cmake_args': None, 'build_base': '/home/bart/goliath_mobile/build/goliath_commander_cpp', 'catkin_cmake_args': None, 'catkin_skip_building_tests': False, 'cmake_args': None, 'cmake_clean_cache': False, 'cmake_clean_first': False, 'cmake_force_configure': False, 'cmake_target': None, 'cmake_target_skip_unavailable': False, 'install_base': '/home/bart/goliath_mobile/install/goliath_commander_cpp', 'merge_install': False, 'path': '/home/bart/goliath_mobile/src/golitath_mobile/goliath/goliath_commander_cpp', 'symlink_install': True, 'test_result_base': None}
[1.051s] Level 5:colcon.colcon_core.verb:set package 'goliath_controller' build argument 'cmake_args' from command line to 'None'
[1.051s] Level 5:colcon.colcon_core.verb:set package 'goliath_controller' build argument 'cmake_target' from command line to 'None'
[1.051s] Level 5:colcon.colcon_core.verb:set package 'goliath_controller' build argument 'cmake_target_skip_unavailable' from command line to 'False'
[1.052s] Level 5:colcon.colcon_core.verb:set package 'goliath_controller' build argument 'cmake_clean_cache' from command line to 'False'
[1.052s] Level 5:colcon.colcon_core.verb:set package 'goliath_controller' build argument 'cmake_clean_first' from command line to 'False'
[1.052s] Level 5:colcon.colcon_core.verb:set package 'goliath_controller' build argument 'cmake_force_configure' from command line to 'False'
[1.052s] Level 5:colcon.colcon_core.verb:set package 'goliath_controller' build argument 'ament_cmake_args' from command line to 'None'
[1.052s] Level 5:colcon.colcon_core.verb:set package 'goliath_controller' build argument 'catkin_cmake_args' from command line to 'None'
[1.052s] Level 5:colcon.colcon_core.verb:set package 'goliath_controller' build argument 'catkin_skip_building_tests' from command line to 'False'
[1.052s] DEBUG:colcon.colcon_core.verb:Building package 'goliath_controller' with the following arguments: {'ament_cmake_args': None, 'build_base': '/home/bart/goliath_mobile/build/goliath_controller', 'catkin_cmake_args': None, 'catkin_skip_building_tests': False, 'cmake_args': None, 'cmake_clean_cache': False, 'cmake_clean_first': False, 'cmake_force_configure': False, 'cmake_target': None, 'cmake_target_skip_unavailable': False, 'install_base': '/home/bart/goliath_mobile/install/goliath_controller', 'merge_install': False, 'path': '/home/bart/goliath_mobile/src/golitath_mobile/goliath/goliath_controller', 'symlink_install': True, 'test_result_base': None}
[1.052s] Level 5:colcon.colcon_core.verb:set package 'gripper_controller' build argument 'cmake_args' from command line to 'None'
[1.052s] Level 5:colcon.colcon_core.verb:set package 'gripper_controller' build argument 'cmake_target' from command line to 'None'
[1.052s] Level 5:colcon.colcon_core.verb:set package 'gripper_controller' build argument 'cmake_target_skip_unavailable' from command line to 'False'
[1.052s] Level 5:colcon.colcon_core.verb:set package 'gripper_controller' build argument 'cmake_clean_cache' from command line to 'False'
[1.052s] Level 5:colcon.colcon_core.verb:set package 'gripper_controller' build argument 'cmake_clean_first' from command line to 'False'
[1.052s] Level 5:colcon.colcon_core.verb:set package 'gripper_controller' build argument 'cmake_force_configure' from command line to 'False'
[1.052s] Level 5:colcon.colcon_core.verb:set package 'gripper_controller' build argument 'ament_cmake_args' from command line to 'None'
[1.052s] Level 5:colcon.colcon_core.verb:set package 'gripper_controller' build argument 'catkin_cmake_args' from command line to 'None'
[1.052s] Level 5:colcon.colcon_core.verb:set package 'gripper_controller' build argument 'catkin_skip_building_tests' from command line to 'False'
[1.053s] DEBUG:colcon.colcon_core.verb:Building package 'gripper_controller' with the following arguments: {'ament_cmake_args': None, 'build_base': '/home/bart/goliath_mobile/build/gripper_controller', 'catkin_cmake_args': None, 'catkin_skip_building_tests': False, 'cmake_args': None, 'cmake_clean_cache': False, 'cmake_clean_first': False, 'cmake_force_configure': False, 'cmake_target': None, 'cmake_target_skip_unavailable': False, 'install_base': '/home/bart/goliath_mobile/install/gripper_controller', 'merge_install': False, 'path': '/home/bart/goliath_mobile/src/goliath_gripper/gripper_controller', 'symlink_install': True, 'test_result_base': None}
[1.053s] Level 5:colcon.colcon_core.verb:set package 'hoverboard_demo_bringup' build argument 'cmake_args' from command line to 'None'
[1.053s] Level 5:colcon.colcon_core.verb:set package 'hoverboard_demo_bringup' build argument 'cmake_target' from command line to 'None'
[1.053s] Level 5:colcon.colcon_core.verb:set package 'hoverboard_demo_bringup' build argument 'cmake_target_skip_unavailable' from command line to 'False'
[1.053s] Level 5:colcon.colcon_core.verb:set package 'hoverboard_demo_bringup' build argument 'cmake_clean_cache' from command line to 'False'
[1.053s] Level 5:colcon.colcon_core.verb:set package 'hoverboard_demo_bringup' build argument 'cmake_clean_first' from command line to 'False'
[1.053s] Level 5:colcon.colcon_core.verb:set package 'hoverboard_demo_bringup' build argument 'cmake_force_configure' from command line to 'False'
[1.053s] Level 5:colcon.colcon_core.verb:set package 'hoverboard_demo_bringup' build argument 'ament_cmake_args' from command line to 'None'
[1.053s] Level 5:colcon.colcon_core.verb:set package 'hoverboard_demo_bringup' build argument 'catkin_cmake_args' from command line to 'None'
[1.053s] Level 5:colcon.colcon_core.verb:set package 'hoverboard_demo_bringup' build argument 'catkin_skip_building_tests' from command line to 'False'
[1.053s] DEBUG:colcon.colcon_core.verb:Building package 'hoverboard_demo_bringup' with the following arguments: {'ament_cmake_args': None, 'build_base': '/home/bart/goliath_mobile/build/hoverboard_demo_bringup', 'catkin_cmake_args': None, 'catkin_skip_building_tests': False, 'cmake_args': None, 'cmake_clean_cache': False, 'cmake_clean_first': False, 'cmake_force_configure': False, 'cmake_target': None, 'cmake_target_skip_unavailable': False, 'install_base': '/home/bart/goliath_mobile/install/hoverboard_demo_bringup', 'merge_install': False, 'path': '/home/bart/goliath_mobile/src/golitath_mobile/hoverboard_ros2_control/hoverboard_demo_bringup', 'symlink_install': True, 'test_result_base': None}
[1.054s] Level 5:colcon.colcon_core.verb:set package 'goliath_moveit_config' build argument 'cmake_args' from command line to 'None'
[1.054s] Level 5:colcon.colcon_core.verb:set package 'goliath_moveit_config' build argument 'cmake_target' from command line to 'None'
[1.054s] Level 5:colcon.colcon_core.verb:set package 'goliath_moveit_config' build argument 'cmake_target_skip_unavailable' from command line to 'False'
[1.054s] Level 5:colcon.colcon_core.verb:set package 'goliath_moveit_config' build argument 'cmake_clean_cache' from command line to 'False'
[1.054s] Level 5:colcon.colcon_core.verb:set package 'goliath_moveit_config' build argument 'cmake_clean_first' from command line to 'False'
[1.054s] Level 5:colcon.colcon_core.verb:set package 'goliath_moveit_config' build argument 'cmake_force_configure' from command line to 'False'
[1.054s] Level 5:colcon.colcon_core.verb:set package 'goliath_moveit_config' build argument 'ament_cmake_args' from command line to 'None'
[1.054s] Level 5:colcon.colcon_core.verb:set package 'goliath_moveit_config' build argument 'catkin_cmake_args' from command line to 'None'
[1.054s] Level 5:colcon.colcon_core.verb:set package 'goliath_moveit_config' build argument 'catkin_skip_building_tests' from command line to 'False'
[1.054s] DEBUG:colcon.colcon_core.verb:Building package 'goliath_moveit_config' with the following arguments: {'ament_cmake_args': None, 'build_base': '/home/bart/goliath_mobile/build/goliath_moveit_config', 'catkin_cmake_args': None, 'catkin_skip_building_tests': False, 'cmake_args': None, 'cmake_clean_cache': False, 'cmake_clean_first': False, 'cmake_force_configure': False, 'cmake_target': None, 'cmake_target_skip_unavailable': False, 'install_base': '/home/bart/goliath_mobile/install/goliath_moveit_config', 'merge_install': False, 'path': '/home/bart/goliath_mobile/src/goliath_moveit_config', 'symlink_install': True, 'test_result_base': None}
[1.055s] Level 5:colcon.colcon_core.verb:set package 'moveit' build argument 'cmake_args' from command line to 'None'
[1.055s] Level 5:colcon.colcon_core.verb:set package 'moveit' build argument 'cmake_target' from command line to 'None'
[1.055s] Level 5:colcon.colcon_core.verb:set package 'moveit' build argument 'cmake_target_skip_unavailable' from command line to 'False'
[1.055s] Level 5:colcon.colcon_core.verb:set package 'moveit' build argument 'cmake_clean_cache' from command line to 'False'
[1.055s] Level 5:colcon.colcon_core.verb:set package 'moveit' build argument 'cmake_clean_first' from command line to 'False'
[1.055s] Level 5:colcon.colcon_core.verb:set package 'moveit' build argument 'cmake_force_configure' from command line to 'False'
[1.055s] Level 5:colcon.colcon_core.verb:set package 'moveit' build argument 'ament_cmake_args' from command line to 'None'
[1.055s] Level 5:colcon.colcon_core.verb:set package 'moveit' build argument 'catkin_cmake_args' from command line to 'None'
[1.055s] Level 5:colcon.colcon_core.verb:set package 'moveit' build argument 'catkin_skip_building_tests' from command line to 'False'
[1.055s] DEBUG:colcon.colcon_core.verb:Building package 'moveit' with the following arguments: {'ament_cmake_args': None, 'build_base': '/home/bart/goliath_mobile/build/moveit', 'catkin_cmake_args': None, 'catkin_skip_building_tests': False, 'cmake_args': None, 'cmake_clean_cache': False, 'cmake_clean_first': False, 'cmake_force_configure': False, 'cmake_target': None, 'cmake_target_skip_unavailable': False, 'install_base': '/home/bart/goliath_mobile/install/moveit', 'merge_install': False, 'path': '/home/bart/goliath_mobile/src/golitath_mobile/moveit', 'symlink_install': True, 'test_result_base': None}
[1.055s] Level 5:colcon.colcon_core.verb:set package 'ros2_control_demos' build argument 'cmake_args' from command line to 'None'
[1.055s] Level 5:colcon.colcon_core.verb:set package 'ros2_control_demos' build argument 'cmake_target' from command line to 'None'
[1.055s] Level 5:colcon.colcon_core.verb:set package 'ros2_control_demos' build argument 'cmake_target_skip_unavailable' from command line to 'False'
[1.055s] Level 5:colcon.colcon_core.verb:set package 'ros2_control_demos' build argument 'cmake_clean_cache' from command line to 'False'
[1.055s] Level 5:colcon.colcon_core.verb:set package 'ros2_control_demos' build argument 'cmake_clean_first' from command line to 'False'
[1.056s] Level 5:colcon.colcon_core.verb:set package 'ros2_control_demos' build argument 'cmake_force_configure' from command line to 'False'
[1.056s] Level 5:colcon.colcon_core.verb:set package 'ros2_control_demos' build argument 'ament_cmake_args' from command line to 'None'
[1.056s] Level 5:colcon.colcon_core.verb:set package 'ros2_control_demos' build argument 'catkin_cmake_args' from command line to 'None'
[1.056s] Level 5:colcon.colcon_core.verb:set package 'ros2_control_demos' build argument 'catkin_skip_building_tests' from command line to 'False'
[1.056s] DEBUG:colcon.colcon_core.verb:Building package 'ros2_control_demos' with the following arguments: {'ament_cmake_args': None, 'build_base': '/home/bart/goliath_mobile/build/ros2_control_demos', 'catkin_cmake_args': None, 'catkin_skip_building_tests': False, 'cmake_args': None, 'cmake_clean_cache': False, 'cmake_clean_first': False, 'cmake_force_configure': False, 'cmake_target': None, 'cmake_target_skip_unavailable': False, 'install_base': '/home/bart/goliath_mobile/install/ros2_control_demos', 'merge_install': False, 'path': '/home/bart/goliath_mobile/src/golitath_mobile/goliath/ros2_control_demos', 'symlink_install': True, 'test_result_base': None}
[1.056s] INFO:colcon.colcon_core.executor:Executing jobs using 'parallel' executor
[1.057s] DEBUG:colcon.colcon_parallel_executor.executor.parallel:run_until_complete
[1.058s] INFO:colcon.colcon_ros.task.ament_cmake.build:Building ROS package in '/home/bart/goliath_mobile/src/golitath_mobile/goliath/ros2_control_demo_description' with build type 'ament_cmake'
[1.058s] INFO:colcon.colcon_cmake.task.cmake.build:Building CMake package in '/home/bart/goliath_mobile/src/golitath_mobile/goliath/ros2_control_demo_description'
[1.066s] INFO:colcon.colcon_core.plugin_system:Skipping extension 'colcon_core.shell.bat': Not used on non-Windows systems
[1.067s] INFO:colcon.colcon_core.shell:Skip shell extension 'powershell' for command environment: Not usable outside of PowerShell
[1.067s] DEBUG:colcon.colcon_core.shell:Skip shell extension 'dsv' for command environment
[1.074s] INFO:colcon.colcon_ros.task.ament_python.build:Building ROS package in '/home/bart/goliath_mobile/src/golitath_mobile/goliath/ros2_control_demo_testing' with build type 'ament_python'
[1.074s] Level 1:colcon.colcon_core.shell:create_environment_hook('ros2_control_demo_testing', 'ament_prefix_path')
[1.075s] INFO:colcon.colcon_core.shell:Creating environment hook '/home/bart/goliath_mobile/install/ros2_control_demo_testing/share/ros2_control_demo_testing/hook/ament_prefix_path.ps1'
[1.076s] INFO:colcon.colcon_core.shell:Creating environment descriptor '/home/bart/goliath_mobile/install/ros2_control_demo_testing/share/ros2_control_demo_testing/hook/ament_prefix_path.dsv'
[1.077s] INFO:colcon.colcon_core.shell:Creating environment hook '/home/bart/goliath_mobile/install/ros2_control_demo_testing/share/ros2_control_demo_testing/hook/ament_prefix_path.sh'
[1.078s] INFO:colcon.colcon_core.shell:Skip shell extension 'powershell' for command environment: Not usable outside of PowerShell
[1.078s] DEBUG:colcon.colcon_core.shell:Skip shell extension 'dsv' for command environment
[1.085s] INFO:colcon.colcon_ros.task.ament_cmake.build:Building ROS package in '/home/bart/goliath_mobile/src/golitath_mobile/goliath/goliath_interfaces' with build type 'ament_cmake'
[1.086s] INFO:colcon.colcon_cmake.task.cmake.build:Building CMake package in '/home/bart/goliath_mobile/src/golitath_mobile/goliath/goliath_interfaces'
[1.087s] INFO:colcon.colcon_core.shell:Skip shell extension 'powershell' for command environment: Not usable outside of PowerShell
[1.087s] DEBUG:colcon.colcon_core.shell:Skip shell extension 'dsv' for command environment
[1.099s] INFO:colcon.colcon_ros.task.ament_cmake.build:Building ROS package in '/home/bart/goliath_mobile/src/golitath_mobile/hoverboard_ros2_control/hoverboard_demo_description' with build type 'ament_cmake'
[1.099s] INFO:colcon.colcon_cmake.task.cmake.build:Building CMake package in '/home/bart/goliath_mobile/src/golitath_mobile/hoverboard_ros2_control/hoverboard_demo_description'
[1.100s] INFO:colcon.colcon_core.shell:Skip shell extension 'powershell' for command environment: Not usable outside of PowerShell
[1.100s] DEBUG:colcon.colcon_core.shell:Skip shell extension 'dsv' for command environment
[1.117s] DEBUG:colcon.colcon_core.event_handler.log_command:Invoking command in '/home/bart/goliath_mobile/build/ros2_control_demo_description': CMAKE_PREFIX_PATH=${CMAKE_PREFIX_PATH}:/home/bart/goliath_mobile/install/ros2_control_demo_testing:/home/bart/goliath_mobile/install/gripper_description:/opt/ros/humble /usr/bin/cmake --build /home/bart/goliath_mobile/build/ros2_control_demo_description -- -j4 -l4
[1.537s] INFO:colcon.colcon_core.task.python.build:Building Python package in '/home/bart/goliath_mobile/src/golitath_mobile/goliath/ros2_control_demo_testing'
[1.537s] INFO:colcon.colcon_core.shell:Skip shell extension 'powershell' for command environment: Not usable outside of PowerShell
[1.537s] DEBUG:colcon.colcon_core.shell:Skip shell extension 'dsv' for command environment
[1.551s] DEBUG:colcon.colcon_core.event_handler.log_command:Invoking command in '/home/bart/goliath_mobile/build/goliath_interfaces': CMAKE_PREFIX_PATH=${CMAKE_PREFIX_PATH}:/home/bart/goliath_mobile/install/ros2_control_demo_testing:/home/bart/goliath_mobile/install/gripper_description:/opt/ros/humble /usr/bin/cmake --build /home/bart/goliath_mobile/build/goliath_interfaces -- -j4 -l4
[1.559s] DEBUG:colcon.colcon_core.event_handler.log_command:Invoking command in '/home/bart/goliath_mobile/build/hoverboard_demo_description': CMAKE_PREFIX_PATH=${CMAKE_PREFIX_PATH}:/home/bart/goliath_mobile/install/ros2_control_demo_testing:/home/bart/goliath_mobile/install/gripper_description:/opt/ros/humble /usr/bin/cmake --build /home/bart/goliath_mobile/build/hoverboard_demo_description -- -j4 -l4
[1.561s] DEBUG:colcon.colcon_core.event_handler.log_command:Invoked command in '/home/bart/goliath_mobile/build/ros2_control_demo_description' returned '0': CMAKE_PREFIX_PATH=${CMAKE_PREFIX_PATH}:/home/bart/goliath_mobile/install/ros2_control_demo_testing:/home/bart/goliath_mobile/install/gripper_description:/opt/ros/humble /usr/bin/cmake --build /home/bart/goliath_mobile/build/ros2_control_demo_description -- -j4 -l4
[1.581s] DEBUG:colcon.colcon_core.event_handler.log_command:Invoking command in '/home/bart/goliath_mobile/build/ros2_control_demo_description': CMAKE_PREFIX_PATH=${CMAKE_PREFIX_PATH}:/home/bart/goliath_mobile/install/ros2_control_demo_testing:/home/bart/goliath_mobile/install/gripper_description:/opt/ros/humble /usr/bin/cmake --install /home/bart/goliath_mobile/build/ros2_control_demo_description
[1.656s] Level 1:colcon.colcon_core.environment:create_environment_scripts_only(ros2_control_demo_description)
[1.657s] DEBUG:colcon.colcon_core.event_handler.log_command:Invoked command in '/home/bart/goliath_mobile/build/ros2_control_demo_description' returned '0': CMAKE_PREFIX_PATH=${CMAKE_PREFIX_PATH}:/home/bart/goliath_mobile/install/ros2_control_demo_testing:/home/bart/goliath_mobile/install/gripper_description:/opt/ros/humble /usr/bin/cmake --install /home/bart/goliath_mobile/build/ros2_control_demo_description
[1.678s] Level 1:colcon.colcon_core.environment:checking '/home/bart/goliath_mobile/install/ros2_control_demo_description' for CMake module files
[1.680s] Level 1:colcon.colcon_core.environment:checking '/home/bart/goliath_mobile/install/ros2_control_demo_description' for CMake config files
[1.686s] Level 1:colcon.colcon_core.shell:create_environment_hook('ros2_control_demo_description', 'cmake_prefix_path')
[1.687s] INFO:colcon.colcon_core.shell:Creating environment hook '/home/bart/goliath_mobile/install/ros2_control_demo_description/share/ros2_control_demo_description/hook/cmake_prefix_path.ps1'
[1.688s] INFO:colcon.colcon_core.shell:Creating environment descriptor '/home/bart/goliath_mobile/install/ros2_control_demo_description/share/ros2_control_demo_description/hook/cmake_prefix_path.dsv'
[1.691s] INFO:colcon.colcon_core.shell:Creating environment hook '/home/bart/goliath_mobile/install/ros2_control_demo_description/share/ros2_control_demo_description/hook/cmake_prefix_path.sh'
[1.694s] Level 1:colcon.colcon_core.environment:checking '/home/bart/goliath_mobile/install/ros2_control_demo_description/bin'
[1.697s] Level 1:colcon.colcon_core.environment:checking '/home/bart/goliath_mobile/install/ros2_control_demo_description/lib/pkgconfig/ros2_control_demo_description.pc'
[1.698s] Level 1:colcon.colcon_core.environment:checking '/home/bart/goliath_mobile/install/ros2_control_demo_description/lib/python3.10/site-packages'
[1.699s] Level 1:colcon.colcon_core.environment:checking '/home/bart/goliath_mobile/install/ros2_control_demo_description/bin'
[1.703s] INFO:colcon.colcon_core.shell:Creating package script '/home/bart/goliath_mobile/install/ros2_control_demo_description/share/ros2_control_demo_description/package.ps1'
[1.711s] INFO:colcon.colcon_core.shell:Creating package descriptor '/home/bart/goliath_mobile/install/ros2_control_demo_description/share/ros2_control_demo_description/package.dsv'
[1.715s] INFO:colcon.colcon_core.shell:Creating package script '/home/bart/goliath_mobile/install/ros2_control_demo_description/share/ros2_control_demo_description/package.sh'
[1.717s] INFO:colcon.colcon_core.shell:Creating package script '/home/bart/goliath_mobile/install/ros2_control_demo_description/share/ros2_control_demo_description/package.bash'
[1.721s] INFO:colcon.colcon_core.shell:Creating package script '/home/bart/goliath_mobile/install/ros2_control_demo_description/share/ros2_control_demo_description/package.zsh'
[1.724s] Level 1:colcon.colcon_core.environment:create_file_with_runtime_dependencies(/home/bart/goliath_mobile/install/ros2_control_demo_description/share/colcon-core/packages/ros2_control_demo_description)
[1.729s] Level 1:colcon.colcon_core.environment:create_environment_scripts_only(ros2_control_demo_description)
[1.730s] Level 1:colcon.colcon_core.environment:checking '/home/bart/goliath_mobile/install/ros2_control_demo_description' for CMake module files
[1.733s] Level 1:colcon.colcon_core.environment:checking '/home/bart/goliath_mobile/install/ros2_control_demo_description' for CMake config files
[1.735s] Level 1:colcon.colcon_core.shell:create_environment_hook('ros2_control_demo_description', 'cmake_prefix_path')
[1.736s] INFO:colcon.colcon_core.shell:Creating environment hook '/home/bart/goliath_mobile/install/ros2_control_demo_description/share/ros2_control_demo_description/hook/cmake_prefix_path.ps1'
[1.744s] INFO:colcon.colcon_core.shell:Creating environment descriptor '/home/bart/goliath_mobile/install/ros2_control_demo_description/share/ros2_control_demo_description/hook/cmake_prefix_path.dsv'
[1.745s] INFO:colcon.colcon_core.shell:Creating environment hook '/home/bart/goliath_mobile/install/ros2_control_demo_description/share/ros2_control_demo_description/hook/cmake_prefix_path.sh'
[1.750s] Level 1:colcon.colcon_core.environment:checking '/home/bart/goliath_mobile/install/ros2_control_demo_description/bin'
[1.750s] Level 1:colcon.colcon_core.environment:checking '/home/bart/goliath_mobile/install/ros2_control_demo_description/lib/pkgconfig/ros2_control_demo_description.pc'
[1.751s] Level 1:colcon.colcon_core.environment:checking '/home/bart/goliath_mobile/install/ros2_control_demo_description/lib/python3.10/site-packages'
[1.755s] Level 1:colcon.colcon_core.environment:checking '/home/bart/goliath_mobile/install/ros2_control_demo_description/bin'
[1.756s] INFO:colcon.colcon_core.shell:Creating package script '/home/bart/goliath_mobile/install/ros2_control_demo_description/share/ros2_control_demo_description/package.ps1'
[1.763s] INFO:colcon.colcon_core.shell:Creating package descriptor '/home/bart/goliath_mobile/install/ros2_control_demo_description/share/ros2_control_demo_description/package.dsv'
[1.767s] INFO:colcon.colcon_core.shell:Creating package script '/home/bart/goliath_mobile/install/ros2_control_demo_description/share/ros2_control_demo_description/package.sh'
[1.769s] INFO:colcon.colcon_core.shell:Creating package script '/home/bart/goliath_mobile/install/ros2_control_demo_description/share/ros2_control_demo_description/package.bash'
[1.770s] INFO:colcon.colcon_core.shell:Creating package script '/home/bart/goliath_mobile/install/ros2_control_demo_description/share/ros2_control_demo_description/package.zsh'
[1.771s] Level 1:colcon.colcon_core.environment:create_file_with_runtime_dependencies(/home/bart/goliath_mobile/install/ros2_control_demo_description/share/colcon-core/packages/ros2_control_demo_description)
[1.774s] INFO:colcon.colcon_ros.task.ament_cmake.build:Building ROS package in '/home/bart/goliath_mobile/src/golitath_mobile/goliath/arm_move_joy' with build type 'ament_cmake'
[1.775s] INFO:colcon.colcon_cmake.task.cmake.build:Building CMake package in '/home/bart/goliath_mobile/src/golitath_mobile/goliath/arm_move_joy'
[1.775s] INFO:colcon.colcon_core.shell:Skip shell extension 'powershell' for command environment: Not usable outside of PowerShell
[1.778s] DEBUG:colcon.colcon_core.shell:Skip shell extension 'dsv' for command environment
[1.817s] DEBUG:colcon.colcon_core.event_handler.log_command:Invoked command in '/home/bart/goliath_mobile/build/hoverboard_demo_description' returned '0': CMAKE_PREFIX_PATH=${CMAKE_PREFIX_PATH}:/home/bart/goliath_mobile/install/ros2_control_demo_testing:/home/bart/goliath_mobile/install/gripper_description:/opt/ros/humble /usr/bin/cmake --build /home/bart/goliath_mobile/build/hoverboard_demo_description -- -j4 -l4
[1.829s] DEBUG:colcon.colcon_core.event_handler.log_command:Invoking command in '/home/bart/goliath_mobile/build/hoverboard_demo_description': CMAKE_PREFIX_PATH=${CMAKE_PREFIX_PATH}:/home/bart/goliath_mobile/install/ros2_control_demo_testing:/home/bart/goliath_mobile/install/gripper_description:/opt/ros/humble /usr/bin/cmake --install /home/bart/goliath_mobile/build/hoverboard_demo_description
[1.842s] DEBUG:colcon.colcon_core.event_handler.log_command:Invoking command in '/home/bart/goliath_mobile/build/arm_move_joy': CMAKE_PREFIX_PATH=${CMAKE_PREFIX_PATH}:/home/bart/goliath_mobile/install/ros2_control_demo_testing:/home/bart/goliath_mobile/install/gripper_description:/opt/ros/humble /usr/bin/cmake --build /home/bart/goliath_mobile/build/arm_move_joy -- -j4 -l4
[1.933s] Level 1:colcon.colcon_core.environment:create_environment_scripts_only(hoverboard_demo_description)
[1.934s] Level 1:colcon.colcon_core.environment:checking '/home/bart/goliath_mobile/install/hoverboard_demo_description' for CMake module files
[1.936s] DEBUG:colcon.colcon_core.event_handler.log_command:Invoked command in '/home/bart/goliath_mobile/build/hoverboard_demo_description' returned '0': CMAKE_PREFIX_PATH=${CMAKE_PREFIX_PATH}:/home/bart/goliath_mobile/install/ros2_control_demo_testing:/home/bart/goliath_mobile/install/gripper_description:/opt/ros/humble /usr/bin/cmake --install /home/bart/goliath_mobile/build/hoverboard_demo_description
[1.936s] Level 1:colcon.colcon_core.environment:checking '/home/bart/goliath_mobile/install/hoverboard_demo_description' for CMake config files
[1.940s] Level 1:colcon.colcon_core.shell:create_environment_hook('hoverboard_demo_description', 'cmake_prefix_path')
[1.941s] INFO:colcon.colcon_core.shell:Creating environment hook '/home/bart/goliath_mobile/install/hoverboard_demo_description/share/hoverboard_demo_description/hook/cmake_prefix_path.ps1'
[1.942s] INFO:colcon.colcon_core.shell:Creating environment descriptor '/home/bart/goliath_mobile/install/hoverboard_demo_description/share/hoverboard_demo_description/hook/cmake_prefix_path.dsv'
[1.943s] INFO:colcon.colcon_core.shell:Creating environment hook '/home/bart/goliath_mobile/install/hoverboard_demo_description/share/hoverboard_demo_description/hook/cmake_prefix_path.sh'
[1.944s] Level 1:colcon.colcon_core.environment:checking '/home/bart/goliath_mobile/install/hoverboard_demo_description/bin'
[1.944s] Level 1:colcon.colcon_core.environment:checking '/home/bart/goliath_mobile/install/hoverboard_demo_description/lib/pkgconfig/hoverboard_demo_description.pc'
[1.945s] Level 1:colcon.colcon_core.environment:checking '/home/bart/goliath_mobile/install/hoverboard_demo_description/lib/python3.10/site-packages'
[1.946s] Level 1:colcon.colcon_core.environment:checking '/home/bart/goliath_mobile/install/hoverboard_demo_description/bin'
[1.947s] INFO:colcon.colcon_core.shell:Creating package script '/home/bart/goliath_mobile/install/hoverboard_demo_description/share/hoverboard_demo_description/package.ps1'
[1.949s] INFO:colcon.colcon_core.shell:Creating package descriptor '/home/bart/goliath_mobile/install/hoverboard_demo_description/share/hoverboard_demo_description/package.dsv'
[1.950s] INFO:colcon.colcon_core.shell:Creating package script '/home/bart/goliath_mobile/install/hoverboard_demo_description/share/hoverboard_demo_description/package.sh'
[1.951s] INFO:colcon.colcon_core.shell:Creating package script '/home/bart/goliath_mobile/install/hoverboard_demo_description/share/hoverboard_demo_description/package.bash'
[1.952s] INFO:colcon.colcon_core.shell:Creating package script '/home/bart/goliath_mobile/install/hoverboard_demo_description/share/hoverboard_demo_description/package.zsh'
[1.953s] Level 1:colcon.colcon_core.environment:create_file_with_runtime_dependencies(/home/bart/goliath_mobile/install/hoverboard_demo_description/share/colcon-core/packages/hoverboard_demo_description)
[1.954s] Level 1:colcon.colcon_core.environment:create_environment_scripts_only(hoverboard_demo_description)
[1.955s] Level 1:colcon.colcon_core.environment:checking '/home/bart/goliath_mobile/install/hoverboard_demo_description' for CMake module files
[1.956s] Level 1:colcon.colcon_core.environment:checking '/home/bart/goliath_mobile/install/hoverboard_demo_description' for CMake config files
[1.957s] Level 1:colcon.colcon_core.shell:create_environment_hook('hoverboard_demo_description', 'cmake_prefix_path')
[1.958s] INFO:colcon.colcon_core.shell:Creating environment hook '/home/bart/goliath_mobile/install/hoverboard_demo_description/share/hoverboard_demo_description/hook/cmake_prefix_path.ps1'
[1.959s] INFO:colcon.colcon_core.shell:Creating environment descriptor '/home/bart/goliath_mobile/install/hoverboard_demo_description/share/hoverboard_demo_description/hook/cmake_prefix_path.dsv'
[1.960s] INFO:colcon.colcon_core.shell:Creating environment hook '/home/bart/goliath_mobile/install/hoverboard_demo_description/share/hoverboard_demo_description/hook/cmake_prefix_path.sh'
[1.961s] Level 1:colcon.colcon_core.environment:checking '/home/bart/goliath_mobile/install/hoverboard_demo_description/bin'
[1.962s] Level 1:colcon.colcon_core.environment:checking '/home/bart/goliath_mobile/install/hoverboard_demo_description/lib/pkgconfig/hoverboard_demo_description.pc'
[1.963s] Level 1:colcon.colcon_core.environment:checking '/home/bart/goliath_mobile/install/hoverboard_demo_description/lib/python3.10/site-packages'
[1.964s] Level 1:colcon.colcon_core.environment:checking '/home/bart/goliath_mobile/install/hoverboard_demo_description/bin'
[1.964s] INFO:colcon.colcon_core.shell:Creating package script '/home/bart/goliath_mobile/install/hoverboard_demo_description/share/hoverboard_demo_description/package.ps1'
[1.966s] INFO:colcon.colcon_core.shell:Creating package descriptor '/home/bart/goliath_mobile/install/hoverboard_demo_description/share/hoverboard_demo_description/package.dsv'
[1.968s] INFO:colcon.colcon_core.shell:Creating package script '/home/bart/goliath_mobile/install/hoverboard_demo_description/share/hoverboard_demo_description/package.sh'
[1.969s] INFO:colcon.colcon_core.shell:Creating package script '/home/bart/goliath_mobile/install/hoverboard_demo_description/share/hoverboard_demo_description/package.bash'
[1.970s] INFO:colcon.colcon_core.shell:Creating package script '/home/bart/goliath_mobile/install/hoverboard_demo_description/share/hoverboard_demo_description/package.zsh'
[1.972s] Level 1:colcon.colcon_core.environment:create_file_with_runtime_dependencies(/home/bart/goliath_mobile/install/hoverboard_demo_description/share/colcon-core/packages/hoverboard_demo_description)
[1.974s] INFO:colcon.colcon_ros.task.ament_python.build:Building ROS package in '/home/bart/goliath_mobile/src/goliath_gripper/gripper_description' with build type 'ament_python'
[1.974s] Level 1:colcon.colcon_core.shell:create_environment_hook('gripper_description', 'ament_prefix_path')
[1.975s] INFO:colcon.colcon_core.shell:Creating environment hook '/home/bart/goliath_mobile/install/gripper_description/share/gripper_description/hook/ament_prefix_path.ps1'
[1.976s] INFO:colcon.colcon_core.shell:Creating environment descriptor '/home/bart/goliath_mobile/install/gripper_description/share/gripper_description/hook/ament_prefix_path.dsv'
[1.987s] INFO:colcon.colcon_core.shell:Creating environment hook '/home/bart/goliath_mobile/install/gripper_description/share/gripper_description/hook/ament_prefix_path.sh'
[1.990s] INFO:colcon.colcon_core.shell:Skip shell extension 'powershell' for command environment: Not usable outside of PowerShell
[1.990s] DEBUG:colcon.colcon_core.shell:Skip shell extension 'dsv' for command environment
[2.754s] INFO:colcon.colcon_core.task.python.build:Building Python package in '/home/bart/goliath_mobile/src/goliath_gripper/gripper_description'
[2.754s] INFO:colcon.colcon_core.shell:Skip shell extension 'powershell' for command environment: Not usable outside of PowerShell
[2.755s] DEBUG:colcon.colcon_core.shell:Skip shell extension 'dsv' for command environment
[2.766s] DEBUG:colcon.colcon_core.event_handler.log_command:Invoked command in '/home/bart/goliath_mobile/build/arm_move_joy' returned '0': CMAKE_PREFIX_PATH=${CMAKE_PREFIX_PATH}:/home/bart/goliath_mobile/install/ros2_control_demo_testing:/home/bart/goliath_mobile/install/gripper_description:/opt/ros/humble /usr/bin/cmake --build /home/bart/goliath_mobile/build/arm_move_joy -- -j4 -l4
[2.769s] DEBUG:colcon.colcon_core.event_handler.log_command:Invoking command in '/home/bart/goliath_mobile/build/arm_move_joy': CMAKE_PREFIX_PATH=${CMAKE_PREFIX_PATH}:/home/bart/goliath_mobile/install/ros2_control_demo_testing:/home/bart/goliath_mobile/install/gripper_description:/opt/ros/humble /usr/bin/cmake --install /home/bart/goliath_mobile/build/arm_move_joy
[2.771s] DEBUG:colcon.colcon_core.event_handler.log_command:Invoked command in '/home/bart/goliath_mobile/build/goliath_interfaces' returned '0': CMAKE_PREFIX_PATH=${CMAKE_PREFIX_PATH}:/home/bart/goliath_mobile/install/ros2_control_demo_testing:/home/bart/goliath_mobile/install/gripper_description:/opt/ros/humble /usr/bin/cmake --build /home/bart/goliath_mobile/build/goliath_interfaces -- -j4 -l4
[2.774s] DEBUG:colcon.colcon_core.event_handler.log_command:Invoking command in '/home/bart/goliath_mobile/build/goliath_interfaces': CMAKE_PREFIX_PATH=${CMAKE_PREFIX_PATH}:/home/bart/goliath_mobile/install/ros2_control_demo_testing:/home/bart/goliath_mobile/install/gripper_description:/opt/ros/humble /usr/bin/cmake --install /home/bart/goliath_mobile/build/goliath_interfaces
[2.839s] Level 1:colcon.colcon_core.environment:create_environment_scripts_only(arm_move_joy)
[2.841s] Level 1:colcon.colcon_core.environment:checking '/home/bart/goliath_mobile/install/arm_move_joy' for CMake module files
[2.846s] DEBUG:colcon.colcon_core.event_handler.log_command:Invoked command in '/home/bart/goliath_mobile/build/arm_move_joy' returned '0': CMAKE_PREFIX_PATH=${CMAKE_PREFIX_PATH}:/home/bart/goliath_mobile/install/ros2_control_demo_testing:/home/bart/goliath_mobile/install/gripper_description:/opt/ros/humble /usr/bin/cmake --install /home/bart/goliath_mobile/build/arm_move_joy
[2.846s] Level 1:colcon.colcon_core.environment:checking '/home/bart/goliath_mobile/install/arm_move_joy' for CMake config files
[2.850s] Level 1:colcon.colcon_core.shell:create_environment_hook('arm_move_joy', 'cmake_prefix_path')
[2.851s] INFO:colcon.colcon_core.shell:Creating environment hook '/home/bart/goliath_mobile/install/arm_move_joy/share/arm_move_joy/hook/cmake_prefix_path.ps1'
[2.853s] INFO:colcon.colcon_core.shell:Creating environment descriptor '/home/bart/goliath_mobile/install/arm_move_joy/share/arm_move_joy/hook/cmake_prefix_path.dsv'
[2.855s] INFO:colcon.colcon_core.shell:Creating environment hook '/home/bart/goliath_mobile/install/arm_move_joy/share/arm_move_joy/hook/cmake_prefix_path.sh'
[2.857s] Level 1:colcon.colcon_core.environment:checking '/home/bart/goliath_mobile/install/arm_move_joy/lib'
[2.857s] Level 1:colcon.colcon_core.environment:checking '/home/bart/goliath_mobile/install/arm_move_joy/bin'
[2.858s] Level 1:colcon.colcon_core.environment:checking '/home/bart/goliath_mobile/install/arm_move_joy/lib/pkgconfig/arm_move_joy.pc'
[2.858s] Level 1:colcon.colcon_core.environment:checking '/home/bart/goliath_mobile/install/arm_move_joy/lib/python3.10/site-packages'
[2.864s] Level 1:colcon.colcon_core.environment:checking '/home/bart/goliath_mobile/install/arm_move_joy/bin'
[2.866s] INFO:colcon.colcon_core.shell:Creating package script '/home/bart/goliath_mobile/install/arm_move_joy/share/arm_move_joy/package.ps1'
[2.869s] INFO:colcon.colcon_core.shell:Creating package descriptor '/home/bart/goliath_mobile/install/arm_move_joy/share/arm_move_joy/package.dsv'
[2.871s] INFO:colcon.colcon_core.shell:Creating package script '/home/bart/goliath_mobile/install/arm_move_joy/share/arm_move_joy/package.sh'
[2.875s] INFO:colcon.colcon_core.shell:Creating package script '/home/bart/goliath_mobile/install/arm_move_joy/share/arm_move_joy/package.bash'
[2.883s] INFO:colcon.colcon_core.shell:Creating package script '/home/bart/goliath_mobile/install/arm_move_joy/share/arm_move_joy/package.zsh'
[2.885s] Level 1:colcon.colcon_core.environment:create_file_with_runtime_dependencies(/home/bart/goliath_mobile/install/arm_move_joy/share/colcon-core/packages/arm_move_joy)
[2.887s] Level 1:colcon.colcon_core.environment:create_environment_scripts_only(arm_move_joy)
[2.888s] Level 1:colcon.colcon_core.environment:checking '/home/bart/goliath_mobile/install/arm_move_joy' for CMake module files
[2.889s] Level 1:colcon.colcon_core.environment:checking '/home/bart/goliath_mobile/install/arm_move_joy' for CMake config files
[2.890s] Level 1:colcon.colcon_core.shell:create_environment_hook('arm_move_joy', 'cmake_prefix_path')
[2.891s] INFO:colcon.colcon_core.shell:Creating environment hook '/home/bart/goliath_mobile/install/arm_move_joy/share/arm_move_joy/hook/cmake_prefix_path.ps1'
[2.892s] INFO:colcon.colcon_core.shell:Creating environment descriptor '/home/bart/goliath_mobile/install/arm_move_joy/share/arm_move_joy/hook/cmake_prefix_path.dsv'
[2.893s] INFO:colcon.colcon_core.shell:Creating environment hook '/home/bart/goliath_mobile/install/arm_move_joy/share/arm_move_joy/hook/cmake_prefix_path.sh'
[2.895s] Level 1:colcon.colcon_core.environment:checking '/home/bart/goliath_mobile/install/arm_move_joy/lib'
[2.895s] Level 1:colcon.colcon_core.environment:checking '/home/bart/goliath_mobile/install/arm_move_joy/bin'
[2.895s] Level 1:colcon.colcon_core.environment:checking '/home/bart/goliath_mobile/install/arm_move_joy/lib/pkgconfig/arm_move_joy.pc'
[2.896s] Level 1:colcon.colcon_core.environment:checking '/home/bart/goliath_mobile/install/arm_move_joy/lib/python3.10/site-packages'
[2.897s] Level 1:colcon.colcon_core.environment:checking '/home/bart/goliath_mobile/install/arm_move_joy/bin'
[2.898s] INFO:colcon.colcon_core.shell:Creating package script '/home/bart/goliath_mobile/install/arm_move_joy/share/arm_move_joy/package.ps1'
[2.900s] INFO:colcon.colcon_core.shell:Creating package descriptor '/home/bart/goliath_mobile/install/arm_move_joy/share/arm_move_joy/package.dsv'
[2.902s] INFO:colcon.colcon_core.shell:Creating package script '/home/bart/goliath_mobile/install/arm_move_joy/share/arm_move_joy/package.sh'
[2.904s] INFO:colcon.colcon_core.shell:Creating package script '/home/bart/goliath_mobile/install/arm_move_joy/share/arm_move_joy/package.bash'
[2.905s] INFO:colcon.colcon_core.shell:Creating package script '/home/bart/goliath_mobile/install/arm_move_joy/share/arm_move_joy/package.zsh'
[2.907s] Level 1:colcon.colcon_core.environment:create_file_with_runtime_dependencies(/home/bart/goliath_mobile/install/arm_move_joy/share/colcon-core/packages/arm_move_joy)
[2.908s] INFO:colcon.colcon_ros.task.ament_cmake.build:Building ROS package in '/home/bart/goliath_mobile/src/golitath_mobile/hoverboard_ros2_control/hoverboard_hardware_interface' with build type 'ament_cmake'
[2.908s] INFO:colcon.colcon_cmake.task.cmake.build:Building CMake package in '/home/bart/goliath_mobile/src/golitath_mobile/hoverboard_ros2_control/hoverboard_hardware_interface'
[2.908s] INFO:colcon.colcon_core.shell:Skip shell extension 'powershell' for command environment: Not usable outside of PowerShell
[2.909s] DEBUG:colcon.colcon_core.shell:Skip shell extension 'dsv' for command environment
[2.940s] DEBUG:colcon.colcon_core.event_handler.log_command:Invoking command in '/home/bart/goliath_mobile/build/hoverboard_hardware_interface': CMAKE_PREFIX_PATH=${CMAKE_PREFIX_PATH}:/home/bart/goliath_mobile/install/ros2_control_demo_testing:/home/bart/goliath_mobile/install/gripper_description:/opt/ros/humble /usr/bin/cmake --build /home/bart/goliath_mobile/build/hoverboard_hardware_interface -- -j4 -l4
[2.966s] DEBUG:colcon.colcon_core.event_handler.log_command:Invoking command in '/home/bart/goliath_mobile/build/ros2_control_demo_testing': PYTHONPATH=/home/bart/goliath_mobile/build/ros2_control_demo_testing/prefix_override:/usr/lib/python3/dist-packages/colcon_core/task/python/colcon_distutils_commands:/home/bart/goliath_mobile/install/ros2_control_demo_testing/lib/python3.10/site-packages:${PYTHONPATH} /usr/bin/python3 -W ignore:setup.py install is deprecated -W ignore:easy_install command is deprecated setup.py develop --editable --build-directory /home/bart/goliath_mobile/build/ros2_control_demo_testing/build --no-deps symlink_data
[3.021s] Level 1:colcon.colcon_core.environment:create_environment_scripts_only(goliath_interfaces)
[3.022s] Level 1:colcon.colcon_core.environment:checking '/home/bart/goliath_mobile/install/goliath_interfaces' for CMake module files
[3.024s] DEBUG:colcon.colcon_core.event_handler.log_command:Invoked command in '/home/bart/goliath_mobile/build/goliath_interfaces' returned '0': CMAKE_PREFIX_PATH=${CMAKE_PREFIX_PATH}:/home/bart/goliath_mobile/install/ros2_control_demo_testing:/home/bart/goliath_mobile/install/gripper_description:/opt/ros/humble /usr/bin/cmake --install /home/bart/goliath_mobile/build/goliath_interfaces
[3.025s] Level 1:colcon.colcon_core.environment:checking '/home/bart/goliath_mobile/install/goliath_interfaces' for CMake config files
[3.030s] Level 1:colcon.colcon_core.shell:create_environment_hook('goliath_interfaces', 'cmake_prefix_path')
[3.031s] INFO:colcon.colcon_core.shell:Creating environment hook '/home/bart/goliath_mobile/install/goliath_interfaces/share/goliath_interfaces/hook/cmake_prefix_path.ps1'
[3.032s] INFO:colcon.colcon_core.shell:Creating environment descriptor '/home/bart/goliath_mobile/install/goliath_interfaces/share/goliath_interfaces/hook/cmake_prefix_path.dsv'
[3.033s] INFO:colcon.colcon_core.shell:Creating environment hook '/home/bart/goliath_mobile/install/goliath_interfaces/share/goliath_interfaces/hook/cmake_prefix_path.sh'
[3.034s] Level 1:colcon.colcon_core.environment:checking '/home/bart/goliath_mobile/install/goliath_interfaces/lib'
[3.034s] Level 1:colcon.colcon_core.shell:create_environment_hook('goliath_interfaces', 'ld_library_path_lib')
[3.035s] INFO:colcon.colcon_core.shell:Creating environment hook '/home/bart/goliath_mobile/install/goliath_interfaces/share/goliath_interfaces/hook/ld_library_path_lib.ps1'
[3.036s] INFO:colcon.colcon_core.shell:Creating environment descriptor '/home/bart/goliath_mobile/install/goliath_interfaces/share/goliath_interfaces/hook/ld_library_path_lib.dsv'
[3.037s] INFO:colcon.colcon_core.shell:Creating environment hook '/home/bart/goliath_mobile/install/goliath_interfaces/share/goliath_interfaces/hook/ld_library_path_lib.sh'
[3.038s] Level 1:colcon.colcon_core.environment:checking '/home/bart/goliath_mobile/install/goliath_interfaces/bin'
[3.038s] Level 1:colcon.colcon_core.environment:checking '/home/bart/goliath_mobile/install/goliath_interfaces/lib/pkgconfig/goliath_interfaces.pc'
[3.039s] Level 1:colcon.colcon_core.environment:checking '/home/bart/goliath_mobile/install/goliath_interfaces/lib/python3.10/site-packages'
[3.040s] Level 1:colcon.colcon_core.environment:checking '/home/bart/goliath_mobile/install/goliath_interfaces/bin'
[3.041s] INFO:colcon.colcon_core.shell:Creating package script '/home/bart/goliath_mobile/install/goliath_interfaces/share/goliath_interfaces/package.ps1'
[3.043s] INFO:colcon.colcon_core.shell:Creating package descriptor '/home/bart/goliath_mobile/install/goliath_interfaces/share/goliath_interfaces/package.dsv'
[3.044s] INFO:colcon.colcon_core.shell:Creating package script '/home/bart/goliath_mobile/install/goliath_interfaces/share/goliath_interfaces/package.sh'
[3.046s] INFO:colcon.colcon_core.shell:Creating package script '/home/bart/goliath_mobile/install/goliath_interfaces/share/goliath_interfaces/package.bash'
[3.048s] INFO:colcon.colcon_core.shell:Creating package script '/home/bart/goliath_mobile/install/goliath_interfaces/share/goliath_interfaces/package.zsh'
[3.048s] Level 1:colcon.colcon_core.environment:create_file_with_runtime_dependencies(/home/bart/goliath_mobile/install/goliath_interfaces/share/colcon-core/packages/goliath_interfaces)
[3.050s] Level 1:colcon.colcon_core.environment:create_environment_scripts_only(goliath_interfaces)
[3.050s] Level 1:colcon.colcon_core.environment:checking '/home/bart/goliath_mobile/install/goliath_interfaces' for CMake module files
[3.052s] Level 1:colcon.colcon_core.environment:checking '/home/bart/goliath_mobile/install/goliath_interfaces' for CMake config files
[3.054s] Level 1:colcon.colcon_core.shell:create_environment_hook('goliath_interfaces', 'cmake_prefix_path')
[3.055s] INFO:colcon.colcon_core.shell:Creating environment hook '/home/bart/goliath_mobile/install/goliath_interfaces/share/goliath_interfaces/hook/cmake_prefix_path.ps1'
[3.056s] INFO:colcon.colcon_core.shell:Creating environment descriptor '/home/bart/goliath_mobile/install/goliath_interfaces/share/goliath_interfaces/hook/cmake_prefix_path.dsv'
[3.056s] INFO:colcon.colcon_core.shell:Creating environment hook '/home/bart/goliath_mobile/install/goliath_interfaces/share/goliath_interfaces/hook/cmake_prefix_path.sh'
[3.058s] Level 1:colcon.colcon_core.environment:checking '/home/bart/goliath_mobile/install/goliath_interfaces/lib'
[3.058s] Level 1:colcon.colcon_core.shell:create_environment_hook('goliath_interfaces', 'ld_library_path_lib')
[3.059s] INFO:colcon.colcon_core.shell:Creating environment hook '/home/bart/goliath_mobile/install/goliath_interfaces/share/goliath_interfaces/hook/ld_library_path_lib.ps1'
[3.060s] INFO:colcon.colcon_core.shell:Creating environment descriptor '/home/bart/goliath_mobile/install/goliath_interfaces/share/goliath_interfaces/hook/ld_library_path_lib.dsv'
[3.061s] INFO:colcon.colcon_core.shell:Creating environment hook '/home/bart/goliath_mobile/install/goliath_interfaces/share/goliath_interfaces/hook/ld_library_path_lib.sh'
[3.063s] Level 1:colcon.colcon_core.environment:checking '/home/bart/goliath_mobile/install/goliath_interfaces/bin'
[3.064s] Level 1:colcon.colcon_core.environment:checking '/home/bart/goliath_mobile/install/goliath_interfaces/lib/pkgconfig/goliath_interfaces.pc'
[3.064s] Level 1:colcon.colcon_core.environment:checking '/home/bart/goliath_mobile/install/goliath_interfaces/lib/python3.10/site-packages'
[3.065s] Level 1:colcon.colcon_core.environment:checking '/home/bart/goliath_mobile/install/goliath_interfaces/bin'
[3.066s] INFO:colcon.colcon_core.shell:Creating package script '/home/bart/goliath_mobile/install/goliath_interfaces/share/goliath_interfaces/package.ps1'
[3.068s] INFO:colcon.colcon_core.shell:Creating package descriptor '/home/bart/goliath_mobile/install/goliath_interfaces/share/goliath_interfaces/package.dsv'
[3.069s] INFO:colcon.colcon_core.shell:Creating package script '/home/bart/goliath_mobile/install/goliath_interfaces/share/goliath_interfaces/package.sh'
[3.071s] INFO:colcon.colcon_core.shell:Creating package script '/home/bart/goliath_mobile/install/goliath_interfaces/share/goliath_interfaces/package.bash'
[3.072s] INFO:colcon.colcon_core.shell:Creating package script '/home/bart/goliath_mobile/install/goliath_interfaces/share/goliath_interfaces/package.zsh'
[3.073s] Level 1:colcon.colcon_core.environment:create_file_with_runtime_dependencies(/home/bart/goliath_mobile/install/goliath_interfaces/share/colcon-core/packages/goliath_interfaces)
[3.074s] INFO:colcon.colcon_ros.task.ament_cmake.build:Building ROS package in '/home/bart/goliath_mobile/src/golitath_mobile/hoverboard_ros2_control/hoverboard_ros2_control' with build type 'ament_cmake'
[3.074s] INFO:colcon.colcon_cmake.task.cmake.build:Building CMake package in '/home/bart/goliath_mobile/src/golitath_mobile/hoverboard_ros2_control/hoverboard_ros2_control'
[3.075s] INFO:colcon.colcon_core.shell:Skip shell extension 'powershell' for command environment: Not usable outside of PowerShell
[3.075s] DEBUG:colcon.colcon_core.shell:Skip shell extension 'dsv' for command environment
[3.117s] DEBUG:colcon.colcon_core.event_handler.log_command:Invoking command in '/home/bart/goliath_mobile/build/hoverboard_ros2_control': CMAKE_PREFIX_PATH=${CMAKE_PREFIX_PATH}:/home/bart/goliath_mobile/install/ros2_control_demo_testing:/home/bart/goliath_mobile/install/gripper_description:/opt/ros/humble /usr/bin/cmake --build /home/bart/goliath_mobile/build/hoverboard_ros2_control -- -j4 -l4
[3.206s] DEBUG:colcon.colcon_core.event_handler.log_command:Invoked command in '/home/bart/goliath_mobile/build/hoverboard_ros2_control' returned '0': CMAKE_PREFIX_PATH=${CMAKE_PREFIX_PATH}:/home/bart/goliath_mobile/install/ros2_control_demo_testing:/home/bart/goliath_mobile/install/gripper_description:/opt/ros/humble /usr/bin/cmake --build /home/bart/goliath_mobile/build/hoverboard_ros2_control -- -j4 -l4
[3.216s] DEBUG:colcon.colcon_core.event_handler.log_command:Invoking command in '/home/bart/goliath_mobile/build/hoverboard_ros2_control': CMAKE_PREFIX_PATH=${CMAKE_PREFIX_PATH}:/home/bart/goliath_mobile/install/ros2_control_demo_testing:/home/bart/goliath_mobile/install/gripper_description:/opt/ros/humble /usr/bin/cmake --install /home/bart/goliath_mobile/build/hoverboard_ros2_control
[3.265s] DEBUG:colcon.colcon_core.event_handler.log_command:Invoked command in '/home/bart/goliath_mobile/build/hoverboard_hardware_interface' returned '0': CMAKE_PREFIX_PATH=${CMAKE_PREFIX_PATH}:/home/bart/goliath_mobile/install/ros2_control_demo_testing:/home/bart/goliath_mobile/install/gripper_description:/opt/ros/humble /usr/bin/cmake --build /home/bart/goliath_mobile/build/hoverboard_hardware_interface -- -j4 -l4
[3.266s] DEBUG:colcon.colcon_core.event_handler.log_command:Invoking command in '/home/bart/goliath_mobile/build/hoverboard_hardware_interface': CMAKE_PREFIX_PATH=${CMAKE_PREFIX_PATH}:/home/bart/goliath_mobile/install/ros2_control_demo_testing:/home/bart/goliath_mobile/install/gripper_description:/opt/ros/humble /usr/bin/cmake --install /home/bart/goliath_mobile/build/hoverboard_hardware_interface
[3.272s] Level 1:colcon.colcon_core.environment:create_environment_scripts_only(hoverboard_ros2_control)
[3.273s] Level 1:colcon.colcon_core.environment:checking '/home/bart/goliath_mobile/install/hoverboard_ros2_control' for CMake module files
[3.275s] DEBUG:colcon.colcon_core.event_handler.log_command:Invoked command in '/home/bart/goliath_mobile/build/hoverboard_ros2_control' returned '0': CMAKE_PREFIX_PATH=${CMAKE_PREFIX_PATH}:/home/bart/goliath_mobile/install/ros2_control_demo_testing:/home/bart/goliath_mobile/install/gripper_description:/opt/ros/humble /usr/bin/cmake --install /home/bart/goliath_mobile/build/hoverboard_ros2_control
[3.276s] Level 1:colcon.colcon_core.environment:checking '/home/bart/goliath_mobile/install/hoverboard_ros2_control' for CMake config files
[3.278s] Level 1:colcon.colcon_core.shell:create_environment_hook('hoverboard_ros2_control', 'cmake_prefix_path')
[3.279s] INFO:colcon.colcon_core.shell:Creating environment hook '/home/bart/goliath_mobile/install/hoverboard_ros2_control/share/hoverboard_ros2_control/hook/cmake_prefix_path.ps1'
[3.280s] INFO:colcon.colcon_core.shell:Creating environment descriptor '/home/bart/goliath_mobile/install/hoverboard_ros2_control/share/hoverboard_ros2_control/hook/cmake_prefix_path.dsv'
[3.281s] INFO:colcon.colcon_core.shell:Creating environment hook '/home/bart/goliath_mobile/install/hoverboard_ros2_control/share/hoverboard_ros2_control/hook/cmake_prefix_path.sh'
[3.283s] Level 1:colcon.colcon_core.environment:checking '/home/bart/goliath_mobile/install/hoverboard_ros2_control/bin'
[3.283s] Level 1:colcon.colcon_core.environment:checking '/home/bart/goliath_mobile/install/hoverboard_ros2_control/lib/pkgconfig/hoverboard_ros2_control.pc'
[3.283s] Level 1:colcon.colcon_core.environment:checking '/home/bart/goliath_mobile/install/hoverboard_ros2_control/lib/python3.10/site-packages'
[3.284s] Level 1:colcon.colcon_core.environment:checking '/home/bart/goliath_mobile/install/hoverboard_ros2_control/bin'
[3.285s] INFO:colcon.colcon_core.shell:Creating package script '/home/bart/goliath_mobile/install/hoverboard_ros2_control/share/hoverboard_ros2_control/package.ps1'
[3.287s] INFO:colcon.colcon_core.shell:Creating package descriptor '/home/bart/goliath_mobile/install/hoverboard_ros2_control/share/hoverboard_ros2_control/package.dsv'
[3.290s] INFO:colcon.colcon_core.shell:Creating package script '/home/bart/goliath_mobile/install/hoverboard_ros2_control/share/hoverboard_ros2_control/package.sh'
[3.293s] INFO:colcon.colcon_core.shell:Creating package script '/home/bart/goliath_mobile/install/hoverboard_ros2_control/share/hoverboard_ros2_control/package.bash'
[3.294s] INFO:colcon.colcon_core.shell:Creating package script '/home/bart/goliath_mobile/install/hoverboard_ros2_control/share/hoverboard_ros2_control/package.zsh'
[3.295s] Level 1:colcon.colcon_core.environment:create_file_with_runtime_dependencies(/home/bart/goliath_mobile/install/hoverboard_ros2_control/share/colcon-core/packages/hoverboard_ros2_control)
[3.298s] Level 1:colcon.colcon_core.environment:create_environment_scripts_only(hoverboard_ros2_control)
[3.299s] Level 1:colcon.colcon_core.environment:checking '/home/bart/goliath_mobile/install/hoverboard_ros2_control' for CMake module files
[3.300s] Level 1:colcon.colcon_core.environment:checking '/home/bart/goliath_mobile/install/hoverboard_ros2_control' for CMake config files
[3.301s] Level 1:colcon.colcon_core.shell:create_environment_hook('hoverboard_ros2_control', 'cmake_prefix_path')
[3.302s] INFO:colcon.colcon_core.shell:Creating environment hook '/home/bart/goliath_mobile/install/hoverboard_ros2_control/share/hoverboard_ros2_control/hook/cmake_prefix_path.ps1'
[3.303s] INFO:colcon.colcon_core.shell:Creating environment descriptor '/home/bart/goliath_mobile/install/hoverboard_ros2_control/share/hoverboard_ros2_control/hook/cmake_prefix_path.dsv'
[3.305s] INFO:colcon.colcon_core.shell:Creating environment hook '/home/bart/goliath_mobile/install/hoverboard_ros2_control/share/hoverboard_ros2_control/hook/cmake_prefix_path.sh'
[3.306s] Level 1:colcon.colcon_core.environment:checking '/home/bart/goliath_mobile/install/hoverboard_ros2_control/bin'
[3.307s] Level 1:colcon.colcon_core.environment:checking '/home/bart/goliath_mobile/install/hoverboard_ros2_control/lib/pkgconfig/hoverboard_ros2_control.pc'
[3.307s] Level 1:colcon.colcon_core.environment:checking '/home/bart/goliath_mobile/install/hoverboard_ros2_control/lib/python3.10/site-packages'
[3.308s] Level 1:colcon.colcon_core.environment:checking '/home/bart/goliath_mobile/install/hoverboard_ros2_control/bin'
[3.309s] INFO:colcon.colcon_core.shell:Creating package script '/home/bart/goliath_mobile/install/hoverboard_ros2_control/share/hoverboard_ros2_control/package.ps1'
[3.311s] INFO:colcon.colcon_core.shell:Creating package descriptor '/home/bart/goliath_mobile/install/hoverboard_ros2_control/share/hoverboard_ros2_control/package.dsv'
[3.312s] INFO:colcon.colcon_core.shell:Creating package script '/home/bart/goliath_mobile/install/hoverboard_ros2_control/share/hoverboard_ros2_control/package.sh'
[3.313s] INFO:colcon.colcon_core.shell:Creating package script '/home/bart/goliath_mobile/install/hoverboard_ros2_control/share/hoverboard_ros2_control/package.bash'
[3.315s] INFO:colcon.colcon_core.shell:Creating package script '/home/bart/goliath_mobile/install/hoverboard_ros2_control/share/hoverboard_ros2_control/package.zsh'
[3.316s] Level 1:colcon.colcon_core.environment:create_file_with_runtime_dependencies(/home/bart/goliath_mobile/install/hoverboard_ros2_control/share/colcon-core/packages/hoverboard_ros2_control)
[3.317s] INFO:colcon.colcon_ros.task.ament_cmake.build:Building ROS package in '/home/bart/goliath_mobile/src/rplidar_ros' with build type 'ament_cmake'
[3.318s] INFO:colcon.colcon_cmake.task.cmake.build:Building CMake package in '/home/bart/goliath_mobile/src/rplidar_ros'
[3.318s] INFO:colcon.colcon_core.shell:Skip shell extension 'powershell' for command environment: Not usable outside of PowerShell
[3.319s] DEBUG:colcon.colcon_core.shell:Skip shell extension 'dsv' for command environment
[3.336s] Level 1:colcon.colcon_core.environment:create_environment_scripts_only(hoverboard_hardware_interface)
[3.338s] Level 1:colcon.colcon_core.environment:checking '/home/bart/goliath_mobile/install/hoverboard_hardware_interface' for CMake module files
[3.340s] Level 1:colcon.colcon_core.environment:checking '/home/bart/goliath_mobile/install/hoverboard_hardware_interface' for CMake config files
[3.341s] Level 1:colcon.colcon_core.shell:create_environment_hook('hoverboard_hardware_interface', 'cmake_prefix_path')
[3.342s] INFO:colcon.colcon_core.shell:Creating environment hook '/home/bart/goliath_mobile/install/hoverboard_hardware_interface/share/hoverboard_hardware_interface/hook/cmake_prefix_path.ps1'
[3.343s] INFO:colcon.colcon_core.shell:Creating environment descriptor '/home/bart/goliath_mobile/install/hoverboard_hardware_interface/share/hoverboard_hardware_interface/hook/cmake_prefix_path.dsv'
[3.345s] INFO:colcon.colcon_core.shell:Creating environment hook '/home/bart/goliath_mobile/install/hoverboard_hardware_interface/share/hoverboard_hardware_interface/hook/cmake_prefix_path.sh'
[3.346s] Level 1:colcon.colcon_core.environment:checking '/home/bart/goliath_mobile/install/hoverboard_hardware_interface/lib'
[3.344s] DEBUG:colcon.colcon_core.event_handler.log_command:Invoked command in '/home/bart/goliath_mobile/build/hoverboard_hardware_interface' returned '0': CMAKE_PREFIX_PATH=${CMAKE_PREFIX_PATH}:/home/bart/goliath_mobile/install/ros2_control_demo_testing:/home/bart/goliath_mobile/install/gripper_description:/opt/ros/humble /usr/bin/cmake --install /home/bart/goliath_mobile/build/hoverboard_hardware_interface
[3.346s] Level 1:colcon.colcon_core.shell:create_environment_hook('hoverboard_hardware_interface', 'ld_library_path_lib')
[3.347s] INFO:colcon.colcon_core.shell:Creating environment hook '/home/bart/goliath_mobile/install/hoverboard_hardware_interface/share/hoverboard_hardware_interface/hook/ld_library_path_lib.ps1'
[3.348s] INFO:colcon.colcon_core.shell:Creating environment descriptor '/home/bart/goliath_mobile/install/hoverboard_hardware_interface/share/hoverboard_hardware_interface/hook/ld_library_path_lib.dsv'
[3.348s] INFO:colcon.colcon_core.shell:Creating environment hook '/home/bart/goliath_mobile/install/hoverboard_hardware_interface/share/hoverboard_hardware_interface/hook/ld_library_path_lib.sh'
[3.349s] Level 1:colcon.colcon_core.environment:checking '/home/bart/goliath_mobile/install/hoverboard_hardware_interface/bin'
[3.349s] Level 1:colcon.colcon_core.environment:checking '/home/bart/goliath_mobile/install/hoverboard_hardware_interface/lib/pkgconfig/hoverboard_hardware_interface.pc'
[3.349s] Level 1:colcon.colcon_core.environment:checking '/home/bart/goliath_mobile/install/hoverboard_hardware_interface/lib/python3.10/site-packages'
[3.350s] Level 1:colcon.colcon_core.environment:checking '/home/bart/goliath_mobile/install/hoverboard_hardware_interface/bin'
[3.350s] INFO:colcon.colcon_core.shell:Creating package script '/home/bart/goliath_mobile/install/hoverboard_hardware_interface/share/hoverboard_hardware_interface/package.ps1'
[3.351s] INFO:colcon.colcon_core.shell:Creating package descriptor '/home/bart/goliath_mobile/install/hoverboard_hardware_interface/share/hoverboard_hardware_interface/package.dsv'
[3.352s] INFO:colcon.colcon_core.shell:Creating package script '/home/bart/goliath_mobile/install/hoverboard_hardware_interface/share/hoverboard_hardware_interface/package.sh'
[3.353s] INFO:colcon.colcon_core.shell:Creating package script '/home/bart/goliath_mobile/install/hoverboard_hardware_interface/share/hoverboard_hardware_interface/package.bash'
[3.354s] INFO:colcon.colcon_core.shell:Creating package script '/home/bart/goliath_mobile/install/hoverboard_hardware_interface/share/hoverboard_hardware_interface/package.zsh'
[3.354s] Level 1:colcon.colcon_core.environment:create_file_with_runtime_dependencies(/home/bart/goliath_mobile/install/hoverboard_hardware_interface/share/colcon-core/packages/hoverboard_hardware_interface)
[3.355s] Level 1:colcon.colcon_core.environment:create_environment_scripts_only(hoverboard_hardware_interface)
[3.355s] Level 1:colcon.colcon_core.environment:checking '/home/bart/goliath_mobile/install/hoverboard_hardware_interface' for CMake module files
[3.356s] Level 1:colcon.colcon_core.environment:checking '/home/bart/goliath_mobile/install/hoverboard_hardware_interface' for CMake config files
[3.356s] Level 1:colcon.colcon_core.shell:create_environment_hook('hoverboard_hardware_interface', 'cmake_prefix_path')
[3.357s] INFO:colcon.colcon_core.shell:Creating environment hook '/home/bart/goliath_mobile/install/hoverboard_hardware_interface/share/hoverboard_hardware_interface/hook/cmake_prefix_path.ps1'
[3.358s] INFO:colcon.colcon_core.shell:Creating environment descriptor '/home/bart/goliath_mobile/install/hoverboard_hardware_interface/share/hoverboard_hardware_interface/hook/cmake_prefix_path.dsv'
[3.358s] INFO:colcon.colcon_core.shell:Creating environment hook '/home/bart/goliath_mobile/install/hoverboard_hardware_interface/share/hoverboard_hardware_interface/hook/cmake_prefix_path.sh'
[3.361s] Level 1:colcon.colcon_core.environment:checking '/home/bart/goliath_mobile/install/hoverboard_hardware_interface/lib'
[3.361s] Level 1:colcon.colcon_core.shell:create_environment_hook('hoverboard_hardware_interface', 'ld_library_path_lib')
[3.362s] INFO:colcon.colcon_core.shell:Creating environment hook '/home/bart/goliath_mobile/install/hoverboard_hardware_interface/share/hoverboard_hardware_interface/hook/ld_library_path_lib.ps1'
[3.363s] INFO:colcon.colcon_core.shell:Creating environment descriptor '/home/bart/goliath_mobile/install/hoverboard_hardware_interface/share/hoverboard_hardware_interface/hook/ld_library_path_lib.dsv'
[3.364s] INFO:colcon.colcon_core.shell:Creating environment hook '/home/bart/goliath_mobile/install/hoverboard_hardware_interface/share/hoverboard_hardware_interface/hook/ld_library_path_lib.sh'
[3.365s] Level 1:colcon.colcon_core.environment:checking '/home/bart/goliath_mobile/install/hoverboard_hardware_interface/bin'
[3.365s] Level 1:colcon.colcon_core.environment:checking '/home/bart/goliath_mobile/install/hoverboard_hardware_interface/lib/pkgconfig/hoverboard_hardware_interface.pc'
[3.366s] Level 1:colcon.colcon_core.environment:checking '/home/bart/goliath_mobile/install/hoverboard_hardware_interface/lib/python3.10/site-packages'
[3.366s] Level 1:colcon.colcon_core.environment:checking '/home/bart/goliath_mobile/install/hoverboard_hardware_interface/bin'
[3.367s] INFO:colcon.colcon_core.shell:Creating package script '/home/bart/goliath_mobile/install/hoverboard_hardware_interface/share/hoverboard_hardware_interface/package.ps1'
[3.368s] INFO:colcon.colcon_core.shell:Creating package descriptor '/home/bart/goliath_mobile/install/hoverboard_hardware_interface/share/hoverboard_hardware_interface/package.dsv'
[3.369s] INFO:colcon.colcon_core.shell:Creating package script '/home/bart/goliath_mobile/install/hoverboard_hardware_interface/share/hoverboard_hardware_interface/package.sh'
[3.370s] INFO:colcon.colcon_core.shell:Creating package script '/home/bart/goliath_mobile/install/hoverboard_hardware_interface/share/hoverboard_hardware_interface/package.bash'
[3.370s] INFO:colcon.colcon_core.shell:Creating package script '/home/bart/goliath_mobile/install/hoverboard_hardware_interface/share/hoverboard_hardware_interface/package.zsh'
[3.371s] Level 1:colcon.colcon_core.environment:create_file_with_runtime_dependencies(/home/bart/goliath_mobile/install/hoverboard_hardware_interface/share/colcon-core/packages/hoverboard_hardware_interface)
[3.372s] INFO:colcon.colcon_ros.task.ament_cmake.build:Building ROS package in '/home/bart/goliath_mobile/src/golitath_mobile/goliath/goliath_commander_cpp' with build type 'ament_cmake'
[3.373s] INFO:colcon.colcon_cmake.task.cmake.build:Building CMake package in '/home/bart/goliath_mobile/src/golitath_mobile/goliath/goliath_commander_cpp'
[3.373s] INFO:colcon.colcon_core.shell:Skip shell extension 'powershell' for command environment: Not usable outside of PowerShell
[3.373s] DEBUG:colcon.colcon_core.shell:Skip shell extension 'dsv' for command environment
[3.397s] DEBUG:colcon.colcon_core.event_handler.log_command:Invoking command in '/home/bart/goliath_mobile/build/rplidar_ros': CMAKE_PREFIX_PATH=${CMAKE_PREFIX_PATH}:/home/bart/goliath_mobile/install/ros2_control_demo_testing:/home/bart/goliath_mobile/install/gripper_description:/opt/ros/humble /usr/bin/cmake --build /home/bart/goliath_mobile/build/rplidar_ros -- -j4 -l4
[3.409s] DEBUG:colcon.colcon_core.event_handler.log_command:Invoking command in '/home/bart/goliath_mobile/build/goliath_commander_cpp': CMAKE_PREFIX_PATH=/home/bart/goliath_mobile/install/goliath_interfaces:/home/bart/goliath_mobile/install/rplidar_ros:/home/bart/goliath_mobile/install/ros2_control_demos:/home/bart/goliath_mobile/install/moveit:/home/bart/goliath_mobile/install/gripper_controller:/home/bart/goliath_mobile/install/goliath_moveit_config:/home/bart/goliath_mobile/install/goliath_controller:/home/bart/goliath_mobile/install/ros2_control_demo_description:/home/bart/goliath_mobile/install/hoverboard_ros2_control:/home/bart/goliath_mobile/install/hoverboard_hardware_interface:/home/bart/goliath_mobile/install/hoverboard_demo_bringup:/home/bart/goliath_mobile/install/hoverboard_demo_description:/home/bart/goliath_mobile/install/goliath_commander_cpp:/home/bart/goliath_mobile/install/arm_move_joy:/home/bart/goliath_base/install/hoverboard_demo_bringup:/home/bart/goliath_base/install/hoverboard_demo_description:/home/bart/goliath_mobile/install/ros2_control_demo_testing:/home/bart/goliath_mobile/install/gripper_description:/opt/ros/humble LD_LIBRARY_PATH=/home/bart/goliath_mobile/install/goliath_interfaces/lib:/home/bart/goliath_mobile/install/gripper_controller/lib:/home/bart/goliath_mobile/install/goliath_controller/lib:/home/bart/goliath_mobile/install/hoverboard_hardware_interface/lib:/opt/ros/humble/opt/rviz_ogre_vendor/lib:/opt/ros/humble/lib/x86_64-linux-gnu:/opt/ros/humble/lib /usr/bin/cmake --build /home/bart/goliath_mobile/build/goliath_commander_cpp -- -j4 -l4
[3.703s] DEBUG:colcon.colcon_core.event_handler.log_command:Invoked command in '/home/bart/goliath_mobile/build/goliath_commander_cpp' returned '0': CMAKE_PREFIX_PATH=/home/bart/goliath_mobile/install/goliath_interfaces:/home/bart/goliath_mobile/install/rplidar_ros:/home/bart/goliath_mobile/install/ros2_control_demos:/home/bart/goliath_mobile/install/moveit:/home/bart/goliath_mobile/install/gripper_controller:/home/bart/goliath_mobile/install/goliath_moveit_config:/home/bart/goliath_mobile/install/goliath_controller:/home/bart/goliath_mobile/install/ros2_control_demo_description:/home/bart/goliath_mobile/install/hoverboard_ros2_control:/home/bart/goliath_mobile/install/hoverboard_hardware_interface:/home/bart/goliath_mobile/install/hoverboard_demo_bringup:/home/bart/goliath_mobile/install/hoverboard_demo_description:/home/bart/goliath_mobile/install/goliath_commander_cpp:/home/bart/goliath_mobile/install/arm_move_joy:/home/bart/goliath_base/install/hoverboard_demo_bringup:/home/bart/goliath_base/install/hoverboard_demo_description:/home/bart/goliath_mobile/install/ros2_control_demo_testing:/home/bart/goliath_mobile/install/gripper_description:/opt/ros/humble LD_LIBRARY_PATH=/home/bart/goliath_mobile/install/goliath_interfaces/lib:/home/bart/goliath_mobile/install/gripper_controller/lib:/home/bart/goliath_mobile/install/goliath_controller/lib:/home/bart/goliath_mobile/install/hoverboard_hardware_interface/lib:/opt/ros/humble/opt/rviz_ogre_vendor/lib:/opt/ros/humble/lib/x86_64-linux-gnu:/opt/ros/humble/lib /usr/bin/cmake --build /home/bart/goliath_mobile/build/goliath_commander_cpp -- -j4 -l4
[3.704s] DEBUG:colcon.colcon_core.event_handler.log_command:Invoking command in '/home/bart/goliath_mobile/build/goliath_commander_cpp': CMAKE_PREFIX_PATH=/home/bart/goliath_mobile/install/goliath_interfaces:/home/bart/goliath_mobile/install/rplidar_ros:/home/bart/goliath_mobile/install/ros2_control_demos:/home/bart/goliath_mobile/install/moveit:/home/bart/goliath_mobile/install/gripper_controller:/home/bart/goliath_mobile/install/goliath_moveit_config:/home/bart/goliath_mobile/install/goliath_controller:/home/bart/goliath_mobile/install/ros2_control_demo_description:/home/bart/goliath_mobile/install/hoverboard_ros2_control:/home/bart/goliath_mobile/install/hoverboard_hardware_interface:/home/bart/goliath_mobile/install/hoverboard_demo_bringup:/home/bart/goliath_mobile/install/hoverboard_demo_description:/home/bart/goliath_mobile/install/goliath_commander_cpp:/home/bart/goliath_mobile/install/arm_move_joy:/home/bart/goliath_base/install/hoverboard_demo_bringup:/home/bart/goliath_base/install/hoverboard_demo_description:/home/bart/goliath_mobile/install/ros2_control_demo_testing:/home/bart/goliath_mobile/install/gripper_description:/opt/ros/humble LD_LIBRARY_PATH=/home/bart/goliath_mobile/install/goliath_interfaces/lib:/home/bart/goliath_mobile/install/gripper_controller/lib:/home/bart/goliath_mobile/install/goliath_controller/lib:/home/bart/goliath_mobile/install/hoverboard_hardware_interface/lib:/opt/ros/humble/opt/rviz_ogre_vendor/lib:/opt/ros/humble/lib/x86_64-linux-gnu:/opt/ros/humble/lib /usr/bin/cmake --install /home/bart/goliath_mobile/build/goliath_commander_cpp
[3.735s] DEBUG:colcon.colcon_core.event_handler.log_command:Invoked command in '/home/bart/goliath_mobile/build/rplidar_ros' returned '0': CMAKE_PREFIX_PATH=${CMAKE_PREFIX_PATH}:/home/bart/goliath_mobile/install/ros2_control_demo_testing:/home/bart/goliath_mobile/install/gripper_description:/opt/ros/humble /usr/bin/cmake --build /home/bart/goliath_mobile/build/rplidar_ros -- -j4 -l4
[3.735s] DEBUG:colcon.colcon_core.event_handler.log_command:Invoking command in '/home/bart/goliath_mobile/build/rplidar_ros': CMAKE_PREFIX_PATH=${CMAKE_PREFIX_PATH}:/home/bart/goliath_mobile/install/ros2_control_demo_testing:/home/bart/goliath_mobile/install/gripper_description:/opt/ros/humble /usr/bin/cmake --install /home/bart/goliath_mobile/build/rplidar_ros
[3.760s] Level 1:colcon.colcon_core.environment:create_environment_scripts_only(goliath_commander_cpp)
[3.763s] Level 1:colcon.colcon_core.environment:checking '/home/bart/goliath_mobile/install/goliath_commander_cpp' for CMake module files
[3.766s] Level 1:colcon.colcon_core.environment:checking '/home/bart/goliath_mobile/install/goliath_commander_cpp' for CMake config files
[3.765s] DEBUG:colcon.colcon_core.event_handler.log_command:Invoked command in '/home/bart/goliath_mobile/build/goliath_commander_cpp' returned '0': CMAKE_PREFIX_PATH=/home/bart/goliath_mobile/install/goliath_interfaces:/home/bart/goliath_mobile/install/rplidar_ros:/home/bart/goliath_mobile/install/ros2_control_demos:/home/bart/goliath_mobile/install/moveit:/home/bart/goliath_mobile/install/gripper_controller:/home/bart/goliath_mobile/install/goliath_moveit_config:/home/bart/goliath_mobile/install/goliath_controller:/home/bart/goliath_mobile/install/ros2_control_demo_description:/home/bart/goliath_mobile/install/hoverboard_ros2_control:/home/bart/goliath_mobile/install/hoverboard_hardware_interface:/home/bart/goliath_mobile/install/hoverboard_demo_bringup:/home/bart/goliath_mobile/install/hoverboard_demo_description:/home/bart/goliath_mobile/install/goliath_commander_cpp:/home/bart/goliath_mobile/install/arm_move_joy:/home/bart/goliath_base/install/hoverboard_demo_bringup:/home/bart/goliath_base/install/hoverboard_demo_description:/home/bart/goliath_mobile/install/ros2_control_demo_testing:/home/bart/goliath_mobile/install/gripper_description:/opt/ros/humble LD_LIBRARY_PATH=/home/bart/goliath_mobile/install/goliath_interfaces/lib:/home/bart/goliath_mobile/install/gripper_controller/lib:/home/bart/goliath_mobile/install/goliath_controller/lib:/home/bart/goliath_mobile/install/hoverboard_hardware_interface/lib:/opt/ros/humble/opt/rviz_ogre_vendor/lib:/opt/ros/humble/lib/x86_64-linux-gnu:/opt/ros/humble/lib /usr/bin/cmake --install /home/bart/goliath_mobile/build/goliath_commander_cpp
[3.770s] Level 1:colcon.colcon_core.shell:create_environment_hook('goliath_commander_cpp', 'cmake_prefix_path')
[3.775s] INFO:colcon.colcon_core.shell:Creating environment hook '/home/bart/goliath_mobile/install/goliath_commander_cpp/share/goliath_commander_cpp/hook/cmake_prefix_path.ps1'
[3.776s] INFO:colcon.colcon_core.shell:Creating environment descriptor '/home/bart/goliath_mobile/install/goliath_commander_cpp/share/goliath_commander_cpp/hook/cmake_prefix_path.dsv'
[3.778s] INFO:colcon.colcon_core.shell:Creating environment hook '/home/bart/goliath_mobile/install/goliath_commander_cpp/share/goliath_commander_cpp/hook/cmake_prefix_path.sh'
[3.784s] Level 1:colcon.colcon_core.environment:checking '/home/bart/goliath_mobile/install/goliath_commander_cpp/lib'
[3.784s] Level 1:colcon.colcon_core.environment:checking '/home/bart/goliath_mobile/install/goliath_commander_cpp/bin'
[3.785s] Level 1:colcon.colcon_core.environment:checking '/home/bart/goliath_mobile/install/goliath_commander_cpp/lib/pkgconfig/goliath_commander_cpp.pc'
[3.787s] Level 1:colcon.colcon_core.environment:checking '/home/bart/goliath_mobile/install/goliath_commander_cpp/lib/python3.10/site-packages'
[3.788s] Level 1:colcon.colcon_core.environment:checking '/home/bart/goliath_mobile/install/goliath_commander_cpp/bin'
[3.789s] INFO:colcon.colcon_core.shell:Creating package script '/home/bart/goliath_mobile/install/goliath_commander_cpp/share/goliath_commander_cpp/package.ps1'
[3.795s] INFO:colcon.colcon_core.shell:Creating package descriptor '/home/bart/goliath_mobile/install/goliath_commander_cpp/share/goliath_commander_cpp/package.dsv'
[3.797s] INFO:colcon.colcon_core.shell:Creating package script '/home/bart/goliath_mobile/install/goliath_commander_cpp/share/goliath_commander_cpp/package.sh'
[3.798s] INFO:colcon.colcon_core.shell:Creating package script '/home/bart/goliath_mobile/install/goliath_commander_cpp/share/goliath_commander_cpp/package.bash'
[3.800s] INFO:colcon.colcon_core.shell:Creating package script '/home/bart/goliath_mobile/install/goliath_commander_cpp/share/goliath_commander_cpp/package.zsh'
[3.801s] Level 1:colcon.colcon_core.environment:create_file_with_runtime_dependencies(/home/bart/goliath_mobile/install/goliath_commander_cpp/share/colcon-core/packages/goliath_commander_cpp)
[3.803s] Level 1:colcon.colcon_core.environment:create_environment_scripts_only(goliath_commander_cpp)
[3.803s] Level 1:colcon.colcon_core.environment:checking '/home/bart/goliath_mobile/install/goliath_commander_cpp' for CMake module files
[3.805s] Level 1:colcon.colcon_core.environment:checking '/home/bart/goliath_mobile/install/goliath_commander_cpp' for CMake config files
[3.805s] Level 1:colcon.colcon_core.shell:create_environment_hook('goliath_commander_cpp', 'cmake_prefix_path')
[3.806s] INFO:colcon.colcon_core.shell:Creating environment hook '/home/bart/goliath_mobile/install/goliath_commander_cpp/share/goliath_commander_cpp/hook/cmake_prefix_path.ps1'
[3.809s] INFO:colcon.colcon_core.shell:Creating environment descriptor '/home/bart/goliath_mobile/install/goliath_commander_cpp/share/goliath_commander_cpp/hook/cmake_prefix_path.dsv'
[3.812s] INFO:colcon.colcon_core.shell:Creating environment hook '/home/bart/goliath_mobile/install/goliath_commander_cpp/share/goliath_commander_cpp/hook/cmake_prefix_path.sh'
[3.813s] Level 1:colcon.colcon_core.environment:checking '/home/bart/goliath_mobile/install/goliath_commander_cpp/lib'
[3.814s] Level 1:colcon.colcon_core.environment:checking '/home/bart/goliath_mobile/install/goliath_commander_cpp/bin'
[3.814s] Level 1:colcon.colcon_core.environment:checking '/home/bart/goliath_mobile/install/goliath_commander_cpp/lib/pkgconfig/goliath_commander_cpp.pc'
[3.814s] Level 1:colcon.colcon_core.environment:checking '/home/bart/goliath_mobile/install/goliath_commander_cpp/lib/python3.10/site-packages'
[3.816s] Level 1:colcon.colcon_core.environment:checking '/home/bart/goliath_mobile/install/goliath_commander_cpp/bin'
[3.817s] INFO:colcon.colcon_core.shell:Creating package script '/home/bart/goliath_mobile/install/goliath_commander_cpp/share/goliath_commander_cpp/package.ps1'
[3.819s] INFO:colcon.colcon_core.shell:Creating package descriptor '/home/bart/goliath_mobile/install/goliath_commander_cpp/share/goliath_commander_cpp/package.dsv'
[3.821s] INFO:colcon.colcon_core.shell:Creating package script '/home/bart/goliath_mobile/install/goliath_commander_cpp/share/goliath_commander_cpp/package.sh'
[3.822s] INFO:colcon.colcon_core.shell:Creating package script '/home/bart/goliath_mobile/install/goliath_commander_cpp/share/goliath_commander_cpp/package.bash'
[3.824s] INFO:colcon.colcon_core.shell:Creating package script '/home/bart/goliath_mobile/install/goliath_commander_cpp/share/goliath_commander_cpp/package.zsh'
[3.825s] Level 1:colcon.colcon_core.environment:create_file_with_runtime_dependencies(/home/bart/goliath_mobile/install/goliath_commander_cpp/share/colcon-core/packages/goliath_commander_cpp)
[3.827s] INFO:colcon.colcon_ros.task.ament_cmake.build:Building ROS package in '/home/bart/goliath_mobile/src/golitath_mobile/hoverboard_ros2_control/hoverboard_demo_bringup' with build type 'ament_cmake'
[3.827s] INFO:colcon.colcon_cmake.task.cmake.build:Building CMake package in '/home/bart/goliath_mobile/src/golitath_mobile/hoverboard_ros2_control/hoverboard_demo_bringup'
[3.828s] INFO:colcon.colcon_core.shell:Skip shell extension 'powershell' for command environment: Not usable outside of PowerShell
[3.829s] DEBUG:colcon.colcon_core.shell:Skip shell extension 'dsv' for command environment
[3.854s] DEBUG:colcon.colcon_core.event_handler.log_command:Invoking command in '/home/bart/goliath_mobile/build/gripper_description': PYTHONPATH=/home/bart/goliath_mobile/build/gripper_description/prefix_override:/usr/lib/python3/dist-packages/colcon_core/task/python/colcon_distutils_commands:/home/bart/goliath_mobile/install/gripper_description/lib/python3.10/site-packages:${PYTHONPATH} /usr/bin/python3 -W ignore:setup.py install is deprecated -W ignore:easy_install command is deprecated setup.py develop --editable --build-directory /home/bart/goliath_mobile/build/gripper_description/build --no-deps symlink_data
[3.856s] Level 1:colcon.colcon_core.environment:create_environment_scripts_only(rplidar_ros)
[3.857s] Level 1:colcon.colcon_core.environment:checking '/home/bart/goliath_mobile/install/rplidar_ros' for CMake module files
[3.858s] DEBUG:colcon.colcon_core.event_handler.log_command:Invoked command in '/home/bart/goliath_mobile/build/rplidar_ros' returned '0': CMAKE_PREFIX_PATH=${CMAKE_PREFIX_PATH}:/home/bart/goliath_mobile/install/ros2_control_demo_testing:/home/bart/goliath_mobile/install/gripper_description:/opt/ros/humble /usr/bin/cmake --install /home/bart/goliath_mobile/build/rplidar_ros
[3.859s] Level 1:colcon.colcon_core.environment:checking '/home/bart/goliath_mobile/install/rplidar_ros' for CMake config files
[3.859s] Level 1:colcon.colcon_core.shell:create_environment_hook('rplidar_ros', 'cmake_prefix_path')
[3.860s] INFO:colcon.colcon_core.shell:Creating environment hook '/home/bart/goliath_mobile/install/rplidar_ros/share/rplidar_ros/hook/cmake_prefix_path.ps1'
[3.861s] INFO:colcon.colcon_core.shell:Creating environment descriptor '/home/bart/goliath_mobile/install/rplidar_ros/share/rplidar_ros/hook/cmake_prefix_path.dsv'
[3.863s] INFO:colcon.colcon_core.shell:Creating environment hook '/home/bart/goliath_mobile/install/rplidar_ros/share/rplidar_ros/hook/cmake_prefix_path.sh'
[3.865s] Level 1:colcon.colcon_core.environment:checking '/home/bart/goliath_mobile/install/rplidar_ros/lib'
[3.865s] Level 1:colcon.colcon_core.environment:checking '/home/bart/goliath_mobile/install/rplidar_ros/bin'
[3.865s] Level 1:colcon.colcon_core.environment:checking '/home/bart/goliath_mobile/install/rplidar_ros/lib/pkgconfig/rplidar_ros.pc'
[3.866s] Level 1:colcon.colcon_core.environment:checking '/home/bart/goliath_mobile/install/rplidar_ros/lib/python3.10/site-packages'
[3.866s] Level 1:colcon.colcon_core.environment:checking '/home/bart/goliath_mobile/install/rplidar_ros/bin'
[3.867s] INFO:colcon.colcon_core.shell:Creating package script '/home/bart/goliath_mobile/install/rplidar_ros/share/rplidar_ros/package.ps1'
[3.870s] INFO:colcon.colcon_core.shell:Creating package descriptor '/home/bart/goliath_mobile/install/rplidar_ros/share/rplidar_ros/package.dsv'
[3.871s] INFO:colcon.colcon_core.shell:Creating package script '/home/bart/goliath_mobile/install/rplidar_ros/share/rplidar_ros/package.sh'
[3.872s] INFO:colcon.colcon_core.shell:Creating package script '/home/bart/goliath_mobile/install/rplidar_ros/share/rplidar_ros/package.bash'
[3.872s] INFO:colcon.colcon_core.shell:Creating package script '/home/bart/goliath_mobile/install/rplidar_ros/share/rplidar_ros/package.zsh'
[3.873s] Level 1:colcon.colcon_core.environment:create_file_with_runtime_dependencies(/home/bart/goliath_mobile/install/rplidar_ros/share/colcon-core/packages/rplidar_ros)
[3.874s] Level 1:colcon.colcon_core.environment:create_environment_scripts_only(rplidar_ros)
[3.874s] Level 1:colcon.colcon_core.environment:checking '/home/bart/goliath_mobile/install/rplidar_ros' for CMake module files
[3.875s] Level 1:colcon.colcon_core.environment:checking '/home/bart/goliath_mobile/install/rplidar_ros' for CMake config files
[3.876s] Level 1:colcon.colcon_core.shell:create_environment_hook('rplidar_ros', 'cmake_prefix_path')
[3.876s] INFO:colcon.colcon_core.shell:Creating environment hook '/home/bart/goliath_mobile/install/rplidar_ros/share/rplidar_ros/hook/cmake_prefix_path.ps1'
[3.879s] INFO:colcon.colcon_core.shell:Creating environment descriptor '/home/bart/goliath_mobile/install/rplidar_ros/share/rplidar_ros/hook/cmake_prefix_path.dsv'
[3.879s] INFO:colcon.colcon_core.shell:Creating environment hook '/home/bart/goliath_mobile/install/rplidar_ros/share/rplidar_ros/hook/cmake_prefix_path.sh'
[3.881s] Level 1:colcon.colcon_core.environment:checking '/home/bart/goliath_mobile/install/rplidar_ros/lib'
[3.881s] Level 1:colcon.colcon_core.environment:checking '/home/bart/goliath_mobile/install/rplidar_ros/bin'
[3.882s] Level 1:colcon.colcon_core.environment:checking '/home/bart/goliath_mobile/install/rplidar_ros/lib/pkgconfig/rplidar_ros.pc'
[3.882s] Level 1:colcon.colcon_core.environment:checking '/home/bart/goliath_mobile/install/rplidar_ros/lib/python3.10/site-packages'
[3.882s] Level 1:colcon.colcon_core.environment:checking '/home/bart/goliath_mobile/install/rplidar_ros/bin'
[3.883s] INFO:colcon.colcon_core.shell:Creating package script '/home/bart/goliath_mobile/install/rplidar_ros/share/rplidar_ros/package.ps1'
[3.884s] INFO:colcon.colcon_core.shell:Creating package descriptor '/home/bart/goliath_mobile/install/rplidar_ros/share/rplidar_ros/package.dsv'
[3.885s] INFO:colcon.colcon_core.shell:Creating package script '/home/bart/goliath_mobile/install/rplidar_ros/share/rplidar_ros/package.sh'
[3.886s] INFO:colcon.colcon_core.shell:Creating package script '/home/bart/goliath_mobile/install/rplidar_ros/share/rplidar_ros/package.bash'
[3.886s] INFO:colcon.colcon_core.shell:Creating package script '/home/bart/goliath_mobile/install/rplidar_ros/share/rplidar_ros/package.zsh'
[3.887s] Level 1:colcon.colcon_core.environment:create_file_with_runtime_dependencies(/home/bart/goliath_mobile/install/rplidar_ros/share/colcon-core/packages/rplidar_ros)
[3.893s] DEBUG:colcon.colcon_core.event_handler.log_command:Invoking command in '/home/bart/goliath_mobile/build/hoverboard_demo_bringup': CMAKE_PREFIX_PATH=/home/bart/goliath_mobile/install/hoverboard_demo_description:/home/bart/goliath_mobile/install/rplidar_ros:/home/bart/goliath_mobile/install/ros2_control_demos:/home/bart/goliath_mobile/install/moveit:/home/bart/goliath_mobile/install/gripper_controller:/home/bart/goliath_mobile/install/goliath_moveit_config:/home/bart/goliath_mobile/install/goliath_controller:/home/bart/goliath_mobile/install/ros2_control_demo_description:/home/bart/goliath_mobile/install/hoverboard_ros2_control:/home/bart/goliath_mobile/install/hoverboard_hardware_interface:/home/bart/goliath_mobile/install/hoverboard_demo_bringup:/home/bart/goliath_mobile/install/goliath_commander_cpp:/home/bart/goliath_mobile/install/goliath_interfaces:/home/bart/goliath_mobile/install/arm_move_joy:/home/bart/goliath_base/install/hoverboard_demo_bringup:/home/bart/goliath_base/install/hoverboard_demo_description:/home/bart/goliath_mobile/install/ros2_control_demo_testing:/home/bart/goliath_mobile/install/gripper_description:/opt/ros/humble /usr/bin/cmake --build /home/bart/goliath_mobile/build/hoverboard_demo_bringup -- -j4 -l4
[3.967s] DEBUG:colcon.colcon_core.event_handler.log_command:Invoked command in '/home/bart/goliath_mobile/build/hoverboard_demo_bringup' returned '0': CMAKE_PREFIX_PATH=/home/bart/goliath_mobile/install/hoverboard_demo_description:/home/bart/goliath_mobile/install/rplidar_ros:/home/bart/goliath_mobile/install/ros2_control_demos:/home/bart/goliath_mobile/install/moveit:/home/bart/goliath_mobile/install/gripper_controller:/home/bart/goliath_mobile/install/goliath_moveit_config:/home/bart/goliath_mobile/install/goliath_controller:/home/bart/goliath_mobile/install/ros2_control_demo_description:/home/bart/goliath_mobile/install/hoverboard_ros2_control:/home/bart/goliath_mobile/install/hoverboard_hardware_interface:/home/bart/goliath_mobile/install/hoverboard_demo_bringup:/home/bart/goliath_mobile/install/goliath_commander_cpp:/home/bart/goliath_mobile/install/goliath_interfaces:/home/bart/goliath_mobile/install/arm_move_joy:/home/bart/goliath_base/install/hoverboard_demo_bringup:/home/bart/goliath_base/install/hoverboard_demo_description:/home/bart/goliath_mobile/install/ros2_control_demo_testing:/home/bart/goliath_mobile/install/gripper_description:/opt/ros/humble /usr/bin/cmake --build /home/bart/goliath_mobile/build/hoverboard_demo_bringup -- -j4 -l4
[3.968s] DEBUG:colcon.colcon_core.event_handler.log_command:Invoking command in '/home/bart/goliath_mobile/build/hoverboard_demo_bringup': CMAKE_PREFIX_PATH=/home/bart/goliath_mobile/install/hoverboard_demo_description:/home/bart/goliath_mobile/install/rplidar_ros:/home/bart/goliath_mobile/install/ros2_control_demos:/home/bart/goliath_mobile/install/moveit:/home/bart/goliath_mobile/install/gripper_controller:/home/bart/goliath_mobile/install/goliath_moveit_config:/home/bart/goliath_mobile/install/goliath_controller:/home/bart/goliath_mobile/install/ros2_control_demo_description:/home/bart/goliath_mobile/install/hoverboard_ros2_control:/home/bart/goliath_mobile/install/hoverboard_hardware_interface:/home/bart/goliath_mobile/install/hoverboard_demo_bringup:/home/bart/goliath_mobile/install/goliath_commander_cpp:/home/bart/goliath_mobile/install/goliath_interfaces:/home/bart/goliath_mobile/install/arm_move_joy:/home/bart/goliath_base/install/hoverboard_demo_bringup:/home/bart/goliath_base/install/hoverboard_demo_description:/home/bart/goliath_mobile/install/ros2_control_demo_testing:/home/bart/goliath_mobile/install/gripper_description:/opt/ros/humble /usr/bin/cmake --install /home/bart/goliath_mobile/build/hoverboard_demo_bringup
[4.016s] Level 1:colcon.colcon_core.environment:create_environment_scripts_only(hoverboard_demo_bringup)
[4.017s] Level 1:colcon.colcon_core.environment:checking '/home/bart/goliath_mobile/install/hoverboard_demo_bringup' for CMake module files
[4.019s] DEBUG:colcon.colcon_core.event_handler.log_command:Invoked command in '/home/bart/goliath_mobile/build/hoverboard_demo_bringup' returned '0': CMAKE_PREFIX_PATH=/home/bart/goliath_mobile/install/hoverboard_demo_description:/home/bart/goliath_mobile/install/rplidar_ros:/home/bart/goliath_mobile/install/ros2_control_demos:/home/bart/goliath_mobile/install/moveit:/home/bart/goliath_mobile/install/gripper_controller:/home/bart/goliath_mobile/install/goliath_moveit_config:/home/bart/goliath_mobile/install/goliath_controller:/home/bart/goliath_mobile/install/ros2_control_demo_description:/home/bart/goliath_mobile/install/hoverboard_ros2_control:/home/bart/goliath_mobile/install/hoverboard_hardware_interface:/home/bart/goliath_mobile/install/hoverboard_demo_bringup:/home/bart/goliath_mobile/install/goliath_commander_cpp:/home/bart/goliath_mobile/install/goliath_interfaces:/home/bart/goliath_mobile/install/arm_move_joy:/home/bart/goliath_base/install/hoverboard_demo_bringup:/home/bart/goliath_base/install/hoverboard_demo_description:/home/bart/goliath_mobile/install/ros2_control_demo_testing:/home/bart/goliath_mobile/install/gripper_description:/opt/ros/humble /usr/bin/cmake --install /home/bart/goliath_mobile/build/hoverboard_demo_bringup
[4.020s] Level 1:colcon.colcon_core.environment:checking '/home/bart/goliath_mobile/install/hoverboard_demo_bringup' for CMake config files
[4.021s] Level 1:colcon.colcon_core.shell:create_environment_hook('hoverboard_demo_bringup', 'cmake_prefix_path')
[4.022s] INFO:colcon.colcon_core.shell:Creating environment hook '/home/bart/goliath_mobile/install/hoverboard_demo_bringup/share/hoverboard_demo_bringup/hook/cmake_prefix_path.ps1'
[4.023s] INFO:colcon.colcon_core.shell:Creating environment descriptor '/home/bart/goliath_mobile/install/hoverboard_demo_bringup/share/hoverboard_demo_bringup/hook/cmake_prefix_path.dsv'
[4.025s] INFO:colcon.colcon_core.shell:Creating environment hook '/home/bart/goliath_mobile/install/hoverboard_demo_bringup/share/hoverboard_demo_bringup/hook/cmake_prefix_path.sh'
[4.026s] Level 1:colcon.colcon_core.environment:checking '/home/bart/goliath_mobile/install/hoverboard_demo_bringup/bin'
[4.026s] Level 1:colcon.colcon_core.environment:checking '/home/bart/goliath_mobile/install/hoverboard_demo_bringup/lib/pkgconfig/hoverboard_demo_bringup.pc'
[4.027s] Level 1:colcon.colcon_core.environment:checking '/home/bart/goliath_mobile/install/hoverboard_demo_bringup/lib/python3.10/site-packages'
[4.028s] Level 1:colcon.colcon_core.environment:checking '/home/bart/goliath_mobile/install/hoverboard_demo_bringup/bin'
[4.029s] INFO:colcon.colcon_core.shell:Creating package script '/home/bart/goliath_mobile/install/hoverboard_demo_bringup/share/hoverboard_demo_bringup/package.ps1'
[4.032s] INFO:colcon.colcon_core.shell:Creating package descriptor '/home/bart/goliath_mobile/install/hoverboard_demo_bringup/share/hoverboard_demo_bringup/package.dsv'
[4.033s] INFO:colcon.colcon_core.shell:Creating package script '/home/bart/goliath_mobile/install/hoverboard_demo_bringup/share/hoverboard_demo_bringup/package.sh'
[4.034s] INFO:colcon.colcon_core.shell:Creating package script '/home/bart/goliath_mobile/install/hoverboard_demo_bringup/share/hoverboard_demo_bringup/package.bash'
[4.035s] INFO:colcon.colcon_core.shell:Creating package script '/home/bart/goliath_mobile/install/hoverboard_demo_bringup/share/hoverboard_demo_bringup/package.zsh'
[4.036s] Level 1:colcon.colcon_core.environment:create_file_with_runtime_dependencies(/home/bart/goliath_mobile/install/hoverboard_demo_bringup/share/colcon-core/packages/hoverboard_demo_bringup)
[4.037s] Level 1:colcon.colcon_core.environment:create_environment_scripts_only(hoverboard_demo_bringup)
[4.038s] Level 1:colcon.colcon_core.environment:checking '/home/bart/goliath_mobile/install/hoverboard_demo_bringup' for CMake module files
[4.039s] Level 1:colcon.colcon_core.environment:checking '/home/bart/goliath_mobile/install/hoverboard_demo_bringup' for CMake config files
[4.040s] Level 1:colcon.colcon_core.shell:create_environment_hook('hoverboard_demo_bringup', 'cmake_prefix_path')
[4.041s] INFO:colcon.colcon_core.shell:Creating environment hook '/home/bart/goliath_mobile/install/hoverboard_demo_bringup/share/hoverboard_demo_bringup/hook/cmake_prefix_path.ps1'
[4.042s] INFO:colcon.colcon_core.shell:Creating environment descriptor '/home/bart/goliath_mobile/install/hoverboard_demo_bringup/share/hoverboard_demo_bringup/hook/cmake_prefix_path.dsv'
[4.043s] INFO:colcon.colcon_core.shell:Creating environment hook '/home/bart/goliath_mobile/install/hoverboard_demo_bringup/share/hoverboard_demo_bringup/hook/cmake_prefix_path.sh'
[4.044s] Level 1:colcon.colcon_core.environment:checking '/home/bart/goliath_mobile/install/hoverboard_demo_bringup/bin'
[4.045s] Level 1:colcon.colcon_core.environment:checking '/home/bart/goliath_mobile/install/hoverboard_demo_bringup/lib/pkgconfig/hoverboard_demo_bringup.pc'
[4.045s] Level 1:colcon.colcon_core.environment:checking '/home/bart/goliath_mobile/install/hoverboard_demo_bringup/lib/python3.10/site-packages'
[4.046s] Level 1:colcon.colcon_core.environment:checking '/home/bart/goliath_mobile/install/hoverboard_demo_bringup/bin'
[4.047s] INFO:colcon.colcon_core.shell:Creating package script '/home/bart/goliath_mobile/install/hoverboard_demo_bringup/share/hoverboard_demo_bringup/package.ps1'
[4.048s] INFO:colcon.colcon_core.shell:Creating package descriptor '/home/bart/goliath_mobile/install/hoverboard_demo_bringup/share/hoverboard_demo_bringup/package.dsv'
[4.050s] INFO:colcon.colcon_core.shell:Creating package script '/home/bart/goliath_mobile/install/hoverboard_demo_bringup/share/hoverboard_demo_bringup/package.sh'
[4.051s] INFO:colcon.colcon_core.shell:Creating package script '/home/bart/goliath_mobile/install/hoverboard_demo_bringup/share/hoverboard_demo_bringup/package.bash'
[4.052s] INFO:colcon.colcon_core.shell:Creating package script '/home/bart/goliath_mobile/install/hoverboard_demo_bringup/share/hoverboard_demo_bringup/package.zsh'
[4.053s] Level 1:colcon.colcon_core.environment:create_file_with_runtime_dependencies(/home/bart/goliath_mobile/install/hoverboard_demo_bringup/share/colcon-core/packages/hoverboard_demo_bringup)
[4.436s] Level 1:colcon.colcon_core.shell:create_environment_hook('ros2_control_demo_testing', 'pythonpath_develop')
[4.437s] DEBUG:colcon.colcon_core.event_handler.log_command:Invoked command in '/home/bart/goliath_mobile/build/ros2_control_demo_testing' returned '0': PYTHONPATH=/home/bart/goliath_mobile/build/ros2_control_demo_testing/prefix_override:/usr/lib/python3/dist-packages/colcon_core/task/python/colcon_distutils_commands:/home/bart/goliath_mobile/install/ros2_control_demo_testing/lib/python3.10/site-packages:${PYTHONPATH} /usr/bin/python3 -W ignore:setup.py install is deprecated -W ignore:easy_install command is deprecated setup.py develop --editable --build-directory /home/bart/goliath_mobile/build/ros2_control_demo_testing/build --no-deps symlink_data
[4.437s] INFO:colcon.colcon_core.shell:Creating environment hook '/home/bart/goliath_mobile/build/ros2_control_demo_testing/share/ros2_control_demo_testing/hook/pythonpath_develop.ps1'
[4.438s] INFO:colcon.colcon_core.shell:Creating environment descriptor '/home/bart/goliath_mobile/build/ros2_control_demo_testing/share/ros2_control_demo_testing/hook/pythonpath_develop.dsv'
[4.439s] INFO:colcon.colcon_core.shell:Creating environment hook '/home/bart/goliath_mobile/build/ros2_control_demo_testing/share/ros2_control_demo_testing/hook/pythonpath_develop.sh'
[4.441s] Level 1:colcon.colcon_core.environment:checking '/home/bart/goliath_mobile/install/ros2_control_demo_testing' for CMake module files
[4.442s] Level 1:colcon.colcon_core.environment:checking '/home/bart/goliath_mobile/install/ros2_control_demo_testing' for CMake config files
[4.444s] Level 1:colcon.colcon_core.environment:checking '/home/bart/goliath_mobile/install/ros2_control_demo_testing/lib'
[4.444s] Level 1:colcon.colcon_core.environment:checking '/home/bart/goliath_mobile/install/ros2_control_demo_testing/bin'
[4.445s] Level 1:colcon.colcon_core.environment:checking '/home/bart/goliath_mobile/install/ros2_control_demo_testing/lib/pkgconfig/ros2_control_demo_testing.pc'
[4.445s] Level 1:colcon.colcon_core.environment:checking '/home/bart/goliath_mobile/install/ros2_control_demo_testing/lib/python3.10/site-packages'
[4.445s] Level 1:colcon.colcon_core.shell:create_environment_hook('ros2_control_demo_testing', 'pythonpath')
[4.446s] INFO:colcon.colcon_core.shell:Creating environment hook '/home/bart/goliath_mobile/install/ros2_control_demo_testing/share/ros2_control_demo_testing/hook/pythonpath.ps1'
[4.447s] INFO:colcon.colcon_core.shell:Creating environment descriptor '/home/bart/goliath_mobile/install/ros2_control_demo_testing/share/ros2_control_demo_testing/hook/pythonpath.dsv'
[4.448s] INFO:colcon.colcon_core.shell:Creating environment hook '/home/bart/goliath_mobile/install/ros2_control_demo_testing/share/ros2_control_demo_testing/hook/pythonpath.sh'
[4.449s] Level 1:colcon.colcon_core.environment:checking '/home/bart/goliath_mobile/install/ros2_control_demo_testing/bin'
[4.450s] Level 1:colcon.colcon_core.environment:create_environment_scripts_only(ros2_control_demo_testing)
[4.450s] INFO:colcon.colcon_core.shell:Creating package script '/home/bart/goliath_mobile/install/ros2_control_demo_testing/share/ros2_control_demo_testing/package.ps1'
[4.452s] INFO:colcon.colcon_core.shell:Creating package descriptor '/home/bart/goliath_mobile/install/ros2_control_demo_testing/share/ros2_control_demo_testing/package.dsv'
[4.453s] INFO:colcon.colcon_core.shell:Creating package script '/home/bart/goliath_mobile/install/ros2_control_demo_testing/share/ros2_control_demo_testing/package.sh'
[4.454s] INFO:colcon.colcon_core.shell:Creating package script '/home/bart/goliath_mobile/install/ros2_control_demo_testing/share/ros2_control_demo_testing/package.bash'
[4.455s] INFO:colcon.colcon_core.shell:Creating package script '/home/bart/goliath_mobile/install/ros2_control_demo_testing/share/ros2_control_demo_testing/package.zsh'
[4.456s] Level 1:colcon.colcon_core.environment:create_file_with_runtime_dependencies(/home/bart/goliath_mobile/install/ros2_control_demo_testing/share/colcon-core/packages/ros2_control_demo_testing)
[4.457s] INFO:colcon.colcon_ros.task.ament_cmake.build:Building ROS package in '/home/bart/goliath_mobile/src/golitath_mobile/goliath/goliath_controller' with build type 'ament_cmake'
[4.457s] INFO:colcon.colcon_cmake.task.cmake.build:Building CMake package in '/home/bart/goliath_mobile/src/golitath_mobile/goliath/goliath_controller'
[4.458s] INFO:colcon.colcon_core.shell:Skip shell extension 'powershell' for command environment: Not usable outside of PowerShell
[4.458s] DEBUG:colcon.colcon_core.shell:Skip shell extension 'dsv' for command environment
[4.474s] INFO:colcon.colcon_ros.task.ament_cmake.build:Building ROS package in '/home/bart/goliath_mobile/src/goliath_gripper/gripper_controller' with build type 'ament_cmake'
[4.474s] INFO:colcon.colcon_cmake.task.cmake.build:Building CMake package in '/home/bart/goliath_mobile/src/goliath_gripper/gripper_controller'
[4.475s] INFO:colcon.colcon_core.shell:Skip shell extension 'powershell' for command environment: Not usable outside of PowerShell
[4.475s] DEBUG:colcon.colcon_core.shell:Skip shell extension 'dsv' for command environment
[4.498s] DEBUG:colcon.colcon_core.event_handler.log_command:Invoking command in '/home/bart/goliath_mobile/build/goliath_controller': AMENT_PREFIX_PATH=/home/bart/goliath_mobile/install/ros2_control_demo_testing:/home/bart/goliath_mobile/install/rplidar_ros:/home/bart/goliath_mobile/install/ros2_control_demos:/home/bart/goliath_mobile/install/moveit:/home/bart/goliath_mobile/install/gripper_controller:/home/bart/goliath_mobile/install/goliath_moveit_config:/home/bart/goliath_mobile/install/goliath_controller:/home/bart/goliath_mobile/install/ros2_control_demo_description:/home/bart/goliath_mobile/install/hoverboard_ros2_control:/home/bart/goliath_mobile/install/hoverboard_hardware_interface:/home/bart/goliath_mobile/install/hoverboard_demo_bringup:/home/bart/goliath_mobile/install/hoverboard_demo_description:/home/bart/goliath_mobile/install/gripper_description:/home/bart/goliath_mobile/install/goliath_commander_cpp:/home/bart/goliath_mobile/install/goliath_interfaces:/home/bart/goliath_mobile/install/arm_move_joy:/home/bart/goliath_base/install/hoverboard_demo_bringup:/home/bart/goliath_base/install/hoverboard_demo_description:/opt/ros/humble CMAKE_PREFIX_PATH=/home/bart/goliath_mobile/install/ros2_control_demo_description:/home/bart/goliath_mobile/install/rplidar_ros:/home/bart/goliath_mobile/install/ros2_control_demos:/home/bart/goliath_mobile/install/moveit:/home/bart/goliath_mobile/install/gripper_controller:/home/bart/goliath_mobile/install/goliath_moveit_config:/home/bart/goliath_mobile/install/goliath_controller:/home/bart/goliath_mobile/install/hoverboard_ros2_control:/home/bart/goliath_mobile/install/hoverboard_hardware_interface:/home/bart/goliath_mobile/install/hoverboard_demo_bringup:/home/bart/goliath_mobile/install/hoverboard_demo_description:/home/bart/goliath_mobile/install/goliath_commander_cpp:/home/bart/goliath_mobile/install/goliath_interfaces:/home/bart/goliath_mobile/install/arm_move_joy:/home/bart/goliath_base/install/hoverboard_demo_bringup:/home/bart/goliath_base/install/hoverboard_demo_description:/home/bart/goliath_mobile/install/ros2_control_demo_testing:/home/bart/goliath_mobile/install/gripper_description:/opt/ros/humble /usr/bin/cmake --build /home/bart/goliath_mobile/build/goliath_controller -- -j4 -l4
[4.504s] DEBUG:colcon.colcon_core.event_handler.log_command:Invoking command in '/home/bart/goliath_mobile/build/gripper_controller': AMENT_PREFIX_PATH=/home/bart/goliath_mobile/install/ros2_control_demo_testing:/home/bart/goliath_mobile/install/rplidar_ros:/home/bart/goliath_mobile/install/ros2_control_demos:/home/bart/goliath_mobile/install/moveit:/home/bart/goliath_mobile/install/gripper_controller:/home/bart/goliath_mobile/install/goliath_moveit_config:/home/bart/goliath_mobile/install/goliath_controller:/home/bart/goliath_mobile/install/ros2_control_demo_description:/home/bart/goliath_mobile/install/hoverboard_ros2_control:/home/bart/goliath_mobile/install/hoverboard_hardware_interface:/home/bart/goliath_mobile/install/hoverboard_demo_bringup:/home/bart/goliath_mobile/install/hoverboard_demo_description:/home/bart/goliath_mobile/install/gripper_description:/home/bart/goliath_mobile/install/goliath_commander_cpp:/home/bart/goliath_mobile/install/goliath_interfaces:/home/bart/goliath_mobile/install/arm_move_joy:/home/bart/goliath_base/install/hoverboard_demo_bringup:/home/bart/goliath_base/install/hoverboard_demo_description:/opt/ros/humble CMAKE_PREFIX_PATH=/home/bart/goliath_mobile/install/ros2_control_demo_description:/home/bart/goliath_mobile/install/rplidar_ros:/home/bart/goliath_mobile/install/ros2_control_demos:/home/bart/goliath_mobile/install/moveit:/home/bart/goliath_mobile/install/gripper_controller:/home/bart/goliath_mobile/install/goliath_moveit_config:/home/bart/goliath_mobile/install/goliath_controller:/home/bart/goliath_mobile/install/hoverboard_ros2_control:/home/bart/goliath_mobile/install/hoverboard_hardware_interface:/home/bart/goliath_mobile/install/hoverboard_demo_bringup:/home/bart/goliath_mobile/install/hoverboard_demo_description:/home/bart/goliath_mobile/install/goliath_commander_cpp:/home/bart/goliath_mobile/install/goliath_interfaces:/home/bart/goliath_mobile/install/arm_move_joy:/home/bart/goliath_base/install/hoverboard_demo_bringup:/home/bart/goliath_base/install/hoverboard_demo_description:/home/bart/goliath_mobile/install/ros2_control_demo_testing:/home/bart/goliath_mobile/install/gripper_description:/opt/ros/humble /usr/bin/cmake --build /home/bart/goliath_mobile/build/gripper_controller -- -j4 -l4
[4.715s] DEBUG:colcon.colcon_core.event_handler.log_command:Invoked command in '/home/bart/goliath_mobile/build/goliath_controller' returned '0': AMENT_PREFIX_PATH=/home/bart/goliath_mobile/install/ros2_control_demo_testing:/home/bart/goliath_mobile/install/rplidar_ros:/home/bart/goliath_mobile/install/ros2_control_demos:/home/bart/goliath_mobile/install/moveit:/home/bart/goliath_mobile/install/gripper_controller:/home/bart/goliath_mobile/install/goliath_moveit_config:/home/bart/goliath_mobile/install/goliath_controller:/home/bart/goliath_mobile/install/ros2_control_demo_description:/home/bart/goliath_mobile/install/hoverboard_ros2_control:/home/bart/goliath_mobile/install/hoverboard_hardware_interface:/home/bart/goliath_mobile/install/hoverboard_demo_bringup:/home/bart/goliath_mobile/install/hoverboard_demo_description:/home/bart/goliath_mobile/install/gripper_description:/home/bart/goliath_mobile/install/goliath_commander_cpp:/home/bart/goliath_mobile/install/goliath_interfaces:/home/bart/goliath_mobile/install/arm_move_joy:/home/bart/goliath_base/install/hoverboard_demo_bringup:/home/bart/goliath_base/install/hoverboard_demo_description:/opt/ros/humble CMAKE_PREFIX_PATH=/home/bart/goliath_mobile/install/ros2_control_demo_description:/home/bart/goliath_mobile/install/rplidar_ros:/home/bart/goliath_mobile/install/ros2_control_demos:/home/bart/goliath_mobile/install/moveit:/home/bart/goliath_mobile/install/gripper_controller:/home/bart/goliath_mobile/install/goliath_moveit_config:/home/bart/goliath_mobile/install/goliath_controller:/home/bart/goliath_mobile/install/hoverboard_ros2_control:/home/bart/goliath_mobile/install/hoverboard_hardware_interface:/home/bart/goliath_mobile/install/hoverboard_demo_bringup:/home/bart/goliath_mobile/install/hoverboard_demo_description:/home/bart/goliath_mobile/install/goliath_commander_cpp:/home/bart/goliath_mobile/install/goliath_interfaces:/home/bart/goliath_mobile/install/arm_move_joy:/home/bart/goliath_base/install/hoverboard_demo_bringup:/home/bart/goliath_base/install/hoverboard_demo_description:/home/bart/goliath_mobile/install/ros2_control_demo_testing:/home/bart/goliath_mobile/install/gripper_description:/opt/ros/humble /usr/bin/cmake --build /home/bart/goliath_mobile/build/goliath_controller -- -j4 -l4
[4.718s] DEBUG:colcon.colcon_core.event_handler.log_command:Invoking command in '/home/bart/goliath_mobile/build/goliath_controller': AMENT_PREFIX_PATH=/home/bart/goliath_mobile/install/ros2_control_demo_testing:/home/bart/goliath_mobile/install/rplidar_ros:/home/bart/goliath_mobile/install/ros2_control_demos:/home/bart/goliath_mobile/install/moveit:/home/bart/goliath_mobile/install/gripper_controller:/home/bart/goliath_mobile/install/goliath_moveit_config:/home/bart/goliath_mobile/install/goliath_controller:/home/bart/goliath_mobile/install/ros2_control_demo_description:/home/bart/goliath_mobile/install/hoverboard_ros2_control:/home/bart/goliath_mobile/install/hoverboard_hardware_interface:/home/bart/goliath_mobile/install/hoverboard_demo_bringup:/home/bart/goliath_mobile/install/hoverboard_demo_description:/home/bart/goliath_mobile/install/gripper_description:/home/bart/goliath_mobile/install/goliath_commander_cpp:/home/bart/goliath_mobile/install/goliath_interfaces:/home/bart/goliath_mobile/install/arm_move_joy:/home/bart/goliath_base/install/hoverboard_demo_bringup:/home/bart/goliath_base/install/hoverboard_demo_description:/opt/ros/humble CMAKE_PREFIX_PATH=/home/bart/goliath_mobile/install/ros2_control_demo_description:/home/bart/goliath_mobile/install/rplidar_ros:/home/bart/goliath_mobile/install/ros2_control_demos:/home/bart/goliath_mobile/install/moveit:/home/bart/goliath_mobile/install/gripper_controller:/home/bart/goliath_mobile/install/goliath_moveit_config:/home/bart/goliath_mobile/install/goliath_controller:/home/bart/goliath_mobile/install/hoverboard_ros2_control:/home/bart/goliath_mobile/install/hoverboard_hardware_interface:/home/bart/goliath_mobile/install/hoverboard_demo_bringup:/home/bart/goliath_mobile/install/hoverboard_demo_description:/home/bart/goliath_mobile/install/goliath_commander_cpp:/home/bart/goliath_mobile/install/goliath_interfaces:/home/bart/goliath_mobile/install/arm_move_joy:/home/bart/goliath_base/install/hoverboard_demo_bringup:/home/bart/goliath_base/install/hoverboard_demo_description:/home/bart/goliath_mobile/install/ros2_control_demo_testing:/home/bart/goliath_mobile/install/gripper_description:/opt/ros/humble /usr/bin/cmake --install /home/bart/goliath_mobile/build/goliath_controller
[4.783s] Level 1:colcon.colcon_core.environment:create_environment_scripts_only(goliath_controller)
[4.784s] Level 1:colcon.colcon_core.environment:checking '/home/bart/goliath_mobile/install/goliath_controller' for CMake module files
[4.785s] DEBUG:colcon.colcon_core.event_handler.log_command:Invoked command in '/home/bart/goliath_mobile/build/goliath_controller' returned '0': AMENT_PREFIX_PATH=/home/bart/goliath_mobile/install/ros2_control_demo_testing:/home/bart/goliath_mobile/install/rplidar_ros:/home/bart/goliath_mobile/install/ros2_control_demos:/home/bart/goliath_mobile/install/moveit:/home/bart/goliath_mobile/install/gripper_controller:/home/bart/goliath_mobile/install/goliath_moveit_config:/home/bart/goliath_mobile/install/goliath_controller:/home/bart/goliath_mobile/install/ros2_control_demo_description:/home/bart/goliath_mobile/install/hoverboard_ros2_control:/home/bart/goliath_mobile/install/hoverboard_hardware_interface:/home/bart/goliath_mobile/install/hoverboard_demo_bringup:/home/bart/goliath_mobile/install/hoverboard_demo_description:/home/bart/goliath_mobile/install/gripper_description:/home/bart/goliath_mobile/install/goliath_commander_cpp:/home/bart/goliath_mobile/install/goliath_interfaces:/home/bart/goliath_mobile/install/arm_move_joy:/home/bart/goliath_base/install/hoverboard_demo_bringup:/home/bart/goliath_base/install/hoverboard_demo_description:/opt/ros/humble CMAKE_PREFIX_PATH=/home/bart/goliath_mobile/install/ros2_control_demo_description:/home/bart/goliath_mobile/install/rplidar_ros:/home/bart/goliath_mobile/install/ros2_control_demos:/home/bart/goliath_mobile/install/moveit:/home/bart/goliath_mobile/install/gripper_controller:/home/bart/goliath_mobile/install/goliath_moveit_config:/home/bart/goliath_mobile/install/goliath_controller:/home/bart/goliath_mobile/install/hoverboard_ros2_control:/home/bart/goliath_mobile/install/hoverboard_hardware_interface:/home/bart/goliath_mobile/install/hoverboard_demo_bringup:/home/bart/goliath_mobile/install/hoverboard_demo_description:/home/bart/goliath_mobile/install/goliath_commander_cpp:/home/bart/goliath_mobile/install/goliath_interfaces:/home/bart/goliath_mobile/install/arm_move_joy:/home/bart/goliath_base/install/hoverboard_demo_bringup:/home/bart/goliath_base/install/hoverboard_demo_description:/home/bart/goliath_mobile/install/ros2_control_demo_testing:/home/bart/goliath_mobile/install/gripper_description:/opt/ros/humble /usr/bin/cmake --install /home/bart/goliath_mobile/build/goliath_controller
[4.786s] Level 1:colcon.colcon_core.environment:checking '/home/bart/goliath_mobile/install/goliath_controller' for CMake config files
[4.788s] Level 1:colcon.colcon_core.shell:create_environment_hook('goliath_controller', 'cmake_prefix_path')
[4.788s] INFO:colcon.colcon_core.shell:Creating environment hook '/home/bart/goliath_mobile/install/goliath_controller/share/goliath_controller/hook/cmake_prefix_path.ps1'
[4.789s] INFO:colcon.colcon_core.shell:Creating environment descriptor '/home/bart/goliath_mobile/install/goliath_controller/share/goliath_controller/hook/cmake_prefix_path.dsv'
[4.790s] INFO:colcon.colcon_core.shell:Creating environment hook '/home/bart/goliath_mobile/install/goliath_controller/share/goliath_controller/hook/cmake_prefix_path.sh'
[4.792s] Level 1:colcon.colcon_core.environment:checking '/home/bart/goliath_mobile/install/goliath_controller/lib'
[4.792s] Level 1:colcon.colcon_core.shell:create_environment_hook('goliath_controller', 'ld_library_path_lib')
[4.793s] INFO:colcon.colcon_core.shell:Creating environment hook '/home/bart/goliath_mobile/install/goliath_controller/share/goliath_controller/hook/ld_library_path_lib.ps1'
[4.794s] INFO:colcon.colcon_core.shell:Creating environment descriptor '/home/bart/goliath_mobile/install/goliath_controller/share/goliath_controller/hook/ld_library_path_lib.dsv'
[4.795s] INFO:colcon.colcon_core.shell:Creating environment hook '/home/bart/goliath_mobile/install/goliath_controller/share/goliath_controller/hook/ld_library_path_lib.sh'
[4.797s] Level 1:colcon.colcon_core.environment:checking '/home/bart/goliath_mobile/install/goliath_controller/bin'
[4.797s] Level 1:colcon.colcon_core.environment:checking '/home/bart/goliath_mobile/install/goliath_controller/lib/pkgconfig/goliath_controller.pc'
[4.797s] Level 1:colcon.colcon_core.environment:checking '/home/bart/goliath_mobile/install/goliath_controller/lib/python3.10/site-packages'
[4.798s] Level 1:colcon.colcon_core.environment:checking '/home/bart/goliath_mobile/install/goliath_controller/bin'
[4.799s] INFO:colcon.colcon_core.shell:Creating package script '/home/bart/goliath_mobile/install/goliath_controller/share/goliath_controller/package.ps1'
[4.802s] INFO:colcon.colcon_core.shell:Creating package descriptor '/home/bart/goliath_mobile/install/goliath_controller/share/goliath_controller/package.dsv'
[4.803s] INFO:colcon.colcon_core.shell:Creating package script '/home/bart/goliath_mobile/install/goliath_controller/share/goliath_controller/package.sh'
[4.804s] INFO:colcon.colcon_core.shell:Creating package script '/home/bart/goliath_mobile/install/goliath_controller/share/goliath_controller/package.bash'
[4.806s] INFO:colcon.colcon_core.shell:Creating package script '/home/bart/goliath_mobile/install/goliath_controller/share/goliath_controller/package.zsh'
[4.807s] Level 1:colcon.colcon_core.environment:create_file_with_runtime_dependencies(/home/bart/goliath_mobile/install/goliath_controller/share/colcon-core/packages/goliath_controller)
[4.808s] Level 1:colcon.colcon_core.environment:create_environment_scripts_only(goliath_controller)
[4.809s] Level 1:colcon.colcon_core.environment:checking '/home/bart/goliath_mobile/install/goliath_controller' for CMake module files
[4.810s] Level 1:colcon.colcon_core.environment:checking '/home/bart/goliath_mobile/install/goliath_controller' for CMake config files
[4.812s] Level 1:colcon.colcon_core.shell:create_environment_hook('goliath_controller', 'cmake_prefix_path')
[4.813s] INFO:colcon.colcon_core.shell:Creating environment hook '/home/bart/goliath_mobile/install/goliath_controller/share/goliath_controller/hook/cmake_prefix_path.ps1'
[4.814s] INFO:colcon.colcon_core.shell:Creating environment descriptor '/home/bart/goliath_mobile/install/goliath_controller/share/goliath_controller/hook/cmake_prefix_path.dsv'
[4.815s] INFO:colcon.colcon_core.shell:Creating environment hook '/home/bart/goliath_mobile/install/goliath_controller/share/goliath_controller/hook/cmake_prefix_path.sh'
[4.817s] Level 1:colcon.colcon_core.environment:checking '/home/bart/goliath_mobile/install/goliath_controller/lib'
[4.817s] Level 1:colcon.colcon_core.shell:create_environment_hook('goliath_controller', 'ld_library_path_lib')
[4.818s] INFO:colcon.colcon_core.shell:Creating environment hook '/home/bart/goliath_mobile/install/goliath_controller/share/goliath_controller/hook/ld_library_path_lib.ps1'
[4.819s] INFO:colcon.colcon_core.shell:Creating environment descriptor '/home/bart/goliath_mobile/install/goliath_controller/share/goliath_controller/hook/ld_library_path_lib.dsv'
[4.820s] INFO:colcon.colcon_core.shell:Creating environment hook '/home/bart/goliath_mobile/install/goliath_controller/share/goliath_controller/hook/ld_library_path_lib.sh'
[4.821s] Level 1:colcon.colcon_core.environment:checking '/home/bart/goliath_mobile/install/goliath_controller/bin'
[4.822s] Level 1:colcon.colcon_core.environment:checking '/home/bart/goliath_mobile/install/goliath_controller/lib/pkgconfig/goliath_controller.pc'
[4.823s] Level 1:colcon.colcon_core.environment:checking '/home/bart/goliath_mobile/install/goliath_controller/lib/python3.10/site-packages'
[4.824s] Level 1:colcon.colcon_core.environment:checking '/home/bart/goliath_mobile/install/goliath_controller/bin'
[4.825s] INFO:colcon.colcon_core.shell:Creating package script '/home/bart/goliath_mobile/install/goliath_controller/share/goliath_controller/package.ps1'
[4.827s] INFO:colcon.colcon_core.shell:Creating package descriptor '/home/bart/goliath_mobile/install/goliath_controller/share/goliath_controller/package.dsv'
[4.829s] INFO:colcon.colcon_core.shell:Creating package script '/home/bart/goliath_mobile/install/goliath_controller/share/goliath_controller/package.sh'
[4.831s] INFO:colcon.colcon_core.shell:Creating package script '/home/bart/goliath_mobile/install/goliath_controller/share/goliath_controller/package.bash'
[4.832s] INFO:colcon.colcon_core.shell:Creating package script '/home/bart/goliath_mobile/install/goliath_controller/share/goliath_controller/package.zsh'
[4.834s] Level 1:colcon.colcon_core.environment:create_file_with_runtime_dependencies(/home/bart/goliath_mobile/install/goliath_controller/share/colcon-core/packages/goliath_controller)
[4.835s] INFO:colcon.colcon_ros.task.ament_cmake.build:Building ROS package in '/home/bart/goliath_mobile/src/goliath_moveit_config' with build type 'ament_cmake'
[4.835s] INFO:colcon.colcon_cmake.task.cmake.build:Building CMake package in '/home/bart/goliath_mobile/src/goliath_moveit_config'
[4.836s] INFO:colcon.colcon_core.shell:Skip shell extension 'powershell' for command environment: Not usable outside of PowerShell
[4.837s] DEBUG:colcon.colcon_core.shell:Skip shell extension 'dsv' for command environment
[4.856s] INFO:colcon.colcon_ros.task.ament_cmake.build:Building ROS package in '/home/bart/goliath_mobile/src/golitath_mobile/moveit' with build type 'ament_cmake'
[4.857s] INFO:colcon.colcon_cmake.task.cmake.build:Building CMake package in '/home/bart/goliath_mobile/src/golitath_mobile/moveit'
[4.858s] INFO:colcon.colcon_core.shell:Skip shell extension 'powershell' for command environment: Not usable outside of PowerShell
[4.858s] DEBUG:colcon.colcon_core.shell:Skip shell extension 'dsv' for command environment
[4.887s] DEBUG:colcon.colcon_core.event_handler.log_command:Invoking command in '/home/bart/goliath_mobile/build/goliath_moveit_config': AMENT_PREFIX_PATH=/home/bart/goliath_mobile/install/ros2_control_demo_testing:/home/bart/goliath_mobile/install/rplidar_ros:/home/bart/goliath_mobile/install/ros2_control_demos:/home/bart/goliath_mobile/install/moveit:/home/bart/goliath_mobile/install/gripper_controller:/home/bart/goliath_mobile/install/goliath_moveit_config:/home/bart/goliath_mobile/install/goliath_controller:/home/bart/goliath_mobile/install/ros2_control_demo_description:/home/bart/goliath_mobile/install/hoverboard_ros2_control:/home/bart/goliath_mobile/install/hoverboard_hardware_interface:/home/bart/goliath_mobile/install/hoverboard_demo_bringup:/home/bart/goliath_mobile/install/hoverboard_demo_description:/home/bart/goliath_mobile/install/gripper_description:/home/bart/goliath_mobile/install/goliath_commander_cpp:/home/bart/goliath_mobile/install/goliath_interfaces:/home/bart/goliath_mobile/install/arm_move_joy:/home/bart/goliath_base/install/hoverboard_demo_bringup:/home/bart/goliath_base/install/hoverboard_demo_description:/opt/ros/humble CMAKE_PREFIX_PATH=/home/bart/goliath_mobile/install/goliath_controller:/home/bart/goliath_mobile/install/ros2_control_demo_description:/home/bart/goliath_mobile/install/rplidar_ros:/home/bart/goliath_mobile/install/ros2_control_demos:/home/bart/goliath_mobile/install/moveit:/home/bart/goliath_mobile/install/gripper_controller:/home/bart/goliath_mobile/install/goliath_moveit_config:/home/bart/goliath_mobile/install/hoverboard_ros2_control:/home/bart/goliath_mobile/install/hoverboard_hardware_interface:/home/bart/goliath_mobile/install/hoverboard_demo_bringup:/home/bart/goliath_mobile/install/hoverboard_demo_description:/home/bart/goliath_mobile/install/goliath_commander_cpp:/home/bart/goliath_mobile/install/goliath_interfaces:/home/bart/goliath_mobile/install/arm_move_joy:/home/bart/goliath_base/install/hoverboard_demo_bringup:/home/bart/goliath_base/install/hoverboard_demo_description:/home/bart/goliath_mobile/install/ros2_control_demo_testing:/home/bart/goliath_mobile/install/gripper_description:/opt/ros/humble LD_LIBRARY_PATH=/home/bart/goliath_mobile/install/goliath_controller/lib:/home/bart/goliath_mobile/install/gripper_controller/lib:/home/bart/goliath_mobile/install/hoverboard_hardware_interface/lib:/home/bart/goliath_mobile/install/goliath_interfaces/lib:/opt/ros/humble/opt/rviz_ogre_vendor/lib:/opt/ros/humble/lib/x86_64-linux-gnu:/opt/ros/humble/lib /usr/bin/cmake --build /home/bart/goliath_mobile/build/goliath_moveit_config -- -j4 -l4
[4.917s] DEBUG:colcon.colcon_core.event_handler.log_command:Invoking command in '/home/bart/goliath_mobile/build/moveit': AMENT_PREFIX_PATH=/home/bart/goliath_mobile/install/ros2_control_demo_testing:/home/bart/goliath_mobile/install/rplidar_ros:/home/bart/goliath_mobile/install/ros2_control_demos:/home/bart/goliath_mobile/install/moveit:/home/bart/goliath_mobile/install/gripper_controller:/home/bart/goliath_mobile/install/goliath_moveit_config:/home/bart/goliath_mobile/install/goliath_controller:/home/bart/goliath_mobile/install/ros2_control_demo_description:/home/bart/goliath_mobile/install/hoverboard_ros2_control:/home/bart/goliath_mobile/install/hoverboard_hardware_interface:/home/bart/goliath_mobile/install/hoverboard_demo_bringup:/home/bart/goliath_mobile/install/hoverboard_demo_description:/home/bart/goliath_mobile/install/gripper_description:/home/bart/goliath_mobile/install/goliath_commander_cpp:/home/bart/goliath_mobile/install/goliath_interfaces:/home/bart/goliath_mobile/install/arm_move_joy:/home/bart/goliath_base/install/hoverboard_demo_bringup:/home/bart/goliath_base/install/hoverboard_demo_description:/opt/ros/humble CMAKE_PREFIX_PATH=/home/bart/goliath_mobile/install/goliath_controller:/home/bart/goliath_mobile/install/ros2_control_demo_description:/home/bart/goliath_mobile/install/rplidar_ros:/home/bart/goliath_mobile/install/ros2_control_demos:/home/bart/goliath_mobile/install/moveit:/home/bart/goliath_mobile/install/gripper_controller:/home/bart/goliath_mobile/install/goliath_moveit_config:/home/bart/goliath_mobile/install/hoverboard_ros2_control:/home/bart/goliath_mobile/install/hoverboard_hardware_interface:/home/bart/goliath_mobile/install/hoverboard_demo_bringup:/home/bart/goliath_mobile/install/hoverboard_demo_description:/home/bart/goliath_mobile/install/goliath_commander_cpp:/home/bart/goliath_mobile/install/goliath_interfaces:/home/bart/goliath_mobile/install/arm_move_joy:/home/bart/goliath_base/install/hoverboard_demo_bringup:/home/bart/goliath_base/install/hoverboard_demo_description:/home/bart/goliath_mobile/install/ros2_control_demo_testing:/home/bart/goliath_mobile/install/gripper_description:/opt/ros/humble LD_LIBRARY_PATH=/home/bart/goliath_mobile/install/goliath_controller/lib:/home/bart/goliath_mobile/install/gripper_controller/lib:/home/bart/goliath_mobile/install/hoverboard_hardware_interface/lib:/home/bart/goliath_mobile/install/goliath_interfaces/lib:/opt/ros/humble/opt/rviz_ogre_vendor/lib:/opt/ros/humble/lib/x86_64-linux-gnu:/opt/ros/humble/lib /usr/bin/cmake --build /home/bart/goliath_mobile/build/moveit -- -j4 -l4
[5.008s] DEBUG:colcon.colcon_core.event_handler.log_command:Invoked command in '/home/bart/goliath_mobile/build/goliath_moveit_config' returned '0': AMENT_PREFIX_PATH=/home/bart/goliath_mobile/install/ros2_control_demo_testing:/home/bart/goliath_mobile/install/rplidar_ros:/home/bart/goliath_mobile/install/ros2_control_demos:/home/bart/goliath_mobile/install/moveit:/home/bart/goliath_mobile/install/gripper_controller:/home/bart/goliath_mobile/install/goliath_moveit_config:/home/bart/goliath_mobile/install/goliath_controller:/home/bart/goliath_mobile/install/ros2_control_demo_description:/home/bart/goliath_mobile/install/hoverboard_ros2_control:/home/bart/goliath_mobile/install/hoverboard_hardware_interface:/home/bart/goliath_mobile/install/hoverboard_demo_bringup:/home/bart/goliath_mobile/install/hoverboard_demo_description:/home/bart/goliath_mobile/install/gripper_description:/home/bart/goliath_mobile/install/goliath_commander_cpp:/home/bart/goliath_mobile/install/goliath_interfaces:/home/bart/goliath_mobile/install/arm_move_joy:/home/bart/goliath_base/install/hoverboard_demo_bringup:/home/bart/goliath_base/install/hoverboard_demo_description:/opt/ros/humble CMAKE_PREFIX_PATH=/home/bart/goliath_mobile/install/goliath_controller:/home/bart/goliath_mobile/install/ros2_control_demo_description:/home/bart/goliath_mobile/install/rplidar_ros:/home/bart/goliath_mobile/install/ros2_control_demos:/home/bart/goliath_mobile/install/moveit:/home/bart/goliath_mobile/install/gripper_controller:/home/bart/goliath_mobile/install/goliath_moveit_config:/home/bart/goliath_mobile/install/hoverboard_ros2_control:/home/bart/goliath_mobile/install/hoverboard_hardware_interface:/home/bart/goliath_mobile/install/hoverboard_demo_bringup:/home/bart/goliath_mobile/install/hoverboard_demo_description:/home/bart/goliath_mobile/install/goliath_commander_cpp:/home/bart/goliath_mobile/install/goliath_interfaces:/home/bart/goliath_mobile/install/arm_move_joy:/home/bart/goliath_base/install/hoverboard_demo_bringup:/home/bart/goliath_base/install/hoverboard_demo_description:/home/bart/goliath_mobile/install/ros2_control_demo_testing:/home/bart/goliath_mobile/install/gripper_description:/opt/ros/humble LD_LIBRARY_PATH=/home/bart/goliath_mobile/install/goliath_controller/lib:/home/bart/goliath_mobile/install/gripper_controller/lib:/home/bart/goliath_mobile/install/hoverboard_hardware_interface/lib:/home/bart/goliath_mobile/install/goliath_interfaces/lib:/opt/ros/humble/opt/rviz_ogre_vendor/lib:/opt/ros/humble/lib/x86_64-linux-gnu:/opt/ros/humble/lib /usr/bin/cmake --build /home/bart/goliath_mobile/build/goliath_moveit_config -- -j4 -l4
[5.012s] DEBUG:colcon.colcon_core.event_handler.log_command:Invoking command in '/home/bart/goliath_mobile/build/goliath_moveit_config': AMENT_PREFIX_PATH=/home/bart/goliath_mobile/install/ros2_control_demo_testing:/home/bart/goliath_mobile/install/rplidar_ros:/home/bart/goliath_mobile/install/ros2_control_demos:/home/bart/goliath_mobile/install/moveit:/home/bart/goliath_mobile/install/gripper_controller:/home/bart/goliath_mobile/install/goliath_moveit_config:/home/bart/goliath_mobile/install/goliath_controller:/home/bart/goliath_mobile/install/ros2_control_demo_description:/home/bart/goliath_mobile/install/hoverboard_ros2_control:/home/bart/goliath_mobile/install/hoverboard_hardware_interface:/home/bart/goliath_mobile/install/hoverboard_demo_bringup:/home/bart/goliath_mobile/install/hoverboard_demo_description:/home/bart/goliath_mobile/install/gripper_description:/home/bart/goliath_mobile/install/goliath_commander_cpp:/home/bart/goliath_mobile/install/goliath_interfaces:/home/bart/goliath_mobile/install/arm_move_joy:/home/bart/goliath_base/install/hoverboard_demo_bringup:/home/bart/goliath_base/install/hoverboard_demo_description:/opt/ros/humble CMAKE_PREFIX_PATH=/home/bart/goliath_mobile/install/goliath_controller:/home/bart/goliath_mobile/install/ros2_control_demo_description:/home/bart/goliath_mobile/install/rplidar_ros:/home/bart/goliath_mobile/install/ros2_control_demos:/home/bart/goliath_mobile/install/moveit:/home/bart/goliath_mobile/install/gripper_controller:/home/bart/goliath_mobile/install/goliath_moveit_config:/home/bart/goliath_mobile/install/hoverboard_ros2_control:/home/bart/goliath_mobile/install/hoverboard_hardware_interface:/home/bart/goliath_mobile/install/hoverboard_demo_bringup:/home/bart/goliath_mobile/install/hoverboard_demo_description:/home/bart/goliath_mobile/install/goliath_commander_cpp:/home/bart/goliath_mobile/install/goliath_interfaces:/home/bart/goliath_mobile/install/arm_move_joy:/home/bart/goliath_base/install/hoverboard_demo_bringup:/home/bart/goliath_base/install/hoverboard_demo_description:/home/bart/goliath_mobile/install/ros2_control_demo_testing:/home/bart/goliath_mobile/install/gripper_description:/opt/ros/humble LD_LIBRARY_PATH=/home/bart/goliath_mobile/install/goliath_controller/lib:/home/bart/goliath_mobile/install/gripper_controller/lib:/home/bart/goliath_mobile/install/hoverboard_hardware_interface/lib:/home/bart/goliath_mobile/install/goliath_interfaces/lib:/opt/ros/humble/opt/rviz_ogre_vendor/lib:/opt/ros/humble/lib/x86_64-linux-gnu:/opt/ros/humble/lib /usr/bin/cmake --install /home/bart/goliath_mobile/build/goliath_moveit_config
[5.018s] DEBUG:colcon.colcon_core.event_handler.log_command:Invoked command in '/home/bart/goliath_mobile/build/moveit' returned '0': AMENT_PREFIX_PATH=/home/bart/goliath_mobile/install/ros2_control_demo_testing:/home/bart/goliath_mobile/install/rplidar_ros:/home/bart/goliath_mobile/install/ros2_control_demos:/home/bart/goliath_mobile/install/moveit:/home/bart/goliath_mobile/install/gripper_controller:/home/bart/goliath_mobile/install/goliath_moveit_config:/home/bart/goliath_mobile/install/goliath_controller:/home/bart/goliath_mobile/install/ros2_control_demo_description:/home/bart/goliath_mobile/install/hoverboard_ros2_control:/home/bart/goliath_mobile/install/hoverboard_hardware_interface:/home/bart/goliath_mobile/install/hoverboard_demo_bringup:/home/bart/goliath_mobile/install/hoverboard_demo_description:/home/bart/goliath_mobile/install/gripper_description:/home/bart/goliath_mobile/install/goliath_commander_cpp:/home/bart/goliath_mobile/install/goliath_interfaces:/home/bart/goliath_mobile/install/arm_move_joy:/home/bart/goliath_base/install/hoverboard_demo_bringup:/home/bart/goliath_base/install/hoverboard_demo_description:/opt/ros/humble CMAKE_PREFIX_PATH=/home/bart/goliath_mobile/install/goliath_controller:/home/bart/goliath_mobile/install/ros2_control_demo_description:/home/bart/goliath_mobile/install/rplidar_ros:/home/bart/goliath_mobile/install/ros2_control_demos:/home/bart/goliath_mobile/install/moveit:/home/bart/goliath_mobile/install/gripper_controller:/home/bart/goliath_mobile/install/goliath_moveit_config:/home/bart/goliath_mobile/install/hoverboard_ros2_control:/home/bart/goliath_mobile/install/hoverboard_hardware_interface:/home/bart/goliath_mobile/install/hoverboard_demo_bringup:/home/bart/goliath_mobile/install/hoverboard_demo_description:/home/bart/goliath_mobile/install/goliath_commander_cpp:/home/bart/goliath_mobile/install/goliath_interfaces:/home/bart/goliath_mobile/install/arm_move_joy:/home/bart/goliath_base/install/hoverboard_demo_bringup:/home/bart/goliath_base/install/hoverboard_demo_description:/home/bart/goliath_mobile/install/ros2_control_demo_testing:/home/bart/goliath_mobile/install/gripper_description:/opt/ros/humble LD_LIBRARY_PATH=/home/bart/goliath_mobile/install/goliath_controller/lib:/home/bart/goliath_mobile/install/gripper_controller/lib:/home/bart/goliath_mobile/install/hoverboard_hardware_interface/lib:/home/bart/goliath_mobile/install/goliath_interfaces/lib:/opt/ros/humble/opt/rviz_ogre_vendor/lib:/opt/ros/humble/lib/x86_64-linux-gnu:/opt/ros/humble/lib /usr/bin/cmake --build /home/bart/goliath_mobile/build/moveit -- -j4 -l4
[5.026s] DEBUG:colcon.colcon_core.event_handler.log_command:Invoking command in '/home/bart/goliath_mobile/build/moveit': AMENT_PREFIX_PATH=/home/bart/goliath_mobile/install/ros2_control_demo_testing:/home/bart/goliath_mobile/install/rplidar_ros:/home/bart/goliath_mobile/install/ros2_control_demos:/home/bart/goliath_mobile/install/moveit:/home/bart/goliath_mobile/install/gripper_controller:/home/bart/goliath_mobile/install/goliath_moveit_config:/home/bart/goliath_mobile/install/goliath_controller:/home/bart/goliath_mobile/install/ros2_control_demo_description:/home/bart/goliath_mobile/install/hoverboard_ros2_control:/home/bart/goliath_mobile/install/hoverboard_hardware_interface:/home/bart/goliath_mobile/install/hoverboard_demo_bringup:/home/bart/goliath_mobile/install/hoverboard_demo_description:/home/bart/goliath_mobile/install/gripper_description:/home/bart/goliath_mobile/install/goliath_commander_cpp:/home/bart/goliath_mobile/install/goliath_interfaces:/home/bart/goliath_mobile/install/arm_move_joy:/home/bart/goliath_base/install/hoverboard_demo_bringup:/home/bart/goliath_base/install/hoverboard_demo_description:/opt/ros/humble CMAKE_PREFIX_PATH=/home/bart/goliath_mobile/install/goliath_controller:/home/bart/goliath_mobile/install/ros2_control_demo_description:/home/bart/goliath_mobile/install/rplidar_ros:/home/bart/goliath_mobile/install/ros2_control_demos:/home/bart/goliath_mobile/install/moveit:/home/bart/goliath_mobile/install/gripper_controller:/home/bart/goliath_mobile/install/goliath_moveit_config:/home/bart/goliath_mobile/install/hoverboard_ros2_control:/home/bart/goliath_mobile/install/hoverboard_hardware_interface:/home/bart/goliath_mobile/install/hoverboard_demo_bringup:/home/bart/goliath_mobile/install/hoverboard_demo_description:/home/bart/goliath_mobile/install/goliath_commander_cpp:/home/bart/goliath_mobile/install/goliath_interfaces:/home/bart/goliath_mobile/install/arm_move_joy:/home/bart/goliath_base/install/hoverboard_demo_bringup:/home/bart/goliath_base/install/hoverboard_demo_description:/home/bart/goliath_mobile/install/ros2_control_demo_testing:/home/bart/goliath_mobile/install/gripper_description:/opt/ros/humble LD_LIBRARY_PATH=/home/bart/goliath_mobile/install/goliath_controller/lib:/home/bart/goliath_mobile/install/gripper_controller/lib:/home/bart/goliath_mobile/install/hoverboard_hardware_interface/lib:/home/bart/goliath_mobile/install/goliath_interfaces/lib:/opt/ros/humble/opt/rviz_ogre_vendor/lib:/opt/ros/humble/lib/x86_64-linux-gnu:/opt/ros/humble/lib /usr/bin/cmake --install /home/bart/goliath_mobile/build/moveit
[5.045s] Level 1:colcon.colcon_core.shell:create_environment_hook('gripper_description', 'pythonpath_develop')
[5.046s] INFO:colcon.colcon_core.shell:Creating environment hook '/home/bart/goliath_mobile/build/gripper_description/share/gripper_description/hook/pythonpath_develop.ps1'
[5.049s] DEBUG:colcon.colcon_core.event_handler.log_command:Invoked command in '/home/bart/goliath_mobile/build/gripper_description' returned '0': PYTHONPATH=/home/bart/goliath_mobile/build/gripper_description/prefix_override:/usr/lib/python3/dist-packages/colcon_core/task/python/colcon_distutils_commands:/home/bart/goliath_mobile/install/gripper_description/lib/python3.10/site-packages:${PYTHONPATH} /usr/bin/python3 -W ignore:setup.py install is deprecated -W ignore:easy_install command is deprecated setup.py develop --editable --build-directory /home/bart/goliath_mobile/build/gripper_description/build --no-deps symlink_data
[5.050s] INFO:colcon.colcon_core.shell:Creating environment descriptor '/home/bart/goliath_mobile/build/gripper_description/share/gripper_description/hook/pythonpath_develop.dsv'
[5.053s] INFO:colcon.colcon_core.shell:Creating environment hook '/home/bart/goliath_mobile/build/gripper_description/share/gripper_description/hook/pythonpath_develop.sh'
[5.056s] Level 1:colcon.colcon_core.environment:checking '/home/bart/goliath_mobile/install/gripper_description' for CMake module files
[5.058s] Level 1:colcon.colcon_core.environment:checking '/home/bart/goliath_mobile/install/gripper_description' for CMake config files
[5.062s] Level 1:colcon.colcon_core.environment:checking '/home/bart/goliath_mobile/install/gripper_description/lib'
[5.062s] Level 1:colcon.colcon_core.environment:checking '/home/bart/goliath_mobile/install/gripper_description/bin'
[5.062s] Level 1:colcon.colcon_core.environment:checking '/home/bart/goliath_mobile/install/gripper_description/lib/pkgconfig/gripper_description.pc'
[5.063s] Level 1:colcon.colcon_core.environment:checking '/home/bart/goliath_mobile/install/gripper_description/lib/python3.10/site-packages'
[5.064s] Level 1:colcon.colcon_core.shell:create_environment_hook('gripper_description', 'pythonpath')
[5.065s] INFO:colcon.colcon_core.shell:Creating environment hook '/home/bart/goliath_mobile/install/gripper_description/share/gripper_description/hook/pythonpath.ps1'
[5.070s] INFO:colcon.colcon_core.shell:Creating environment descriptor '/home/bart/goliath_mobile/install/gripper_description/share/gripper_description/hook/pythonpath.dsv'
[5.071s] INFO:colcon.colcon_core.shell:Creating environment hook '/home/bart/goliath_mobile/install/gripper_description/share/gripper_description/hook/pythonpath.sh'
[5.073s] Level 1:colcon.colcon_core.environment:checking '/home/bart/goliath_mobile/install/gripper_description/bin'
[5.074s] Level 1:colcon.colcon_core.environment:create_environment_scripts_only(gripper_description)
[5.075s] INFO:colcon.colcon_core.shell:Creating package script '/home/bart/goliath_mobile/install/gripper_description/share/gripper_description/package.ps1'
[5.080s] INFO:colcon.colcon_core.shell:Creating package descriptor '/home/bart/goliath_mobile/install/gripper_description/share/gripper_description/package.dsv'
[5.082s] INFO:colcon.colcon_core.shell:Creating package script '/home/bart/goliath_mobile/install/gripper_description/share/gripper_description/package.sh'
[5.085s] INFO:colcon.colcon_core.shell:Creating package script '/home/bart/goliath_mobile/install/gripper_description/share/gripper_description/package.bash'
[5.088s] INFO:colcon.colcon_core.shell:Creating package script '/home/bart/goliath_mobile/install/gripper_description/share/gripper_description/package.zsh'
[5.089s] Level 1:colcon.colcon_core.environment:create_file_with_runtime_dependencies(/home/bart/goliath_mobile/install/gripper_description/share/colcon-core/packages/gripper_description)
[5.091s] INFO:colcon.colcon_ros.task.ament_cmake.build:Building ROS package in '/home/bart/goliath_mobile/src/golitath_mobile/goliath/ros2_control_demos' with build type 'ament_cmake'
[5.091s] INFO:colcon.colcon_cmake.task.cmake.build:Building CMake package in '/home/bart/goliath_mobile/src/golitath_mobile/goliath/ros2_control_demos'
[5.091s] INFO:colcon.colcon_core.shell:Skip shell extension 'powershell' for command environment: Not usable outside of PowerShell
[5.091s] DEBUG:colcon.colcon_core.shell:Skip shell extension 'dsv' for command environment
[5.104s] Level 1:colcon.colcon_core.environment:create_environment_scripts_only(goliath_moveit_config)
[5.104s] Level 1:colcon.colcon_core.environment:checking '/home/bart/goliath_mobile/install/goliath_moveit_config' for CMake module files
[5.106s] Level 1:colcon.colcon_core.environment:checking '/home/bart/goliath_mobile/install/goliath_moveit_config' for CMake config files
[5.107s] Level 1:colcon.colcon_core.shell:create_environment_hook('goliath_moveit_config', 'cmake_prefix_path')
[5.107s] INFO:colcon.colcon_core.shell:Creating environment hook '/home/bart/goliath_mobile/install/goliath_moveit_config/share/goliath_moveit_config/hook/cmake_prefix_path.ps1'
[5.109s] DEBUG:colcon.colcon_core.event_handler.log_command:Invoked command in '/home/bart/goliath_mobile/build/goliath_moveit_config' returned '0': AMENT_PREFIX_PATH=/home/bart/goliath_mobile/install/ros2_control_demo_testing:/home/bart/goliath_mobile/install/rplidar_ros:/home/bart/goliath_mobile/install/ros2_control_demos:/home/bart/goliath_mobile/install/moveit:/home/bart/goliath_mobile/install/gripper_controller:/home/bart/goliath_mobile/install/goliath_moveit_config:/home/bart/goliath_mobile/install/goliath_controller:/home/bart/goliath_mobile/install/ros2_control_demo_description:/home/bart/goliath_mobile/install/hoverboard_ros2_control:/home/bart/goliath_mobile/install/hoverboard_hardware_interface:/home/bart/goliath_mobile/install/hoverboard_demo_bringup:/home/bart/goliath_mobile/install/hoverboard_demo_description:/home/bart/goliath_mobile/install/gripper_description:/home/bart/goliath_mobile/install/goliath_commander_cpp:/home/bart/goliath_mobile/install/goliath_interfaces:/home/bart/goliath_mobile/install/arm_move_joy:/home/bart/goliath_base/install/hoverboard_demo_bringup:/home/bart/goliath_base/install/hoverboard_demo_description:/opt/ros/humble CMAKE_PREFIX_PATH=/home/bart/goliath_mobile/install/goliath_controller:/home/bart/goliath_mobile/install/ros2_control_demo_description:/home/bart/goliath_mobile/install/rplidar_ros:/home/bart/goliath_mobile/install/ros2_control_demos:/home/bart/goliath_mobile/install/moveit:/home/bart/goliath_mobile/install/gripper_controller:/home/bart/goliath_mobile/install/goliath_moveit_config:/home/bart/goliath_mobile/install/hoverboard_ros2_control:/home/bart/goliath_mobile/install/hoverboard_hardware_interface:/home/bart/goliath_mobile/install/hoverboard_demo_bringup:/home/bart/goliath_mobile/install/hoverboard_demo_description:/home/bart/goliath_mobile/install/goliath_commander_cpp:/home/bart/goliath_mobile/install/goliath_interfaces:/home/bart/goliath_mobile/install/arm_move_joy:/home/bart/goliath_base/install/hoverboard_demo_bringup:/home/bart/goliath_base/install/hoverboard_demo_description:/home/bart/goliath_mobile/install/ros2_control_demo_testing:/home/bart/goliath_mobile/install/gripper_description:/opt/ros/humble LD_LIBRARY_PATH=/home/bart/goliath_mobile/install/goliath_controller/lib:/home/bart/goliath_mobile/install/gripper_controller/lib:/home/bart/goliath_mobile/install/hoverboard_hardware_interface/lib:/home/bart/goliath_mobile/install/goliath_interfaces/lib:/opt/ros/humble/opt/rviz_ogre_vendor/lib:/opt/ros/humble/lib/x86_64-linux-gnu:/opt/ros/humble/lib /usr/bin/cmake --install /home/bart/goliath_mobile/build/goliath_moveit_config
[5.109s] INFO:colcon.colcon_core.shell:Creating environment descriptor '/home/bart/goliath_mobile/install/goliath_moveit_config/share/goliath_moveit_config/hook/cmake_prefix_path.dsv'
[5.111s] INFO:colcon.colcon_core.shell:Creating environment hook '/home/bart/goliath_mobile/install/goliath_moveit_config/share/goliath_moveit_config/hook/cmake_prefix_path.sh'
[5.113s] Level 1:colcon.colcon_core.environment:checking '/home/bart/goliath_mobile/install/goliath_moveit_config/bin'
[5.113s] Level 1:colcon.colcon_core.environment:checking '/home/bart/goliath_mobile/install/goliath_moveit_config/lib/pkgconfig/goliath_moveit_config.pc'
[5.114s] Level 1:colcon.colcon_core.environment:checking '/home/bart/goliath_mobile/install/goliath_moveit_config/lib/python3.10/site-packages'
[5.115s] Level 1:colcon.colcon_core.environment:checking '/home/bart/goliath_mobile/install/goliath_moveit_config/bin'
[5.116s] INFO:colcon.colcon_core.shell:Creating package script '/home/bart/goliath_mobile/install/goliath_moveit_config/share/goliath_moveit_config/package.ps1'
[5.117s] INFO:colcon.colcon_core.shell:Creating package descriptor '/home/bart/goliath_mobile/install/goliath_moveit_config/share/goliath_moveit_config/package.dsv'
[5.119s] INFO:colcon.colcon_core.shell:Creating package script '/home/bart/goliath_mobile/install/goliath_moveit_config/share/goliath_moveit_config/package.sh'
[5.120s] INFO:colcon.colcon_core.shell:Creating package script '/home/bart/goliath_mobile/install/goliath_moveit_config/share/goliath_moveit_config/package.bash'
[5.121s] INFO:colcon.colcon_core.shell:Creating package script '/home/bart/goliath_mobile/install/goliath_moveit_config/share/goliath_moveit_config/package.zsh'
[5.121s] Level 1:colcon.colcon_core.environment:create_file_with_runtime_dependencies(/home/bart/goliath_mobile/install/goliath_moveit_config/share/colcon-core/packages/goliath_moveit_config)
[5.122s] Level 1:colcon.colcon_core.environment:create_environment_scripts_only(goliath_moveit_config)
[5.122s] Level 1:colcon.colcon_core.environment:checking '/home/bart/goliath_mobile/install/goliath_moveit_config' for CMake module files
[5.123s] Level 1:colcon.colcon_core.environment:checking '/home/bart/goliath_mobile/install/goliath_moveit_config' for CMake config files
[5.123s] Level 1:colcon.colcon_core.shell:create_environment_hook('goliath_moveit_config', 'cmake_prefix_path')
[5.124s] INFO:colcon.colcon_core.shell:Creating environment hook '/home/bart/goliath_mobile/install/goliath_moveit_config/share/goliath_moveit_config/hook/cmake_prefix_path.ps1'
[5.124s] INFO:colcon.colcon_core.shell:Creating environment descriptor '/home/bart/goliath_mobile/install/goliath_moveit_config/share/goliath_moveit_config/hook/cmake_prefix_path.dsv'
[5.125s] INFO:colcon.colcon_core.shell:Creating environment hook '/home/bart/goliath_mobile/install/goliath_moveit_config/share/goliath_moveit_config/hook/cmake_prefix_path.sh'
[5.126s] Level 1:colcon.colcon_core.environment:checking '/home/bart/goliath_mobile/install/goliath_moveit_config/bin'
[5.126s] Level 1:colcon.colcon_core.environment:checking '/home/bart/goliath_mobile/install/goliath_moveit_config/lib/pkgconfig/goliath_moveit_config.pc'
[5.126s] Level 1:colcon.colcon_core.environment:checking '/home/bart/goliath_mobile/install/goliath_moveit_config/lib/python3.10/site-packages'
[5.127s] Level 1:colcon.colcon_core.environment:checking '/home/bart/goliath_mobile/install/goliath_moveit_config/bin'
[5.127s] INFO:colcon.colcon_core.shell:Creating package script '/home/bart/goliath_mobile/install/goliath_moveit_config/share/goliath_moveit_config/package.ps1'
[5.131s] INFO:colcon.colcon_core.shell:Creating package descriptor '/home/bart/goliath_mobile/install/goliath_moveit_config/share/goliath_moveit_config/package.dsv'
[5.133s] INFO:colcon.colcon_core.shell:Creating package script '/home/bart/goliath_mobile/install/goliath_moveit_config/share/goliath_moveit_config/package.sh'
[5.134s] INFO:colcon.colcon_core.shell:Creating package script '/home/bart/goliath_mobile/install/goliath_moveit_config/share/goliath_moveit_config/package.bash'
[5.136s] INFO:colcon.colcon_core.shell:Creating package script '/home/bart/goliath_mobile/install/goliath_moveit_config/share/goliath_moveit_config/package.zsh'
[5.137s] Level 1:colcon.colcon_core.environment:create_file_with_runtime_dependencies(/home/bart/goliath_mobile/install/goliath_moveit_config/share/colcon-core/packages/goliath_moveit_config)
[5.139s] Level 1:colcon.colcon_core.environment:create_environment_scripts_only(moveit)
[5.140s] DEBUG:colcon.colcon_core.event_handler.log_command:Invoked command in '/home/bart/goliath_mobile/build/moveit' returned '0': AMENT_PREFIX_PATH=/home/bart/goliath_mobile/install/ros2_control_demo_testing:/home/bart/goliath_mobile/install/rplidar_ros:/home/bart/goliath_mobile/install/ros2_control_demos:/home/bart/goliath_mobile/install/moveit:/home/bart/goliath_mobile/install/gripper_controller:/home/bart/goliath_mobile/install/goliath_moveit_config:/home/bart/goliath_mobile/install/goliath_controller:/home/bart/goliath_mobile/install/ros2_control_demo_description:/home/bart/goliath_mobile/install/hoverboard_ros2_control:/home/bart/goliath_mobile/install/hoverboard_hardware_interface:/home/bart/goliath_mobile/install/hoverboard_demo_bringup:/home/bart/goliath_mobile/install/hoverboard_demo_description:/home/bart/goliath_mobile/install/gripper_description:/home/bart/goliath_mobile/install/goliath_commander_cpp:/home/bart/goliath_mobile/install/goliath_interfaces:/home/bart/goliath_mobile/install/arm_move_joy:/home/bart/goliath_base/install/hoverboard_demo_bringup:/home/bart/goliath_base/install/hoverboard_demo_description:/opt/ros/humble CMAKE_PREFIX_PATH=/home/bart/goliath_mobile/install/goliath_controller:/home/bart/goliath_mobile/install/ros2_control_demo_description:/home/bart/goliath_mobile/install/rplidar_ros:/home/bart/goliath_mobile/install/ros2_control_demos:/home/bart/goliath_mobile/install/moveit:/home/bart/goliath_mobile/install/gripper_controller:/home/bart/goliath_mobile/install/goliath_moveit_config:/home/bart/goliath_mobile/install/hoverboard_ros2_control:/home/bart/goliath_mobile/install/hoverboard_hardware_interface:/home/bart/goliath_mobile/install/hoverboard_demo_bringup:/home/bart/goliath_mobile/install/hoverboard_demo_description:/home/bart/goliath_mobile/install/goliath_commander_cpp:/home/bart/goliath_mobile/install/goliath_interfaces:/home/bart/goliath_mobile/install/arm_move_joy:/home/bart/goliath_base/install/hoverboard_demo_bringup:/home/bart/goliath_base/install/hoverboard_demo_description:/home/bart/goliath_mobile/install/ros2_control_demo_testing:/home/bart/goliath_mobile/install/gripper_description:/opt/ros/humble LD_LIBRARY_PATH=/home/bart/goliath_mobile/install/goliath_controller/lib:/home/bart/goliath_mobile/install/gripper_controller/lib:/home/bart/goliath_mobile/install/hoverboard_hardware_interface/lib:/home/bart/goliath_mobile/install/goliath_interfaces/lib:/opt/ros/humble/opt/rviz_ogre_vendor/lib:/opt/ros/humble/lib/x86_64-linux-gnu:/opt/ros/humble/lib /usr/bin/cmake --install /home/bart/goliath_mobile/build/moveit
[5.141s] Level 1:colcon.colcon_core.environment:checking '/home/bart/goliath_mobile/install/moveit' for CMake module files
[5.141s] Level 1:colcon.colcon_core.environment:checking '/home/bart/goliath_mobile/install/moveit' for CMake config files
[5.142s] Level 1:colcon.colcon_core.shell:create_environment_hook('moveit', 'cmake_prefix_path')
[5.142s] INFO:colcon.colcon_core.shell:Creating environment hook '/home/bart/goliath_mobile/install/moveit/share/moveit/hook/cmake_prefix_path.ps1'
[5.143s] INFO:colcon.colcon_core.shell:Creating environment descriptor '/home/bart/goliath_mobile/install/moveit/share/moveit/hook/cmake_prefix_path.dsv'
[5.144s] INFO:colcon.colcon_core.shell:Creating environment hook '/home/bart/goliath_mobile/install/moveit/share/moveit/hook/cmake_prefix_path.sh'
[5.144s] Level 1:colcon.colcon_core.environment:checking '/home/bart/goliath_mobile/install/moveit/bin'
[5.145s] Level 1:colcon.colcon_core.environment:checking '/home/bart/goliath_mobile/install/moveit/lib/pkgconfig/moveit.pc'
[5.145s] Level 1:colcon.colcon_core.environment:checking '/home/bart/goliath_mobile/install/moveit/lib/python3.10/site-packages'
[5.146s] Level 1:colcon.colcon_core.environment:checking '/home/bart/goliath_mobile/install/moveit/bin'
[5.148s] INFO:colcon.colcon_core.shell:Creating package script '/home/bart/goliath_mobile/install/moveit/share/moveit/package.ps1'
[5.150s] INFO:colcon.colcon_core.shell:Creating package descriptor '/home/bart/goliath_mobile/install/moveit/share/moveit/package.dsv'
[5.152s] INFO:colcon.colcon_core.shell:Creating package script '/home/bart/goliath_mobile/install/moveit/share/moveit/package.sh'
[5.155s] INFO:colcon.colcon_core.shell:Creating package script '/home/bart/goliath_mobile/install/moveit/share/moveit/package.bash'
[5.158s] INFO:colcon.colcon_core.shell:Creating package script '/home/bart/goliath_mobile/install/moveit/share/moveit/package.zsh'
[5.159s] Level 1:colcon.colcon_core.environment:create_file_with_runtime_dependencies(/home/bart/goliath_mobile/install/moveit/share/colcon-core/packages/moveit)
[5.160s] Level 1:colcon.colcon_core.environment:create_environment_scripts_only(moveit)
[5.160s] Level 1:colcon.colcon_core.environment:checking '/home/bart/goliath_mobile/install/moveit' for CMake module files
[5.161s] Level 1:colcon.colcon_core.environment:checking '/home/bart/goliath_mobile/install/moveit' for CMake config files
[5.164s] Level 1:colcon.colcon_core.shell:create_environment_hook('moveit', 'cmake_prefix_path')
[5.165s] INFO:colcon.colcon_core.shell:Creating environment hook '/home/bart/goliath_mobile/install/moveit/share/moveit/hook/cmake_prefix_path.ps1'
[5.167s] INFO:colcon.colcon_core.shell:Creating environment descriptor '/home/bart/goliath_mobile/install/moveit/share/moveit/hook/cmake_prefix_path.dsv'
[5.168s] INFO:colcon.colcon_core.shell:Creating environment hook '/home/bart/goliath_mobile/install/moveit/share/moveit/hook/cmake_prefix_path.sh'
[5.169s] Level 1:colcon.colcon_core.environment:checking '/home/bart/goliath_mobile/install/moveit/bin'
[5.169s] Level 1:colcon.colcon_core.environment:checking '/home/bart/goliath_mobile/install/moveit/lib/pkgconfig/moveit.pc'
[5.170s] Level 1:colcon.colcon_core.environment:checking '/home/bart/goliath_mobile/install/moveit/lib/python3.10/site-packages'
[5.170s] Level 1:colcon.colcon_core.environment:checking '/home/bart/goliath_mobile/install/moveit/bin'
[5.171s] INFO:colcon.colcon_core.shell:Creating package script '/home/bart/goliath_mobile/install/moveit/share/moveit/package.ps1'
[5.172s] INFO:colcon.colcon_core.shell:Creating package descriptor '/home/bart/goliath_mobile/install/moveit/share/moveit/package.dsv'
[5.173s] INFO:colcon.colcon_core.shell:Creating package script '/home/bart/goliath_mobile/install/moveit/share/moveit/package.sh'
[5.174s] INFO:colcon.colcon_core.shell:Creating package script '/home/bart/goliath_mobile/install/moveit/share/moveit/package.bash'
[5.174s] INFO:colcon.colcon_core.shell:Creating package script '/home/bart/goliath_mobile/install/moveit/share/moveit/package.zsh'
[5.175s] Level 1:colcon.colcon_core.environment:create_file_with_runtime_dependencies(/home/bart/goliath_mobile/install/moveit/share/colcon-core/packages/moveit)
[5.183s] DEBUG:colcon.colcon_core.event_handler.log_command:Invoking command in '/home/bart/goliath_mobile/build/ros2_control_demos': AMENT_PREFIX_PATH=/home/bart/goliath_mobile/install/ros2_control_demo_testing:/home/bart/goliath_mobile/install/rplidar_ros:/home/bart/goliath_mobile/install/ros2_control_demos:/home/bart/goliath_mobile/install/moveit:/home/bart/goliath_mobile/install/gripper_controller:/home/bart/goliath_mobile/install/goliath_moveit_config:/home/bart/goliath_mobile/install/goliath_controller:/home/bart/goliath_mobile/install/ros2_control_demo_description:/home/bart/goliath_mobile/install/hoverboard_ros2_control:/home/bart/goliath_mobile/install/hoverboard_hardware_interface:/home/bart/goliath_mobile/install/hoverboard_demo_bringup:/home/bart/goliath_mobile/install/hoverboard_demo_description:/home/bart/goliath_mobile/install/gripper_description:/home/bart/goliath_mobile/install/goliath_commander_cpp:/home/bart/goliath_mobile/install/goliath_interfaces:/home/bart/goliath_mobile/install/arm_move_joy:/home/bart/goliath_base/install/hoverboard_demo_bringup:/home/bart/goliath_base/install/hoverboard_demo_description:/opt/ros/humble CMAKE_PREFIX_PATH=/home/bart/goliath_mobile/install/goliath_controller:/home/bart/goliath_mobile/install/ros2_control_demo_description:/home/bart/goliath_mobile/install/rplidar_ros:/home/bart/goliath_mobile/install/ros2_control_demos:/home/bart/goliath_mobile/install/moveit:/home/bart/goliath_mobile/install/gripper_controller:/home/bart/goliath_mobile/install/goliath_moveit_config:/home/bart/goliath_mobile/install/hoverboard_ros2_control:/home/bart/goliath_mobile/install/hoverboard_hardware_interface:/home/bart/goliath_mobile/install/hoverboard_demo_bringup:/home/bart/goliath_mobile/install/hoverboard_demo_description:/home/bart/goliath_mobile/install/goliath_commander_cpp:/home/bart/goliath_mobile/install/goliath_interfaces:/home/bart/goliath_mobile/install/arm_move_joy:/home/bart/goliath_base/install/hoverboard_demo_bringup:/home/bart/goliath_base/install/hoverboard_demo_description:/home/bart/goliath_mobile/install/ros2_control_demo_testing:/home/bart/goliath_mobile/install/gripper_description:/opt/ros/humble LD_LIBRARY_PATH=/home/bart/goliath_mobile/install/goliath_controller/lib:/home/bart/goliath_mobile/install/gripper_controller/lib:/home/bart/goliath_mobile/install/hoverboard_hardware_interface/lib:/home/bart/goliath_mobile/install/goliath_interfaces/lib:/opt/ros/humble/opt/rviz_ogre_vendor/lib:/opt/ros/humble/lib/x86_64-linux-gnu:/opt/ros/humble/lib /usr/bin/cmake --build /home/bart/goliath_mobile/build/ros2_control_demos -- -j4 -l4
[5.243s] DEBUG:colcon.colcon_core.event_handler.log_command:Invoked command in '/home/bart/goliath_mobile/build/ros2_control_demos' returned '0': AMENT_PREFIX_PATH=/home/bart/goliath_mobile/install/ros2_control_demo_testing:/home/bart/goliath_mobile/install/rplidar_ros:/home/bart/goliath_mobile/install/ros2_control_demos:/home/bart/goliath_mobile/install/moveit:/home/bart/goliath_mobile/install/gripper_controller:/home/bart/goliath_mobile/install/goliath_moveit_config:/home/bart/goliath_mobile/install/goliath_controller:/home/bart/goliath_mobile/install/ros2_control_demo_description:/home/bart/goliath_mobile/install/hoverboard_ros2_control:/home/bart/goliath_mobile/install/hoverboard_hardware_interface:/home/bart/goliath_mobile/install/hoverboard_demo_bringup:/home/bart/goliath_mobile/install/hoverboard_demo_description:/home/bart/goliath_mobile/install/gripper_description:/home/bart/goliath_mobile/install/goliath_commander_cpp:/home/bart/goliath_mobile/install/goliath_interfaces:/home/bart/goliath_mobile/install/arm_move_joy:/home/bart/goliath_base/install/hoverboard_demo_bringup:/home/bart/goliath_base/install/hoverboard_demo_description:/opt/ros/humble CMAKE_PREFIX_PATH=/home/bart/goliath_mobile/install/goliath_controller:/home/bart/goliath_mobile/install/ros2_control_demo_description:/home/bart/goliath_mobile/install/rplidar_ros:/home/bart/goliath_mobile/install/ros2_control_demos:/home/bart/goliath_mobile/install/moveit:/home/bart/goliath_mobile/install/gripper_controller:/home/bart/goliath_mobile/install/goliath_moveit_config:/home/bart/goliath_mobile/install/hoverboard_ros2_control:/home/bart/goliath_mobile/install/hoverboard_hardware_interface:/home/bart/goliath_mobile/install/hoverboard_demo_bringup:/home/bart/goliath_mobile/install/hoverboard_demo_description:/home/bart/goliath_mobile/install/goliath_commander_cpp:/home/bart/goliath_mobile/install/goliath_interfaces:/home/bart/goliath_mobile/install/arm_move_joy:/home/bart/goliath_base/install/hoverboard_demo_bringup:/home/bart/goliath_base/install/hoverboard_demo_description:/home/bart/goliath_mobile/install/ros2_control_demo_testing:/home/bart/goliath_mobile/install/gripper_description:/opt/ros/humble LD_LIBRARY_PATH=/home/bart/goliath_mobile/install/goliath_controller/lib:/home/bart/goliath_mobile/install/gripper_controller/lib:/home/bart/goliath_mobile/install/hoverboard_hardware_interface/lib:/home/bart/goliath_mobile/install/goliath_interfaces/lib:/opt/ros/humble/opt/rviz_ogre_vendor/lib:/opt/ros/humble/lib/x86_64-linux-gnu:/opt/ros/humble/lib /usr/bin/cmake --build /home/bart/goliath_mobile/build/ros2_control_demos -- -j4 -l4
[5.246s] DEBUG:colcon.colcon_core.event_handler.log_command:Invoking command in '/home/bart/goliath_mobile/build/ros2_control_demos': AMENT_PREFIX_PATH=/home/bart/goliath_mobile/install/ros2_control_demo_testing:/home/bart/goliath_mobile/install/rplidar_ros:/home/bart/goliath_mobile/install/ros2_control_demos:/home/bart/goliath_mobile/install/moveit:/home/bart/goliath_mobile/install/gripper_controller:/home/bart/goliath_mobile/install/goliath_moveit_config:/home/bart/goliath_mobile/install/goliath_controller:/home/bart/goliath_mobile/install/ros2_control_demo_description:/home/bart/goliath_mobile/install/hoverboard_ros2_control:/home/bart/goliath_mobile/install/hoverboard_hardware_interface:/home/bart/goliath_mobile/install/hoverboard_demo_bringup:/home/bart/goliath_mobile/install/hoverboard_demo_description:/home/bart/goliath_mobile/install/gripper_description:/home/bart/goliath_mobile/install/goliath_commander_cpp:/home/bart/goliath_mobile/install/goliath_interfaces:/home/bart/goliath_mobile/install/arm_move_joy:/home/bart/goliath_base/install/hoverboard_demo_bringup:/home/bart/goliath_base/install/hoverboard_demo_description:/opt/ros/humble CMAKE_PREFIX_PATH=/home/bart/goliath_mobile/install/goliath_controller:/home/bart/goliath_mobile/install/ros2_control_demo_description:/home/bart/goliath_mobile/install/rplidar_ros:/home/bart/goliath_mobile/install/ros2_control_demos:/home/bart/goliath_mobile/install/moveit:/home/bart/goliath_mobile/install/gripper_controller:/home/bart/goliath_mobile/install/goliath_moveit_config:/home/bart/goliath_mobile/install/hoverboard_ros2_control:/home/bart/goliath_mobile/install/hoverboard_hardware_interface:/home/bart/goliath_mobile/install/hoverboard_demo_bringup:/home/bart/goliath_mobile/install/hoverboard_demo_description:/home/bart/goliath_mobile/install/goliath_commander_cpp:/home/bart/goliath_mobile/install/goliath_interfaces:/home/bart/goliath_mobile/install/arm_move_joy:/home/bart/goliath_base/install/hoverboard_demo_bringup:/home/bart/goliath_base/install/hoverboard_demo_description:/home/bart/goliath_mobile/install/ros2_control_demo_testing:/home/bart/goliath_mobile/install/gripper_description:/opt/ros/humble LD_LIBRARY_PATH=/home/bart/goliath_mobile/install/goliath_controller/lib:/home/bart/goliath_mobile/install/gripper_controller/lib:/home/bart/goliath_mobile/install/hoverboard_hardware_interface/lib:/home/bart/goliath_mobile/install/goliath_interfaces/lib:/opt/ros/humble/opt/rviz_ogre_vendor/lib:/opt/ros/humble/lib/x86_64-linux-gnu:/opt/ros/humble/lib /usr/bin/cmake --install /home/bart/goliath_mobile/build/ros2_control_demos
[5.277s] Level 1:colcon.colcon_core.environment:create_environment_scripts_only(ros2_control_demos)
[5.278s] Level 1:colcon.colcon_core.environment:checking '/home/bart/goliath_mobile/install/ros2_control_demos' for CMake module files
[5.279s] DEBUG:colcon.colcon_core.event_handler.log_command:Invoked command in '/home/bart/goliath_mobile/build/ros2_control_demos' returned '0': AMENT_PREFIX_PATH=/home/bart/goliath_mobile/install/ros2_control_demo_testing:/home/bart/goliath_mobile/install/rplidar_ros:/home/bart/goliath_mobile/install/ros2_control_demos:/home/bart/goliath_mobile/install/moveit:/home/bart/goliath_mobile/install/gripper_controller:/home/bart/goliath_mobile/install/goliath_moveit_config:/home/bart/goliath_mobile/install/goliath_controller:/home/bart/goliath_mobile/install/ros2_control_demo_description:/home/bart/goliath_mobile/install/hoverboard_ros2_control:/home/bart/goliath_mobile/install/hoverboard_hardware_interface:/home/bart/goliath_mobile/install/hoverboard_demo_bringup:/home/bart/goliath_mobile/install/hoverboard_demo_description:/home/bart/goliath_mobile/install/gripper_description:/home/bart/goliath_mobile/install/goliath_commander_cpp:/home/bart/goliath_mobile/install/goliath_interfaces:/home/bart/goliath_mobile/install/arm_move_joy:/home/bart/goliath_base/install/hoverboard_demo_bringup:/home/bart/goliath_base/install/hoverboard_demo_description:/opt/ros/humble CMAKE_PREFIX_PATH=/home/bart/goliath_mobile/install/goliath_controller:/home/bart/goliath_mobile/install/ros2_control_demo_description:/home/bart/goliath_mobile/install/rplidar_ros:/home/bart/goliath_mobile/install/ros2_control_demos:/home/bart/goliath_mobile/install/moveit:/home/bart/goliath_mobile/install/gripper_controller:/home/bart/goliath_mobile/install/goliath_moveit_config:/home/bart/goliath_mobile/install/hoverboard_ros2_control:/home/bart/goliath_mobile/install/hoverboard_hardware_interface:/home/bart/goliath_mobile/install/hoverboard_demo_bringup:/home/bart/goliath_mobile/install/hoverboard_demo_description:/home/bart/goliath_mobile/install/goliath_commander_cpp:/home/bart/goliath_mobile/install/goliath_interfaces:/home/bart/goliath_mobile/install/arm_move_joy:/home/bart/goliath_base/install/hoverboard_demo_bringup:/home/bart/goliath_base/install/hoverboard_demo_description:/home/bart/goliath_mobile/install/ros2_control_demo_testing:/home/bart/goliath_mobile/install/gripper_description:/opt/ros/humble LD_LIBRARY_PATH=/home/bart/goliath_mobile/install/goliath_controller/lib:/home/bart/goliath_mobile/install/gripper_controller/lib:/home/bart/goliath_mobile/install/hoverboard_hardware_interface/lib:/home/bart/goliath_mobile/install/goliath_interfaces/lib:/opt/ros/humble/opt/rviz_ogre_vendor/lib:/opt/ros/humble/lib/x86_64-linux-gnu:/opt/ros/humble/lib /usr/bin/cmake --install /home/bart/goliath_mobile/build/ros2_control_demos
[5.280s] Level 1:colcon.colcon_core.environment:checking '/home/bart/goliath_mobile/install/ros2_control_demos' for CMake config files
[5.280s] Level 1:colcon.colcon_core.shell:create_environment_hook('ros2_control_demos', 'cmake_prefix_path')
[5.281s] INFO:colcon.colcon_core.shell:Creating environment hook '/home/bart/goliath_mobile/install/ros2_control_demos/share/ros2_control_demos/hook/cmake_prefix_path.ps1'
[5.281s] INFO:colcon.colcon_core.shell:Creating environment descriptor '/home/bart/goliath_mobile/install/ros2_control_demos/share/ros2_control_demos/hook/cmake_prefix_path.dsv'
[5.282s] INFO:colcon.colcon_core.shell:Creating environment hook '/home/bart/goliath_mobile/install/ros2_control_demos/share/ros2_control_demos/hook/cmake_prefix_path.sh'
[5.283s] Level 1:colcon.colcon_core.environment:checking '/home/bart/goliath_mobile/install/ros2_control_demos/bin'
[5.283s] Level 1:colcon.colcon_core.environment:checking '/home/bart/goliath_mobile/install/ros2_control_demos/lib/pkgconfig/ros2_control_demos.pc'
[5.284s] Level 1:colcon.colcon_core.environment:checking '/home/bart/goliath_mobile/install/ros2_control_demos/lib/python3.10/site-packages'
[5.284s] Level 1:colcon.colcon_core.environment:checking '/home/bart/goliath_mobile/install/ros2_control_demos/bin'
[5.285s] INFO:colcon.colcon_core.shell:Creating package script '/home/bart/goliath_mobile/install/ros2_control_demos/share/ros2_control_demos/package.ps1'
[5.286s] INFO:colcon.colcon_core.shell:Creating package descriptor '/home/bart/goliath_mobile/install/ros2_control_demos/share/ros2_control_demos/package.dsv'
[5.287s] INFO:colcon.colcon_core.shell:Creating package script '/home/bart/goliath_mobile/install/ros2_control_demos/share/ros2_control_demos/package.sh'
[5.287s] INFO:colcon.colcon_core.shell:Creating package script '/home/bart/goliath_mobile/install/ros2_control_demos/share/ros2_control_demos/package.bash'
[5.288s] INFO:colcon.colcon_core.shell:Creating package script '/home/bart/goliath_mobile/install/ros2_control_demos/share/ros2_control_demos/package.zsh'
[5.289s] Level 1:colcon.colcon_core.environment:create_file_with_runtime_dependencies(/home/bart/goliath_mobile/install/ros2_control_demos/share/colcon-core/packages/ros2_control_demos)
[5.290s] Level 1:colcon.colcon_core.environment:create_environment_scripts_only(ros2_control_demos)
[5.290s] Level 1:colcon.colcon_core.environment:checking '/home/bart/goliath_mobile/install/ros2_control_demos' for CMake module files
[5.291s] Level 1:colcon.colcon_core.environment:checking '/home/bart/goliath_mobile/install/ros2_control_demos' for CMake config files
[5.291s] Level 1:colcon.colcon_core.shell:create_environment_hook('ros2_control_demos', 'cmake_prefix_path')
[5.291s] INFO:colcon.colcon_core.shell:Creating environment hook '/home/bart/goliath_mobile/install/ros2_control_demos/share/ros2_control_demos/hook/cmake_prefix_path.ps1'
[5.292s] INFO:colcon.colcon_core.shell:Creating environment descriptor '/home/bart/goliath_mobile/install/ros2_control_demos/share/ros2_control_demos/hook/cmake_prefix_path.dsv'
[5.293s] INFO:colcon.colcon_core.shell:Creating environment hook '/home/bart/goliath_mobile/install/ros2_control_demos/share/ros2_control_demos/hook/cmake_prefix_path.sh'
[5.294s] Level 1:colcon.colcon_core.environment:checking '/home/bart/goliath_mobile/install/ros2_control_demos/bin'
[5.294s] Level 1:colcon.colcon_core.environment:checking '/home/bart/goliath_mobile/install/ros2_control_demos/lib/pkgconfig/ros2_control_demos.pc'
[5.294s] Level 1:colcon.colcon_core.environment:checking '/home/bart/goliath_mobile/install/ros2_control_demos/lib/python3.10/site-packages'
[5.295s] Level 1:colcon.colcon_core.environment:checking '/home/bart/goliath_mobile/install/ros2_control_demos/bin'
[5.295s] INFO:colcon.colcon_core.shell:Creating package script '/home/bart/goliath_mobile/install/ros2_control_demos/share/ros2_control_demos/package.ps1'
[5.297s] INFO:colcon.colcon_core.shell:Creating package descriptor '/home/bart/goliath_mobile/install/ros2_control_demos/share/ros2_control_demos/package.dsv'
[5.298s] INFO:colcon.colcon_core.shell:Creating package script '/home/bart/goliath_mobile/install/ros2_control_demos/share/ros2_control_demos/package.sh'
[5.298s] INFO:colcon.colcon_core.shell:Creating package script '/home/bart/goliath_mobile/install/ros2_control_demos/share/ros2_control_demos/package.bash'
[5.299s] INFO:colcon.colcon_core.shell:Creating package script '/home/bart/goliath_mobile/install/ros2_control_demos/share/ros2_control_demos/package.zsh'
[5.300s] Level 1:colcon.colcon_core.environment:create_file_with_runtime_dependencies(/home/bart/goliath_mobile/install/ros2_control_demos/share/colcon-core/packages/ros2_control_demos)
[17.953s] DEBUG:colcon.colcon_core.event_handler.log_command:Invoked command in '/home/bart/goliath_mobile/build/gripper_controller' returned '0': AMENT_PREFIX_PATH=/home/bart/goliath_mobile/install/ros2_control_demo_testing:/home/bart/goliath_mobile/install/rplidar_ros:/home/bart/goliath_mobile/install/ros2_control_demos:/home/bart/goliath_mobile/install/moveit:/home/bart/goliath_mobile/install/gripper_controller:/home/bart/goliath_mobile/install/goliath_moveit_config:/home/bart/goliath_mobile/install/goliath_controller:/home/bart/goliath_mobile/install/ros2_control_demo_description:/home/bart/goliath_mobile/install/hoverboard_ros2_control:/home/bart/goliath_mobile/install/hoverboard_hardware_interface:/home/bart/goliath_mobile/install/hoverboard_demo_bringup:/home/bart/goliath_mobile/install/hoverboard_demo_description:/home/bart/goliath_mobile/install/gripper_description:/home/bart/goliath_mobile/install/goliath_commander_cpp:/home/bart/goliath_mobile/install/goliath_interfaces:/home/bart/goliath_mobile/install/arm_move_joy:/home/bart/goliath_base/install/hoverboard_demo_bringup:/home/bart/goliath_base/install/hoverboard_demo_description:/opt/ros/humble CMAKE_PREFIX_PATH=/home/bart/goliath_mobile/install/ros2_control_demo_description:/home/bart/goliath_mobile/install/rplidar_ros:/home/bart/goliath_mobile/install/ros2_control_demos:/home/bart/goliath_mobile/install/moveit:/home/bart/goliath_mobile/install/gripper_controller:/home/bart/goliath_mobile/install/goliath_moveit_config:/home/bart/goliath_mobile/install/goliath_controller:/home/bart/goliath_mobile/install/hoverboard_ros2_control:/home/bart/goliath_mobile/install/hoverboard_hardware_interface:/home/bart/goliath_mobile/install/hoverboard_demo_bringup:/home/bart/goliath_mobile/install/hoverboard_demo_description:/home/bart/goliath_mobile/install/goliath_commander_cpp:/home/bart/goliath_mobile/install/goliath_interfaces:/home/bart/goliath_mobile/install/arm_move_joy:/home/bart/goliath_base/install/hoverboard_demo_bringup:/home/bart/goliath_base/install/hoverboard_demo_description:/home/bart/goliath_mobile/install/ros2_control_demo_testing:/home/bart/goliath_mobile/install/gripper_description:/opt/ros/humble /usr/bin/cmake --build /home/bart/goliath_mobile/build/gripper_controller -- -j4 -l4
[17.956s] DEBUG:colcon.colcon_core.event_handler.log_command:Invoking command in '/home/bart/goliath_mobile/build/gripper_controller': AMENT_PREFIX_PATH=/home/bart/goliath_mobile/install/ros2_control_demo_testing:/home/bart/goliath_mobile/install/rplidar_ros:/home/bart/goliath_mobile/install/ros2_control_demos:/home/bart/goliath_mobile/install/moveit:/home/bart/goliath_mobile/install/gripper_controller:/home/bart/goliath_mobile/install/goliath_moveit_config:/home/bart/goliath_mobile/install/goliath_controller:/home/bart/goliath_mobile/install/ros2_control_demo_description:/home/bart/goliath_mobile/install/hoverboard_ros2_control:/home/bart/goliath_mobile/install/hoverboard_hardware_interface:/home/bart/goliath_mobile/install/hoverboard_demo_bringup:/home/bart/goliath_mobile/install/hoverboard_demo_description:/home/bart/goliath_mobile/install/gripper_description:/home/bart/goliath_mobile/install/goliath_commander_cpp:/home/bart/goliath_mobile/install/goliath_interfaces:/home/bart/goliath_mobile/install/arm_move_joy:/home/bart/goliath_base/install/hoverboard_demo_bringup:/home/bart/goliath_base/install/hoverboard_demo_description:/opt/ros/humble CMAKE_PREFIX_PATH=/home/bart/goliath_mobile/install/ros2_control_demo_description:/home/bart/goliath_mobile/install/rplidar_ros:/home/bart/goliath_mobile/install/ros2_control_demos:/home/bart/goliath_mobile/install/moveit:/home/bart/goliath_mobile/install/gripper_controller:/home/bart/goliath_mobile/install/goliath_moveit_config:/home/bart/goliath_mobile/install/goliath_controller:/home/bart/goliath_mobile/install/hoverboard_ros2_control:/home/bart/goliath_mobile/install/hoverboard_hardware_interface:/home/bart/goliath_mobile/install/hoverboard_demo_bringup:/home/bart/goliath_mobile/install/hoverboard_demo_description:/home/bart/goliath_mobile/install/goliath_commander_cpp:/home/bart/goliath_mobile/install/goliath_interfaces:/home/bart/goliath_mobile/install/arm_move_joy:/home/bart/goliath_base/install/hoverboard_demo_bringup:/home/bart/goliath_base/install/hoverboard_demo_description:/home/bart/goliath_mobile/install/ros2_control_demo_testing:/home/bart/goliath_mobile/install/gripper_description:/opt/ros/humble /usr/bin/cmake --install /home/bart/goliath_mobile/build/gripper_controller
[17.997s] Level 1:colcon.colcon_core.environment:create_environment_scripts_only(gripper_controller)
[17.997s] Level 1:colcon.colcon_core.environment:checking '/home/bart/goliath_mobile/install/gripper_controller' for CMake module files
[17.998s] DEBUG:colcon.colcon_core.event_handler.log_command:Invoked command in '/home/bart/goliath_mobile/build/gripper_controller' returned '0': AMENT_PREFIX_PATH=/home/bart/goliath_mobile/install/ros2_control_demo_testing:/home/bart/goliath_mobile/install/rplidar_ros:/home/bart/goliath_mobile/install/ros2_control_demos:/home/bart/goliath_mobile/install/moveit:/home/bart/goliath_mobile/install/gripper_controller:/home/bart/goliath_mobile/install/goliath_moveit_config:/home/bart/goliath_mobile/install/goliath_controller:/home/bart/goliath_mobile/install/ros2_control_demo_description:/home/bart/goliath_mobile/install/hoverboard_ros2_control:/home/bart/goliath_mobile/install/hoverboard_hardware_interface:/home/bart/goliath_mobile/install/hoverboard_demo_bringup:/home/bart/goliath_mobile/install/hoverboard_demo_description:/home/bart/goliath_mobile/install/gripper_description:/home/bart/goliath_mobile/install/goliath_commander_cpp:/home/bart/goliath_mobile/install/goliath_interfaces:/home/bart/goliath_mobile/install/arm_move_joy:/home/bart/goliath_base/install/hoverboard_demo_bringup:/home/bart/goliath_base/install/hoverboard_demo_description:/opt/ros/humble CMAKE_PREFIX_PATH=/home/bart/goliath_mobile/install/ros2_control_demo_description:/home/bart/goliath_mobile/install/rplidar_ros:/home/bart/goliath_mobile/install/ros2_control_demos:/home/bart/goliath_mobile/install/moveit:/home/bart/goliath_mobile/install/gripper_controller:/home/bart/goliath_mobile/install/goliath_moveit_config:/home/bart/goliath_mobile/install/goliath_controller:/home/bart/goliath_mobile/install/hoverboard_ros2_control:/home/bart/goliath_mobile/install/hoverboard_hardware_interface:/home/bart/goliath_mobile/install/hoverboard_demo_bringup:/home/bart/goliath_mobile/install/hoverboard_demo_description:/home/bart/goliath_mobile/install/goliath_commander_cpp:/home/bart/goliath_mobile/install/goliath_interfaces:/home/bart/goliath_mobile/install/arm_move_joy:/home/bart/goliath_base/install/hoverboard_demo_bringup:/home/bart/goliath_base/install/hoverboard_demo_description:/home/bart/goliath_mobile/install/ros2_control_demo_testing:/home/bart/goliath_mobile/install/gripper_description:/opt/ros/humble /usr/bin/cmake --install /home/bart/goliath_mobile/build/gripper_controller
[17.999s] Level 1:colcon.colcon_core.environment:checking '/home/bart/goliath_mobile/install/gripper_controller' for CMake config files
[17.999s] Level 1:colcon.colcon_core.shell:create_environment_hook('gripper_controller', 'cmake_prefix_path')
[18.000s] INFO:colcon.colcon_core.shell:Creating environment hook '/home/bart/goliath_mobile/install/gripper_controller/share/gripper_controller/hook/cmake_prefix_path.ps1'
[18.001s] INFO:colcon.colcon_core.shell:Creating environment descriptor '/home/bart/goliath_mobile/install/gripper_controller/share/gripper_controller/hook/cmake_prefix_path.dsv'
[18.001s] INFO:colcon.colcon_core.shell:Creating environment hook '/home/bart/goliath_mobile/install/gripper_controller/share/gripper_controller/hook/cmake_prefix_path.sh'
[18.002s] Level 1:colcon.colcon_core.environment:checking '/home/bart/goliath_mobile/install/gripper_controller/lib'
[18.002s] Level 1:colcon.colcon_core.shell:create_environment_hook('gripper_controller', 'ld_library_path_lib')
[18.002s] INFO:colcon.colcon_core.shell:Creating environment hook '/home/bart/goliath_mobile/install/gripper_controller/share/gripper_controller/hook/ld_library_path_lib.ps1'
[18.003s] INFO:colcon.colcon_core.shell:Creating environment descriptor '/home/bart/goliath_mobile/install/gripper_controller/share/gripper_controller/hook/ld_library_path_lib.dsv'
[18.004s] INFO:colcon.colcon_core.shell:Creating environment hook '/home/bart/goliath_mobile/install/gripper_controller/share/gripper_controller/hook/ld_library_path_lib.sh'
[18.004s] Level 1:colcon.colcon_core.environment:checking '/home/bart/goliath_mobile/install/gripper_controller/bin'
[18.004s] Level 1:colcon.colcon_core.environment:checking '/home/bart/goliath_mobile/install/gripper_controller/lib/pkgconfig/gripper_controller.pc'
[18.005s] Level 1:colcon.colcon_core.environment:checking '/home/bart/goliath_mobile/install/gripper_controller/lib/python3.10/site-packages'
[18.005s] Level 1:colcon.colcon_core.environment:checking '/home/bart/goliath_mobile/install/gripper_controller/bin'
[18.006s] INFO:colcon.colcon_core.shell:Creating package script '/home/bart/goliath_mobile/install/gripper_controller/share/gripper_controller/package.ps1'
[18.007s] INFO:colcon.colcon_core.shell:Creating package descriptor '/home/bart/goliath_mobile/install/gripper_controller/share/gripper_controller/package.dsv'
[18.007s] INFO:colcon.colcon_core.shell:Creating package script '/home/bart/goliath_mobile/install/gripper_controller/share/gripper_controller/package.sh'
[18.008s] INFO:colcon.colcon_core.shell:Creating package script '/home/bart/goliath_mobile/install/gripper_controller/share/gripper_controller/package.bash'
[18.009s] INFO:colcon.colcon_core.shell:Creating package script '/home/bart/goliath_mobile/install/gripper_controller/share/gripper_controller/package.zsh'
[18.009s] Level 1:colcon.colcon_core.environment:create_file_with_runtime_dependencies(/home/bart/goliath_mobile/install/gripper_controller/share/colcon-core/packages/gripper_controller)
[18.010s] Level 1:colcon.colcon_core.environment:create_environment_scripts_only(gripper_controller)
[18.010s] Level 1:colcon.colcon_core.environment:checking '/home/bart/goliath_mobile/install/gripper_controller' for CMake module files
[18.011s] Level 1:colcon.colcon_core.environment:checking '/home/bart/goliath_mobile/install/gripper_controller' for CMake config files
[18.012s] Level 1:colcon.colcon_core.shell:create_environment_hook('gripper_controller', 'cmake_prefix_path')
[18.012s] INFO:colcon.colcon_core.shell:Creating environment hook '/home/bart/goliath_mobile/install/gripper_controller/share/gripper_controller/hook/cmake_prefix_path.ps1'
[18.013s] INFO:colcon.colcon_core.shell:Creating environment descriptor '/home/bart/goliath_mobile/install/gripper_controller/share/gripper_controller/hook/cmake_prefix_path.dsv'
[18.013s] INFO:colcon.colcon_core.shell:Creating environment hook '/home/bart/goliath_mobile/install/gripper_controller/share/gripper_controller/hook/cmake_prefix_path.sh'
[18.014s] Level 1:colcon.colcon_core.environment:checking '/home/bart/goliath_mobile/install/gripper_controller/lib'
[18.015s] Level 1:colcon.colcon_core.shell:create_environment_hook('gripper_controller', 'ld_library_path_lib')
[18.015s] INFO:colcon.colcon_core.shell:Creating environment hook '/home/bart/goliath_mobile/install/gripper_controller/share/gripper_controller/hook/ld_library_path_lib.ps1'
[18.016s] INFO:colcon.colcon_core.shell:Creating environment descriptor '/home/bart/goliath_mobile/install/gripper_controller/share/gripper_controller/hook/ld_library_path_lib.dsv'
[18.017s] INFO:colcon.colcon_core.shell:Creating environment hook '/home/bart/goliath_mobile/install/gripper_controller/share/gripper_controller/hook/ld_library_path_lib.sh'
[18.017s] Level 1:colcon.colcon_core.environment:checking '/home/bart/goliath_mobile/install/gripper_controller/bin'
[18.017s] Level 1:colcon.colcon_core.environment:checking '/home/bart/goliath_mobile/install/gripper_controller/lib/pkgconfig/gripper_controller.pc'
[18.018s] Level 1:colcon.colcon_core.environment:checking '/home/bart/goliath_mobile/install/gripper_controller/lib/python3.10/site-packages'
[18.018s] Level 1:colcon.colcon_core.environment:checking '/home/bart/goliath_mobile/install/gripper_controller/bin'
[18.019s] INFO:colcon.colcon_core.shell:Creating package script '/home/bart/goliath_mobile/install/gripper_controller/share/gripper_controller/package.ps1'
[18.020s] INFO:colcon.colcon_core.shell:Creating package descriptor '/home/bart/goliath_mobile/install/gripper_controller/share/gripper_controller/package.dsv'
[18.020s] INFO:colcon.colcon_core.shell:Creating package script '/home/bart/goliath_mobile/install/gripper_controller/share/gripper_controller/package.sh'
[18.021s] INFO:colcon.colcon_core.shell:Creating package script '/home/bart/goliath_mobile/install/gripper_controller/share/gripper_controller/package.bash'
[18.022s] INFO:colcon.colcon_core.shell:Creating package script '/home/bart/goliath_mobile/install/gripper_controller/share/gripper_controller/package.zsh'
[18.022s] Level 1:colcon.colcon_core.environment:create_file_with_runtime_dependencies(/home/bart/goliath_mobile/install/gripper_controller/share/colcon-core/packages/gripper_controller)
[18.023s] DEBUG:colcon.colcon_parallel_executor.executor.parallel:closing loop
[18.023s] DEBUG:colcon.colcon_parallel_executor.executor.parallel:loop closed
[18.024s] DEBUG:colcon.colcon_parallel_executor.executor.parallel:run_until_complete finished with '0'
[18.024s] DEBUG:colcon.colcon_core.event_reactor:joining thread
[18.031s] INFO:colcon.colcon_core.plugin_system:Skipping extension 'colcon_notification.desktop_notification.terminal_notifier': Not used on non-Darwin systems
[18.031s] INFO:colcon.colcon_core.plugin_system:Skipping extension 'colcon_notification.desktop_notification.win32': Not used on non-Windows systems
[18.031s] INFO:colcon.colcon_notification.desktop_notification:Sending desktop notification using 'notify2'
[18.049s] DEBUG:colcon.colcon_core.event_reactor:joined thread
[18.049s] INFO:colcon.colcon_core.shell:Creating prefix script '/home/bart/goliath_mobile/install/local_setup.ps1'
[18.051s] INFO:colcon.colcon_core.shell:Creating prefix util module '/home/bart/goliath_mobile/install/_local_setup_util_ps1.py'
[18.056s] INFO:colcon.colcon_core.shell:Creating prefix chain script '/home/bart/goliath_mobile/install/setup.ps1'
[18.059s] INFO:colcon.colcon_core.shell:Creating prefix script '/home/bart/goliath_mobile/install/local_setup.sh'
[18.060s] INFO:colcon.colcon_core.shell:Creating prefix util module '/home/bart/goliath_mobile/install/_local_setup_util_sh.py'
[18.061s] INFO:colcon.colcon_core.shell:Creating prefix chain script '/home/bart/goliath_mobile/install/setup.sh'
[18.067s] INFO:colcon.colcon_core.shell:Creating prefix script '/home/bart/goliath_mobile/install/local_setup.bash'
[18.068s] INFO:colcon.colcon_core.shell:Creating prefix chain script '/home/bart/goliath_mobile/install/setup.bash'
[18.071s] INFO:colcon.colcon_core.shell:Creating prefix script '/home/bart/goliath_mobile/install/local_setup.zsh'
[18.071s] INFO:colcon.colcon_core.shell:Creating prefix chain script '/home/bart/goliath_mobile/install/setup.zsh'
