[0.258s] DEBUG:colcon:Command line arguments: ['/usr/bin/colcon', 'build', '--symlink-install']
[0.258s] DEBUG:colcon:Parsed command line arguments: Namespace(log_base=None, log_level=None, verb_name='build', build_base='build', install_base='install', merge_install=False, symlink_install=True, test_result_base=None, continue_on_error=False, executor='parallel', parallel_workers=4, event_handlers=None, ignore_user_meta=False, metas=['./colcon.meta'], base_paths=['.'], packages_ignore=None, packages_ignore_regex=None, paths=None, packages_up_to=None, packages_up_to_regex=None, packages_above=None, packages_above_and_dependencies=None, packages_above_depth=None, packages_select_by_dep=None, packages_skip_by_dep=None, packages_skip_up_to=None, packages_select_build_failed=False, packages_skip_build_finished=False, packages_select_test_failures=False, packages_skip_test_passed=False, packages_select=None, packages_skip=None, packages_select_regex=None, packages_skip_regex=None, packages_start=None, packages_end=None, allow_overriding=[], cmake_args=None, cmake_target=None, cmake_target_skip_unavailable=False, cmake_clean_cache=False, cmake_clean_first=False, cmake_force_configure=False, ament_cmake_args=None, catkin_cmake_args=None, catkin_skip_building_tests=False, mixin_files=None, mixin=None, verb_parser=<colcon_mixin.mixin.mixin_argument.MixinArgumentDecorator object at 0x7916124ef3d0>, verb_extension=<colcon_core.verb.build.BuildVerb object at 0x791612634310>, main=<bound method BuildVerb.main of <colcon_core.verb.build.BuildVerb object at 0x791612634310>>, mixin_verb=('build',))
[0.720s] Level 1:colcon.colcon_core.package_discovery:discover_packages(colcon_meta) check parameters
[0.721s] Level 1:colcon.colcon_core.package_discovery:discover_packages(recursive) check parameters
[0.721s] Level 1:colcon.colcon_core.package_discovery:discover_packages(ignore) check parameters
[0.721s] Level 1:colcon.colcon_core.package_discovery:discover_packages(path) check parameters
[0.721s] Level 1:colcon.colcon_core.package_discovery:discover_packages(colcon_meta) discover
[0.721s] Level 1:colcon.colcon_core.package_discovery:discover_packages(recursive) discover
[0.721s] INFO:colcon.colcon_core.package_discovery:Crawling recursively for packages in '/home/bart/goliath_mobile'
[0.721s] Level 1:colcon.colcon_core.package_identification:_identify(.) by extensions ['ignore', 'ignore_ament_install']
[0.721s] Level 1:colcon.colcon_core.package_identification:_identify(.) by extension 'ignore'
[0.721s] Level 1:colcon.colcon_core.package_identification:_identify(.) by extension 'ignore_ament_install'
[0.721s] Level 1:colcon.colcon_core.package_identification:_identify(.) by extensions ['colcon_pkg']
[0.721s] Level 1:colcon.colcon_core.package_identification:_identify(.) by extension 'colcon_pkg'
[0.722s] Level 1:colcon.colcon_core.package_identification:_identify(.) by extensions ['colcon_meta']
[0.722s] Level 1:colcon.colcon_core.package_identification:_identify(.) by extension 'colcon_meta'
[0.722s] Level 1:colcon.colcon_core.package_identification:_identify(.) by extensions ['ros']
[0.722s] Level 1:colcon.colcon_core.package_identification:_identify(.) by extension 'ros'
[0.738s] Level 1:colcon.colcon_core.package_identification:_identify(.) by extensions ['cmake', 'python']
[0.738s] Level 1:colcon.colcon_core.package_identification:_identify(.) by extension 'cmake'
[0.738s] Level 1:colcon.colcon_core.package_identification:_identify(.) by extension 'python'
[0.738s] Level 1:colcon.colcon_core.package_identification:_identify(.) by extensions ['python_setup_py']
[0.738s] Level 1:colcon.colcon_core.package_identification:_identify(.) by extension 'python_setup_py'
[0.738s] Level 1:colcon.colcon_core.package_identification:_identify(build) by extensions ['ignore', 'ignore_ament_install']
[0.738s] Level 1:colcon.colcon_core.package_identification:_identify(build) by extension 'ignore'
[0.738s] Level 1:colcon.colcon_core.package_identification:_identify(build) ignored
[0.738s] Level 1:colcon.colcon_core.package_identification:_identify(install) by extensions ['ignore', 'ignore_ament_install']
[0.739s] Level 1:colcon.colcon_core.package_identification:_identify(install) by extension 'ignore'
[0.739s] Level 1:colcon.colcon_core.package_identification:_identify(install) ignored
[0.739s] Level 1:colcon.colcon_core.package_identification:_identify(log) by extensions ['ignore', 'ignore_ament_install']
[0.739s] Level 1:colcon.colcon_core.package_identification:_identify(log) by extension 'ignore'
[0.739s] Level 1:colcon.colcon_core.package_identification:_identify(log) ignored
[0.739s] Level 1:colcon.colcon_core.package_identification:_identify(src) by extensions ['ignore', 'ignore_ament_install']
[0.739s] Level 1:colcon.colcon_core.package_identification:_identify(src) by extension 'ignore'
[0.739s] Level 1:colcon.colcon_core.package_identification:_identify(src) by extension 'ignore_ament_install'
[0.739s] Level 1:colcon.colcon_core.package_identification:_identify(src) by extensions ['colcon_pkg']
[0.739s] Level 1:colcon.colcon_core.package_identification:_identify(src) by extension 'colcon_pkg'
[0.739s] Level 1:colcon.colcon_core.package_identification:_identify(src) by extensions ['colcon_meta']
[0.739s] Level 1:colcon.colcon_core.package_identification:_identify(src) by extension 'colcon_meta'
[0.740s] Level 1:colcon.colcon_core.package_identification:_identify(src) by extensions ['ros']
[0.740s] Level 1:colcon.colcon_core.package_identification:_identify(src) by extension 'ros'
[0.740s] Level 1:colcon.colcon_core.package_identification:_identify(src) by extensions ['cmake', 'python']
[0.740s] Level 1:colcon.colcon_core.package_identification:_identify(src) by extension 'cmake'
[0.740s] Level 1:colcon.colcon_core.package_identification:_identify(src) by extension 'python'
[0.740s] Level 1:colcon.colcon_core.package_identification:_identify(src) by extensions ['python_setup_py']
[0.740s] Level 1:colcon.colcon_core.package_identification:_identify(src) by extension 'python_setup_py'
[0.740s] Level 1:colcon.colcon_core.package_identification:_identify(src/goliath_gripper) by extensions ['ignore', 'ignore_ament_install']
[0.740s] Level 1:colcon.colcon_core.package_identification:_identify(src/goliath_gripper) by extension 'ignore'
[0.740s] Level 1:colcon.colcon_core.package_identification:_identify(src/goliath_gripper) by extension 'ignore_ament_install'
[0.740s] Level 1:colcon.colcon_core.package_identification:_identify(src/goliath_gripper) by extensions ['colcon_pkg']
[0.740s] Level 1:colcon.colcon_core.package_identification:_identify(src/goliath_gripper) by extension 'colcon_pkg'
[0.740s] Level 1:colcon.colcon_core.package_identification:_identify(src/goliath_gripper) by extensions ['colcon_meta']
[0.740s] Level 1:colcon.colcon_core.package_identification:_identify(src/goliath_gripper) by extension 'colcon_meta'
[0.741s] Level 1:colcon.colcon_core.package_identification:_identify(src/goliath_gripper) by extensions ['ros']
[0.741s] Level 1:colcon.colcon_core.package_identification:_identify(src/goliath_gripper) by extension 'ros'
[0.741s] Level 1:colcon.colcon_core.package_identification:_identify(src/goliath_gripper) by extensions ['cmake', 'python']
[0.741s] Level 1:colcon.colcon_core.package_identification:_identify(src/goliath_gripper) by extension 'cmake'
[0.741s] Level 1:colcon.colcon_core.package_identification:_identify(src/goliath_gripper) by extension 'python'
[0.741s] Level 1:colcon.colcon_core.package_identification:_identify(src/goliath_gripper) by extensions ['python_setup_py']
[0.741s] Level 1:colcon.colcon_core.package_identification:_identify(src/goliath_gripper) by extension 'python_setup_py'
[0.741s] Level 1:colcon.colcon_core.package_identification:_identify(src/goliath_gripper/gripper_controller) by extensions ['ignore', 'ignore_ament_install']
[0.741s] Level 1:colcon.colcon_core.package_identification:_identify(src/goliath_gripper/gripper_controller) by extension 'ignore'
[0.741s] Level 1:colcon.colcon_core.package_identification:_identify(src/goliath_gripper/gripper_controller) by extension 'ignore_ament_install'
[0.741s] Level 1:colcon.colcon_core.package_identification:_identify(src/goliath_gripper/gripper_controller) by extensions ['colcon_pkg']
[0.741s] Level 1:colcon.colcon_core.package_identification:_identify(src/goliath_gripper/gripper_controller) by extension 'colcon_pkg'
[0.741s] Level 1:colcon.colcon_core.package_identification:_identify(src/goliath_gripper/gripper_controller) by extensions ['colcon_meta']
[0.741s] Level 1:colcon.colcon_core.package_identification:_identify(src/goliath_gripper/gripper_controller) by extension 'colcon_meta'
[0.742s] Level 1:colcon.colcon_core.package_identification:_identify(src/goliath_gripper/gripper_controller) by extensions ['ros']
[0.742s] Level 1:colcon.colcon_core.package_identification:_identify(src/goliath_gripper/gripper_controller) by extension 'ros'
[0.747s] DEBUG:colcon.colcon_core.package_identification:Package 'src/goliath_gripper/gripper_controller' with type 'ros.ament_cmake' and name 'gripper_controller'
[0.747s] Level 1:colcon.colcon_core.package_identification:_identify(src/goliath_gripper/gripper_description) by extensions ['ignore', 'ignore_ament_install']
[0.747s] Level 1:colcon.colcon_core.package_identification:_identify(src/goliath_gripper/gripper_description) by extension 'ignore'
[0.747s] Level 1:colcon.colcon_core.package_identification:_identify(src/goliath_gripper/gripper_description) by extension 'ignore_ament_install'
[0.748s] Level 1:colcon.colcon_core.package_identification:_identify(src/goliath_gripper/gripper_description) by extensions ['colcon_pkg']
[0.748s] Level 1:colcon.colcon_core.package_identification:_identify(src/goliath_gripper/gripper_description) by extension 'colcon_pkg'
[0.748s] Level 1:colcon.colcon_core.package_identification:_identify(src/goliath_gripper/gripper_description) by extensions ['colcon_meta']
[0.748s] Level 1:colcon.colcon_core.package_identification:_identify(src/goliath_gripper/gripper_description) by extension 'colcon_meta'
[0.748s] Level 1:colcon.colcon_core.package_identification:_identify(src/goliath_gripper/gripper_description) by extensions ['ros']
[0.748s] Level 1:colcon.colcon_core.package_identification:_identify(src/goliath_gripper/gripper_description) by extension 'ros'
[0.750s] DEBUG:colcon.colcon_core.package_identification:Package 'src/goliath_gripper/gripper_description' with type 'ros.ament_python' and name 'gripper_description'
[0.750s] Level 1:colcon.colcon_core.package_identification:_identify(src/goliath_moveit_config) by extensions ['ignore', 'ignore_ament_install']
[0.750s] Level 1:colcon.colcon_core.package_identification:_identify(src/goliath_moveit_config) by extension 'ignore'
[0.750s] Level 1:colcon.colcon_core.package_identification:_identify(src/goliath_moveit_config) by extension 'ignore_ament_install'
[0.750s] Level 1:colcon.colcon_core.package_identification:_identify(src/goliath_moveit_config) by extensions ['colcon_pkg']
[0.750s] Level 1:colcon.colcon_core.package_identification:_identify(src/goliath_moveit_config) by extension 'colcon_pkg'
[0.750s] Level 1:colcon.colcon_core.package_identification:_identify(src/goliath_moveit_config) by extensions ['colcon_meta']
[0.750s] Level 1:colcon.colcon_core.package_identification:_identify(src/goliath_moveit_config) by extension 'colcon_meta'
[0.750s] Level 1:colcon.colcon_core.package_identification:_identify(src/goliath_moveit_config) by extensions ['ros']
[0.750s] Level 1:colcon.colcon_core.package_identification:_identify(src/goliath_moveit_config) by extension 'ros'
[0.752s] DEBUG:colcon.colcon_core.package_identification:Package 'src/goliath_moveit_config' with type 'ros.ament_cmake' and name 'goliath_moveit_config'
[0.752s] Level 1:colcon.colcon_core.package_identification:_identify(src/golitath_mobile) by extensions ['ignore', 'ignore_ament_install']
[0.752s] Level 1:colcon.colcon_core.package_identification:_identify(src/golitath_mobile) by extension 'ignore'
[0.752s] Level 1:colcon.colcon_core.package_identification:_identify(src/golitath_mobile) by extension 'ignore_ament_install'
[0.752s] Level 1:colcon.colcon_core.package_identification:_identify(src/golitath_mobile) by extensions ['colcon_pkg']
[0.752s] Level 1:colcon.colcon_core.package_identification:_identify(src/golitath_mobile) by extension 'colcon_pkg'
[0.752s] Level 1:colcon.colcon_core.package_identification:_identify(src/golitath_mobile) by extensions ['colcon_meta']
[0.752s] Level 1:colcon.colcon_core.package_identification:_identify(src/golitath_mobile) by extension 'colcon_meta'
[0.752s] Level 1:colcon.colcon_core.package_identification:_identify(src/golitath_mobile) by extensions ['ros']
[0.752s] Level 1:colcon.colcon_core.package_identification:_identify(src/golitath_mobile) by extension 'ros'
[0.753s] Level 1:colcon.colcon_core.package_identification:_identify(src/golitath_mobile) by extensions ['cmake', 'python']
[0.753s] Level 1:colcon.colcon_core.package_identification:_identify(src/golitath_mobile) by extension 'cmake'
[0.753s] Level 1:colcon.colcon_core.package_identification:_identify(src/golitath_mobile) by extension 'python'
[0.753s] Level 1:colcon.colcon_core.package_identification:_identify(src/golitath_mobile) by extensions ['python_setup_py']
[0.753s] Level 1:colcon.colcon_core.package_identification:_identify(src/golitath_mobile) by extension 'python_setup_py'
[0.753s] Level 1:colcon.colcon_core.package_identification:_identify(src/golitath_mobile/goliath) by extensions ['ignore', 'ignore_ament_install']
[0.753s] Level 1:colcon.colcon_core.package_identification:_identify(src/golitath_mobile/goliath) by extension 'ignore'
[0.753s] Level 1:colcon.colcon_core.package_identification:_identify(src/golitath_mobile/goliath) by extension 'ignore_ament_install'
[0.753s] Level 1:colcon.colcon_core.package_identification:_identify(src/golitath_mobile/goliath) by extensions ['colcon_pkg']
[0.753s] Level 1:colcon.colcon_core.package_identification:_identify(src/golitath_mobile/goliath) by extension 'colcon_pkg'
[0.753s] Level 1:colcon.colcon_core.package_identification:_identify(src/golitath_mobile/goliath) by extensions ['colcon_meta']
[0.753s] Level 1:colcon.colcon_core.package_identification:_identify(src/golitath_mobile/goliath) by extension 'colcon_meta'
[0.753s] Level 1:colcon.colcon_core.package_identification:_identify(src/golitath_mobile/goliath) by extensions ['ros']
[0.753s] Level 1:colcon.colcon_core.package_identification:_identify(src/golitath_mobile/goliath) by extension 'ros'
[0.754s] Level 1:colcon.colcon_core.package_identification:_identify(src/golitath_mobile/goliath) by extensions ['cmake', 'python']
[0.754s] Level 1:colcon.colcon_core.package_identification:_identify(src/golitath_mobile/goliath) by extension 'cmake'
[0.754s] Level 1:colcon.colcon_core.package_identification:_identify(src/golitath_mobile/goliath) by extension 'python'
[0.754s] Level 1:colcon.colcon_core.package_identification:_identify(src/golitath_mobile/goliath) by extensions ['python_setup_py']
[0.754s] Level 1:colcon.colcon_core.package_identification:_identify(src/golitath_mobile/goliath) by extension 'python_setup_py'
[0.754s] Level 1:colcon.colcon_core.package_identification:_identify(src/golitath_mobile/goliath/arm_move_joy) by extensions ['ignore', 'ignore_ament_install']
[0.754s] Level 1:colcon.colcon_core.package_identification:_identify(src/golitath_mobile/goliath/arm_move_joy) by extension 'ignore'
[0.754s] Level 1:colcon.colcon_core.package_identification:_identify(src/golitath_mobile/goliath/arm_move_joy) by extension 'ignore_ament_install'
[0.754s] Level 1:colcon.colcon_core.package_identification:_identify(src/golitath_mobile/goliath/arm_move_joy) by extensions ['colcon_pkg']
[0.754s] Level 1:colcon.colcon_core.package_identification:_identify(src/golitath_mobile/goliath/arm_move_joy) by extension 'colcon_pkg'
[0.754s] Level 1:colcon.colcon_core.package_identification:_identify(src/golitath_mobile/goliath/arm_move_joy) by extensions ['colcon_meta']
[0.754s] Level 1:colcon.colcon_core.package_identification:_identify(src/golitath_mobile/goliath/arm_move_joy) by extension 'colcon_meta'
[0.754s] Level 1:colcon.colcon_core.package_identification:_identify(src/golitath_mobile/goliath/arm_move_joy) by extensions ['ros']
[0.754s] Level 1:colcon.colcon_core.package_identification:_identify(src/golitath_mobile/goliath/arm_move_joy) by extension 'ros'
[0.756s] DEBUG:colcon.colcon_core.package_identification:Package 'src/golitath_mobile/goliath/arm_move_joy' with type 'ros.ament_cmake' and name 'arm_move_joy'
[0.756s] Level 1:colcon.colcon_core.package_identification:_identify(src/golitath_mobile/goliath/goliath_commander_cpp) by extensions ['ignore', 'ignore_ament_install']
[0.756s] Level 1:colcon.colcon_core.package_identification:_identify(src/golitath_mobile/goliath/goliath_commander_cpp) by extension 'ignore'
[0.756s] Level 1:colcon.colcon_core.package_identification:_identify(src/golitath_mobile/goliath/goliath_commander_cpp) by extension 'ignore_ament_install'
[0.757s] Level 1:colcon.colcon_core.package_identification:_identify(src/golitath_mobile/goliath/goliath_commander_cpp) by extensions ['colcon_pkg']
[0.757s] Level 1:colcon.colcon_core.package_identification:_identify(src/golitath_mobile/goliath/goliath_commander_cpp) by extension 'colcon_pkg'
[0.757s] Level 1:colcon.colcon_core.package_identification:_identify(src/golitath_mobile/goliath/goliath_commander_cpp) by extensions ['colcon_meta']
[0.757s] Level 1:colcon.colcon_core.package_identification:_identify(src/golitath_mobile/goliath/goliath_commander_cpp) by extension 'colcon_meta'
[0.757s] Level 1:colcon.colcon_core.package_identification:_identify(src/golitath_mobile/goliath/goliath_commander_cpp) by extensions ['ros']
[0.757s] Level 1:colcon.colcon_core.package_identification:_identify(src/golitath_mobile/goliath/goliath_commander_cpp) by extension 'ros'
[0.760s] DEBUG:colcon.colcon_core.package_identification:Package 'src/golitath_mobile/goliath/goliath_commander_cpp' with type 'ros.ament_cmake' and name 'goliath_commander_cpp'
[0.760s] Level 1:colcon.colcon_core.package_identification:_identify(src/golitath_mobile/goliath/goliath_controller) by extensions ['ignore', 'ignore_ament_install']
[0.760s] Level 1:colcon.colcon_core.package_identification:_identify(src/golitath_mobile/goliath/goliath_controller) by extension 'ignore'
[0.760s] Level 1:colcon.colcon_core.package_identification:_identify(src/golitath_mobile/goliath/goliath_controller) by extension 'ignore_ament_install'
[0.760s] Level 1:colcon.colcon_core.package_identification:_identify(src/golitath_mobile/goliath/goliath_controller) by extensions ['colcon_pkg']
[0.761s] Level 1:colcon.colcon_core.package_identification:_identify(src/golitath_mobile/goliath/goliath_controller) by extension 'colcon_pkg'
[0.761s] Level 1:colcon.colcon_core.package_identification:_identify(src/golitath_mobile/goliath/goliath_controller) by extensions ['colcon_meta']
[0.761s] Level 1:colcon.colcon_core.package_identification:_identify(src/golitath_mobile/goliath/goliath_controller) by extension 'colcon_meta'
[0.761s] Level 1:colcon.colcon_core.package_identification:_identify(src/golitath_mobile/goliath/goliath_controller) by extensions ['ros']
[0.761s] Level 1:colcon.colcon_core.package_identification:_identify(src/golitath_mobile/goliath/goliath_controller) by extension 'ros'
[0.763s] DEBUG:colcon.colcon_core.package_identification:Package 'src/golitath_mobile/goliath/goliath_controller' with type 'ros.ament_cmake' and name 'goliath_controller'
[0.763s] Level 1:colcon.colcon_core.package_identification:_identify(src/golitath_mobile/goliath/goliath_interfaces) by extensions ['ignore', 'ignore_ament_install']
[0.763s] Level 1:colcon.colcon_core.package_identification:_identify(src/golitath_mobile/goliath/goliath_interfaces) by extension 'ignore'
[0.763s] Level 1:colcon.colcon_core.package_identification:_identify(src/golitath_mobile/goliath/goliath_interfaces) by extension 'ignore_ament_install'
[0.763s] Level 1:colcon.colcon_core.package_identification:_identify(src/golitath_mobile/goliath/goliath_interfaces) by extensions ['colcon_pkg']
[0.764s] Level 1:colcon.colcon_core.package_identification:_identify(src/golitath_mobile/goliath/goliath_interfaces) by extension 'colcon_pkg'
[0.764s] Level 1:colcon.colcon_core.package_identification:_identify(src/golitath_mobile/goliath/goliath_interfaces) by extensions ['colcon_meta']
[0.764s] Level 1:colcon.colcon_core.package_identification:_identify(src/golitath_mobile/goliath/goliath_interfaces) by extension 'colcon_meta'
[0.764s] Level 1:colcon.colcon_core.package_identification:_identify(src/golitath_mobile/goliath/goliath_interfaces) by extensions ['ros']
[0.764s] Level 1:colcon.colcon_core.package_identification:_identify(src/golitath_mobile/goliath/goliath_interfaces) by extension 'ros'
[0.765s] DEBUG:colcon.colcon_core.package_identification:Package 'src/golitath_mobile/goliath/goliath_interfaces' with type 'ros.ament_cmake' and name 'goliath_interfaces'
[0.765s] Level 1:colcon.colcon_core.package_identification:_identify(src/golitath_mobile/goliath/ros2_control_demo_description) by extensions ['ignore', 'ignore_ament_install']
[0.765s] Level 1:colcon.colcon_core.package_identification:_identify(src/golitath_mobile/goliath/ros2_control_demo_description) by extension 'ignore'
[0.765s] Level 1:colcon.colcon_core.package_identification:_identify(src/golitath_mobile/goliath/ros2_control_demo_description) by extension 'ignore_ament_install'
[0.765s] Level 1:colcon.colcon_core.package_identification:_identify(src/golitath_mobile/goliath/ros2_control_demo_description) by extensions ['colcon_pkg']
[0.765s] Level 1:colcon.colcon_core.package_identification:_identify(src/golitath_mobile/goliath/ros2_control_demo_description) by extension 'colcon_pkg'
[0.766s] Level 1:colcon.colcon_core.package_identification:_identify(src/golitath_mobile/goliath/ros2_control_demo_description) by extensions ['colcon_meta']
[0.766s] Level 1:colcon.colcon_core.package_identification:_identify(src/golitath_mobile/goliath/ros2_control_demo_description) by extension 'colcon_meta'
[0.766s] Level 1:colcon.colcon_core.package_identification:_identify(src/golitath_mobile/goliath/ros2_control_demo_description) by extensions ['ros']
[0.766s] Level 1:colcon.colcon_core.package_identification:_identify(src/golitath_mobile/goliath/ros2_control_demo_description) by extension 'ros'
[0.767s] DEBUG:colcon.colcon_core.package_identification:Package 'src/golitath_mobile/goliath/ros2_control_demo_description' with type 'ros.ament_cmake' and name 'ros2_control_demo_description'
[0.767s] Level 1:colcon.colcon_core.package_identification:_identify(src/golitath_mobile/goliath/ros2_control_demo_testing) by extensions ['ignore', 'ignore_ament_install']
[0.767s] Level 1:colcon.colcon_core.package_identification:_identify(src/golitath_mobile/goliath/ros2_control_demo_testing) by extension 'ignore'
[0.767s] Level 1:colcon.colcon_core.package_identification:_identify(src/golitath_mobile/goliath/ros2_control_demo_testing) by extension 'ignore_ament_install'
[0.767s] Level 1:colcon.colcon_core.package_identification:_identify(src/golitath_mobile/goliath/ros2_control_demo_testing) by extensions ['colcon_pkg']
[0.767s] Level 1:colcon.colcon_core.package_identification:_identify(src/golitath_mobile/goliath/ros2_control_demo_testing) by extension 'colcon_pkg'
[0.767s] Level 1:colcon.colcon_core.package_identification:_identify(src/golitath_mobile/goliath/ros2_control_demo_testing) by extensions ['colcon_meta']
[0.767s] Level 1:colcon.colcon_core.package_identification:_identify(src/golitath_mobile/goliath/ros2_control_demo_testing) by extension 'colcon_meta'
[0.768s] Level 1:colcon.colcon_core.package_identification:_identify(src/golitath_mobile/goliath/ros2_control_demo_testing) by extensions ['ros']
[0.768s] Level 1:colcon.colcon_core.package_identification:_identify(src/golitath_mobile/goliath/ros2_control_demo_testing) by extension 'ros'
[0.769s] DEBUG:colcon.colcon_core.package_identification:Package 'src/golitath_mobile/goliath/ros2_control_demo_testing' with type 'ros.ament_python' and name 'ros2_control_demo_testing'
[0.769s] Level 1:colcon.colcon_core.package_identification:_identify(src/golitath_mobile/goliath/ros2_control_demos) by extensions ['ignore', 'ignore_ament_install']
[0.769s] Level 1:colcon.colcon_core.package_identification:_identify(src/golitath_mobile/goliath/ros2_control_demos) by extension 'ignore'
[0.769s] Level 1:colcon.colcon_core.package_identification:_identify(src/golitath_mobile/goliath/ros2_control_demos) by extension 'ignore_ament_install'
[0.769s] Level 1:colcon.colcon_core.package_identification:_identify(src/golitath_mobile/goliath/ros2_control_demos) by extensions ['colcon_pkg']
[0.769s] Level 1:colcon.colcon_core.package_identification:_identify(src/golitath_mobile/goliath/ros2_control_demos) by extension 'colcon_pkg'
[0.769s] Level 1:colcon.colcon_core.package_identification:_identify(src/golitath_mobile/goliath/ros2_control_demos) by extensions ['colcon_meta']
[0.769s] Level 1:colcon.colcon_core.package_identification:_identify(src/golitath_mobile/goliath/ros2_control_demos) by extension 'colcon_meta'
[0.769s] Level 1:colcon.colcon_core.package_identification:_identify(src/golitath_mobile/goliath/ros2_control_demos) by extensions ['ros']
[0.769s] Level 1:colcon.colcon_core.package_identification:_identify(src/golitath_mobile/goliath/ros2_control_demos) by extension 'ros'
[0.784s] DEBUG:colcon.colcon_core.package_identification:Package 'src/golitath_mobile/goliath/ros2_control_demos' with type 'ros.ament_cmake' and name 'ros2_control_demos'
[0.784s] Level 1:colcon.colcon_core.package_identification:_identify(src/golitath_mobile/hoverboard_ros2_control) by extensions ['ignore', 'ignore_ament_install']
[0.785s] Level 1:colcon.colcon_core.package_identification:_identify(src/golitath_mobile/hoverboard_ros2_control) by extension 'ignore'
[0.785s] Level 1:colcon.colcon_core.package_identification:_identify(src/golitath_mobile/hoverboard_ros2_control) by extension 'ignore_ament_install'
[0.785s] Level 1:colcon.colcon_core.package_identification:_identify(src/golitath_mobile/hoverboard_ros2_control) by extensions ['colcon_pkg']
[0.785s] Level 1:colcon.colcon_core.package_identification:_identify(src/golitath_mobile/hoverboard_ros2_control) by extension 'colcon_pkg'
[0.785s] Level 1:colcon.colcon_core.package_identification:_identify(src/golitath_mobile/hoverboard_ros2_control) by extensions ['colcon_meta']
[0.785s] Level 1:colcon.colcon_core.package_identification:_identify(src/golitath_mobile/hoverboard_ros2_control) by extension 'colcon_meta'
[0.785s] Level 1:colcon.colcon_core.package_identification:_identify(src/golitath_mobile/hoverboard_ros2_control) by extensions ['ros']
[0.785s] Level 1:colcon.colcon_core.package_identification:_identify(src/golitath_mobile/hoverboard_ros2_control) by extension 'ros'
[0.785s] Level 1:colcon.colcon_core.package_identification:_identify(src/golitath_mobile/hoverboard_ros2_control) by extensions ['cmake', 'python']
[0.785s] Level 1:colcon.colcon_core.package_identification:_identify(src/golitath_mobile/hoverboard_ros2_control) by extension 'cmake'
[0.785s] Level 1:colcon.colcon_core.package_identification:_identify(src/golitath_mobile/hoverboard_ros2_control) by extension 'python'
[0.785s] Level 1:colcon.colcon_core.package_identification:_identify(src/golitath_mobile/hoverboard_ros2_control) by extensions ['python_setup_py']
[0.785s] Level 1:colcon.colcon_core.package_identification:_identify(src/golitath_mobile/hoverboard_ros2_control) by extension 'python_setup_py'
[0.786s] Level 1:colcon.colcon_core.package_identification:_identify(src/golitath_mobile/hoverboard_ros2_control/hoverboard_demo_bringup) by extensions ['ignore', 'ignore_ament_install']
[0.786s] Level 1:colcon.colcon_core.package_identification:_identify(src/golitath_mobile/hoverboard_ros2_control/hoverboard_demo_bringup) by extension 'ignore'
[0.786s] Level 1:colcon.colcon_core.package_identification:_identify(src/golitath_mobile/hoverboard_ros2_control/hoverboard_demo_bringup) by extension 'ignore_ament_install'
[0.786s] Level 1:colcon.colcon_core.package_identification:_identify(src/golitath_mobile/hoverboard_ros2_control/hoverboard_demo_bringup) by extensions ['colcon_pkg']
[0.786s] Level 1:colcon.colcon_core.package_identification:_identify(src/golitath_mobile/hoverboard_ros2_control/hoverboard_demo_bringup) by extension 'colcon_pkg'
[0.786s] Level 1:colcon.colcon_core.package_identification:_identify(src/golitath_mobile/hoverboard_ros2_control/hoverboard_demo_bringup) by extensions ['colcon_meta']
[0.786s] Level 1:colcon.colcon_core.package_identification:_identify(src/golitath_mobile/hoverboard_ros2_control/hoverboard_demo_bringup) by extension 'colcon_meta'
[0.786s] Level 1:colcon.colcon_core.package_identification:_identify(src/golitath_mobile/hoverboard_ros2_control/hoverboard_demo_bringup) by extensions ['ros']
[0.786s] Level 1:colcon.colcon_core.package_identification:_identify(src/golitath_mobile/hoverboard_ros2_control/hoverboard_demo_bringup) by extension 'ros'
[0.787s] DEBUG:colcon.colcon_core.package_identification:Package 'src/golitath_mobile/hoverboard_ros2_control/hoverboard_demo_bringup' with type 'ros.ament_cmake' and name 'hoverboard_demo_bringup'
[0.787s] Level 1:colcon.colcon_core.package_identification:_identify(src/golitath_mobile/hoverboard_ros2_control/hoverboard_demo_description) by extensions ['ignore', 'ignore_ament_install']
[0.788s] Level 1:colcon.colcon_core.package_identification:_identify(src/golitath_mobile/hoverboard_ros2_control/hoverboard_demo_description) by extension 'ignore'
[0.788s] Level 1:colcon.colcon_core.package_identification:_identify(src/golitath_mobile/hoverboard_ros2_control/hoverboard_demo_description) by extension 'ignore_ament_install'
[0.788s] Level 1:colcon.colcon_core.package_identification:_identify(src/golitath_mobile/hoverboard_ros2_control/hoverboard_demo_description) by extensions ['colcon_pkg']
[0.788s] Level 1:colcon.colcon_core.package_identification:_identify(src/golitath_mobile/hoverboard_ros2_control/hoverboard_demo_description) by extension 'colcon_pkg'
[0.788s] Level 1:colcon.colcon_core.package_identification:_identify(src/golitath_mobile/hoverboard_ros2_control/hoverboard_demo_description) by extensions ['colcon_meta']
[0.788s] Level 1:colcon.colcon_core.package_identification:_identify(src/golitath_mobile/hoverboard_ros2_control/hoverboard_demo_description) by extension 'colcon_meta'
[0.788s] Level 1:colcon.colcon_core.package_identification:_identify(src/golitath_mobile/hoverboard_ros2_control/hoverboard_demo_description) by extensions ['ros']
[0.788s] Level 1:colcon.colcon_core.package_identification:_identify(src/golitath_mobile/hoverboard_ros2_control/hoverboard_demo_description) by extension 'ros'
[0.789s] DEBUG:colcon.colcon_core.package_identification:Package 'src/golitath_mobile/hoverboard_ros2_control/hoverboard_demo_description' with type 'ros.ament_cmake' and name 'hoverboard_demo_description'
[0.789s] Level 1:colcon.colcon_core.package_identification:_identify(src/golitath_mobile/hoverboard_ros2_control/hoverboard_hardware_interface) by extensions ['ignore', 'ignore_ament_install']
[0.789s] Level 1:colcon.colcon_core.package_identification:_identify(src/golitath_mobile/hoverboard_ros2_control/hoverboard_hardware_interface) by extension 'ignore'
[0.789s] Level 1:colcon.colcon_core.package_identification:_identify(src/golitath_mobile/hoverboard_ros2_control/hoverboard_hardware_interface) by extension 'ignore_ament_install'
[0.789s] Level 1:colcon.colcon_core.package_identification:_identify(src/golitath_mobile/hoverboard_ros2_control/hoverboard_hardware_interface) by extensions ['colcon_pkg']
[0.789s] Level 1:colcon.colcon_core.package_identification:_identify(src/golitath_mobile/hoverboard_ros2_control/hoverboard_hardware_interface) by extension 'colcon_pkg'
[0.790s] Level 1:colcon.colcon_core.package_identification:_identify(src/golitath_mobile/hoverboard_ros2_control/hoverboard_hardware_interface) by extensions ['colcon_meta']
[0.790s] Level 1:colcon.colcon_core.package_identification:_identify(src/golitath_mobile/hoverboard_ros2_control/hoverboard_hardware_interface) by extension 'colcon_meta'
[0.790s] Level 1:colcon.colcon_core.package_identification:_identify(src/golitath_mobile/hoverboard_ros2_control/hoverboard_hardware_interface) by extensions ['ros']
[0.790s] Level 1:colcon.colcon_core.package_identification:_identify(src/golitath_mobile/hoverboard_ros2_control/hoverboard_hardware_interface) by extension 'ros'
[0.791s] DEBUG:colcon.colcon_core.package_identification:Package 'src/golitath_mobile/hoverboard_ros2_control/hoverboard_hardware_interface' with type 'ros.ament_cmake' and name 'hoverboard_hardware_interface'
[0.791s] Level 1:colcon.colcon_core.package_identification:_identify(src/golitath_mobile/hoverboard_ros2_control/hoverboard_ros2_control) by extensions ['ignore', 'ignore_ament_install']
[0.791s] Level 1:colcon.colcon_core.package_identification:_identify(src/golitath_mobile/hoverboard_ros2_control/hoverboard_ros2_control) by extension 'ignore'
[0.791s] Level 1:colcon.colcon_core.package_identification:_identify(src/golitath_mobile/hoverboard_ros2_control/hoverboard_ros2_control) by extension 'ignore_ament_install'
[0.791s] Level 1:colcon.colcon_core.package_identification:_identify(src/golitath_mobile/hoverboard_ros2_control/hoverboard_ros2_control) by extensions ['colcon_pkg']
[0.791s] Level 1:colcon.colcon_core.package_identification:_identify(src/golitath_mobile/hoverboard_ros2_control/hoverboard_ros2_control) by extension 'colcon_pkg'
[0.791s] Level 1:colcon.colcon_core.package_identification:_identify(src/golitath_mobile/hoverboard_ros2_control/hoverboard_ros2_control) by extensions ['colcon_meta']
[0.791s] Level 1:colcon.colcon_core.package_identification:_identify(src/golitath_mobile/hoverboard_ros2_control/hoverboard_ros2_control) by extension 'colcon_meta'
[0.791s] Level 1:colcon.colcon_core.package_identification:_identify(src/golitath_mobile/hoverboard_ros2_control/hoverboard_ros2_control) by extensions ['ros']
[0.791s] Level 1:colcon.colcon_core.package_identification:_identify(src/golitath_mobile/hoverboard_ros2_control/hoverboard_ros2_control) by extension 'ros'
[0.792s] DEBUG:colcon.colcon_core.package_identification:Package 'src/golitath_mobile/hoverboard_ros2_control/hoverboard_ros2_control' with type 'ros.ament_cmake' and name 'hoverboard_ros2_control'
[0.793s] Level 1:colcon.colcon_core.package_identification:_identify(src/golitath_mobile/moveit) by extensions ['ignore', 'ignore_ament_install']
[0.793s] Level 1:colcon.colcon_core.package_identification:_identify(src/golitath_mobile/moveit) by extension 'ignore'
[0.793s] Level 1:colcon.colcon_core.package_identification:_identify(src/golitath_mobile/moveit) by extension 'ignore_ament_install'
[0.793s] Level 1:colcon.colcon_core.package_identification:_identify(src/golitath_mobile/moveit) by extensions ['colcon_pkg']
[0.793s] Level 1:colcon.colcon_core.package_identification:_identify(src/golitath_mobile/moveit) by extension 'colcon_pkg'
[0.793s] Level 1:colcon.colcon_core.package_identification:_identify(src/golitath_mobile/moveit) by extensions ['colcon_meta']
[0.793s] Level 1:colcon.colcon_core.package_identification:_identify(src/golitath_mobile/moveit) by extension 'colcon_meta'
[0.793s] Level 1:colcon.colcon_core.package_identification:_identify(src/golitath_mobile/moveit) by extensions ['ros']
[0.793s] Level 1:colcon.colcon_core.package_identification:_identify(src/golitath_mobile/moveit) by extension 'ros'
[0.795s] DEBUG:colcon.colcon_core.package_identification:Package 'src/golitath_mobile/moveit' with type 'ros.ament_cmake' and name 'moveit'
[0.795s] Level 1:colcon.colcon_core.package_identification:_identify(src/rplidar_ros) by extensions ['ignore', 'ignore_ament_install']
[0.795s] Level 1:colcon.colcon_core.package_identification:_identify(src/rplidar_ros) by extension 'ignore'
[0.795s] Level 1:colcon.colcon_core.package_identification:_identify(src/rplidar_ros) by extension 'ignore_ament_install'
[0.795s] Level 1:colcon.colcon_core.package_identification:_identify(src/rplidar_ros) by extensions ['colcon_pkg']
[0.795s] Level 1:colcon.colcon_core.package_identification:_identify(src/rplidar_ros) by extension 'colcon_pkg'
[0.795s] Level 1:colcon.colcon_core.package_identification:_identify(src/rplidar_ros) by extensions ['colcon_meta']
[0.795s] Level 1:colcon.colcon_core.package_identification:_identify(src/rplidar_ros) by extension 'colcon_meta'
[0.795s] Level 1:colcon.colcon_core.package_identification:_identify(src/rplidar_ros) by extensions ['ros']
[0.796s] Level 1:colcon.colcon_core.package_identification:_identify(src/rplidar_ros) by extension 'ros'
[0.797s] DEBUG:colcon.colcon_core.package_identification:Package 'src/rplidar_ros' with type 'ros.ament_cmake' and name 'rplidar_ros'
[0.797s] Level 1:colcon.colcon_core.package_discovery:discover_packages(recursive) using defaults
[0.797s] Level 1:colcon.colcon_core.package_discovery:discover_packages(ignore) discover
[0.797s] Level 1:colcon.colcon_core.package_discovery:discover_packages(ignore) using defaults
[0.797s] Level 1:colcon.colcon_core.package_discovery:discover_packages(path) discover
[0.797s] Level 1:colcon.colcon_core.package_discovery:discover_packages(path) using defaults
[0.838s] Level 1:colcon.colcon_core.package_discovery:discover_packages(prefix_path) check parameters
[0.838s] Level 1:colcon.colcon_core.package_discovery:discover_packages(prefix_path) discover
[0.841s] WARNING:colcon.colcon_ros.prefix_path.ament:The path '/home/bart/goliath_mobile/install/rplidar_ros' in the environment variable AMENT_PREFIX_PATH doesn't exist
[0.841s] WARNING:colcon.colcon_ros.prefix_path.ament:The path '/home/bart/goliath_mobile/install/ros2_control_demos' in the environment variable AMENT_PREFIX_PATH doesn't exist
[0.842s] WARNING:colcon.colcon_ros.prefix_path.ament:The path '/home/bart/goliath_mobile/install/ros2_control_demo_testing' in the environment variable AMENT_PREFIX_PATH doesn't exist
[0.842s] WARNING:colcon.colcon_ros.prefix_path.ament:The path '/home/bart/goliath_mobile/install/moveit' in the environment variable AMENT_PREFIX_PATH doesn't exist
[0.842s] WARNING:colcon.colcon_ros.prefix_path.ament:The path '/home/bart/goliath_mobile/install/gripper_controller' in the environment variable AMENT_PREFIX_PATH doesn't exist
[0.842s] WARNING:colcon.colcon_ros.prefix_path.ament:The path '/home/bart/goliath_mobile/install/goliath_moveit_config' in the environment variable AMENT_PREFIX_PATH doesn't exist
[0.842s] WARNING:colcon.colcon_ros.prefix_path.ament:The path '/home/bart/goliath_mobile/install/goliath_controller' in the environment variable AMENT_PREFIX_PATH doesn't exist
[0.842s] WARNING:colcon.colcon_ros.prefix_path.ament:The path '/home/bart/goliath_mobile/install/ros2_control_demo_description' in the environment variable AMENT_PREFIX_PATH doesn't exist
[0.842s] WARNING:colcon.colcon_ros.prefix_path.ament:The path '/home/bart/goliath_mobile/install/hoverboard_ros2_control' in the environment variable AMENT_PREFIX_PATH doesn't exist
[0.842s] WARNING:colcon.colcon_ros.prefix_path.ament:The path '/home/bart/goliath_mobile/install/hoverboard_hardware_interface' in the environment variable AMENT_PREFIX_PATH doesn't exist
[0.842s] WARNING:colcon.colcon_ros.prefix_path.ament:The path '/home/bart/goliath_mobile/install/hoverboard_demo_bringup' in the environment variable AMENT_PREFIX_PATH doesn't exist
[0.843s] WARNING:colcon.colcon_ros.prefix_path.ament:The path '/home/bart/goliath_mobile/install/hoverboard_demo_description' in the environment variable AMENT_PREFIX_PATH doesn't exist
[0.843s] WARNING:colcon.colcon_ros.prefix_path.ament:The path '/home/bart/goliath_mobile/install/gripper_description' in the environment variable AMENT_PREFIX_PATH doesn't exist
[0.843s] WARNING:colcon.colcon_ros.prefix_path.ament:The path '/home/bart/goliath_mobile/install/goliath_commander_cpp' in the environment variable AMENT_PREFIX_PATH doesn't exist
[0.843s] WARNING:colcon.colcon_ros.prefix_path.ament:The path '/home/bart/goliath_mobile/install/goliath_interfaces' in the environment variable AMENT_PREFIX_PATH doesn't exist
[0.843s] WARNING:colcon.colcon_ros.prefix_path.ament:The path '/home/bart/goliath_mobile/install/arm_move_joy' in the environment variable AMENT_PREFIX_PATH doesn't exist
[0.843s] WARNING:colcon.colcon_ros.prefix_path.catkin:The path '/home/bart/goliath_mobile/install/rplidar_ros' in the environment variable CMAKE_PREFIX_PATH doesn't exist
[0.843s] WARNING:colcon.colcon_ros.prefix_path.catkin:The path '/home/bart/goliath_mobile/install/ros2_control_demos' in the environment variable CMAKE_PREFIX_PATH doesn't exist
[0.844s] WARNING:colcon.colcon_ros.prefix_path.catkin:The path '/home/bart/goliath_mobile/install/moveit' in the environment variable CMAKE_PREFIX_PATH doesn't exist
[0.844s] WARNING:colcon.colcon_ros.prefix_path.catkin:The path '/home/bart/goliath_mobile/install/gripper_controller' in the environment variable CMAKE_PREFIX_PATH doesn't exist
[0.844s] WARNING:colcon.colcon_ros.prefix_path.catkin:The path '/home/bart/goliath_mobile/install/goliath_moveit_config' in the environment variable CMAKE_PREFIX_PATH doesn't exist
[0.844s] WARNING:colcon.colcon_ros.prefix_path.catkin:The path '/home/bart/goliath_mobile/install/goliath_controller' in the environment variable CMAKE_PREFIX_PATH doesn't exist
[0.844s] WARNING:colcon.colcon_ros.prefix_path.catkin:The path '/home/bart/goliath_mobile/install/ros2_control_demo_description' in the environment variable CMAKE_PREFIX_PATH doesn't exist
[0.844s] WARNING:colcon.colcon_ros.prefix_path.catkin:The path '/home/bart/goliath_mobile/install/hoverboard_ros2_control' in the environment variable CMAKE_PREFIX_PATH doesn't exist
[0.844s] WARNING:colcon.colcon_ros.prefix_path.catkin:The path '/home/bart/goliath_mobile/install/hoverboard_hardware_interface' in the environment variable CMAKE_PREFIX_PATH doesn't exist
[0.844s] WARNING:colcon.colcon_ros.prefix_path.catkin:The path '/home/bart/goliath_mobile/install/hoverboard_demo_bringup' in the environment variable CMAKE_PREFIX_PATH doesn't exist
[0.844s] WARNING:colcon.colcon_ros.prefix_path.catkin:The path '/home/bart/goliath_mobile/install/hoverboard_demo_description' in the environment variable CMAKE_PREFIX_PATH doesn't exist
[0.844s] WARNING:colcon.colcon_ros.prefix_path.catkin:The path '/home/bart/goliath_mobile/install/goliath_commander_cpp' in the environment variable CMAKE_PREFIX_PATH doesn't exist
[0.844s] WARNING:colcon.colcon_ros.prefix_path.catkin:The path '/home/bart/goliath_mobile/install/goliath_interfaces' in the environment variable CMAKE_PREFIX_PATH doesn't exist
[0.844s] WARNING:colcon.colcon_ros.prefix_path.catkin:The path '/home/bart/goliath_mobile/install/arm_move_joy' in the environment variable CMAKE_PREFIX_PATH doesn't exist
[0.846s] DEBUG:colcon.colcon_installed_package_information.package_discovery:Found 0 installed packages in /home/bart/goliath_mobile/install
[0.846s] DEBUG:colcon.colcon_installed_package_information.package_discovery:Found 2 installed packages in /home/bart/goliath_base/install
[0.849s] DEBUG:colcon.colcon_installed_package_information.package_discovery:Found 468 installed packages in /opt/ros/humble
[0.854s] Level 1:colcon.colcon_core.package_discovery:discover_packages(prefix_path) using defaults
[0.943s] Level 5:colcon.colcon_core.verb:set package 'arm_move_joy' build argument 'cmake_args' from command line to 'None'
[0.943s] Level 5:colcon.colcon_core.verb:set package 'arm_move_joy' build argument 'cmake_target' from command line to 'None'
[0.943s] Level 5:colcon.colcon_core.verb:set package 'arm_move_joy' build argument 'cmake_target_skip_unavailable' from command line to 'False'
[0.944s] Level 5:colcon.colcon_core.verb:set package 'arm_move_joy' build argument 'cmake_clean_cache' from command line to 'False'
[0.944s] Level 5:colcon.colcon_core.verb:set package 'arm_move_joy' build argument 'cmake_clean_first' from command line to 'False'
[0.944s] Level 5:colcon.colcon_core.verb:set package 'arm_move_joy' build argument 'cmake_force_configure' from command line to 'False'
[0.944s] Level 5:colcon.colcon_core.verb:set package 'arm_move_joy' build argument 'ament_cmake_args' from command line to 'None'
[0.944s] Level 5:colcon.colcon_core.verb:set package 'arm_move_joy' build argument 'catkin_cmake_args' from command line to 'None'
[0.944s] Level 5:colcon.colcon_core.verb:set package 'arm_move_joy' build argument 'catkin_skip_building_tests' from command line to 'False'
[0.944s] DEBUG:colcon.colcon_core.verb:Building package 'arm_move_joy' with the following arguments: {'ament_cmake_args': None, 'build_base': '/home/bart/goliath_mobile/build/arm_move_joy', 'catkin_cmake_args': None, 'catkin_skip_building_tests': False, 'cmake_args': None, 'cmake_clean_cache': False, 'cmake_clean_first': False, 'cmake_force_configure': False, 'cmake_target': None, 'cmake_target_skip_unavailable': False, 'install_base': '/home/bart/goliath_mobile/install/arm_move_joy', 'merge_install': False, 'path': '/home/bart/goliath_mobile/src/golitath_mobile/goliath/arm_move_joy', 'symlink_install': True, 'test_result_base': None}
[0.944s] Level 5:colcon.colcon_core.verb:set package 'goliath_interfaces' build argument 'cmake_args' from command line to 'None'
[0.944s] Level 5:colcon.colcon_core.verb:set package 'goliath_interfaces' build argument 'cmake_target' from command line to 'None'
[0.944s] Level 5:colcon.colcon_core.verb:set package 'goliath_interfaces' build argument 'cmake_target_skip_unavailable' from command line to 'False'
[0.944s] Level 5:colcon.colcon_core.verb:set package 'goliath_interfaces' build argument 'cmake_clean_cache' from command line to 'False'
[0.945s] Level 5:colcon.colcon_core.verb:set package 'goliath_interfaces' build argument 'cmake_clean_first' from command line to 'False'
[0.945s] Level 5:colcon.colcon_core.verb:set package 'goliath_interfaces' build argument 'cmake_force_configure' from command line to 'False'
[0.945s] Level 5:colcon.colcon_core.verb:set package 'goliath_interfaces' build argument 'ament_cmake_args' from command line to 'None'
[0.945s] Level 5:colcon.colcon_core.verb:set package 'goliath_interfaces' build argument 'catkin_cmake_args' from command line to 'None'
[0.945s] Level 5:colcon.colcon_core.verb:set package 'goliath_interfaces' build argument 'catkin_skip_building_tests' from command line to 'False'
[0.945s] DEBUG:colcon.colcon_core.verb:Building package 'goliath_interfaces' with the following arguments: {'ament_cmake_args': None, 'build_base': '/home/bart/goliath_mobile/build/goliath_interfaces', 'catkin_cmake_args': None, 'catkin_skip_building_tests': False, 'cmake_args': None, 'cmake_clean_cache': False, 'cmake_clean_first': False, 'cmake_force_configure': False, 'cmake_target': None, 'cmake_target_skip_unavailable': False, 'install_base': '/home/bart/goliath_mobile/install/goliath_interfaces', 'merge_install': False, 'path': '/home/bart/goliath_mobile/src/golitath_mobile/goliath/goliath_interfaces', 'symlink_install': True, 'test_result_base': None}
[0.945s] Level 5:colcon.colcon_core.verb:set package 'gripper_description' build argument 'cmake_args' from command line to 'None'
[0.945s] Level 5:colcon.colcon_core.verb:set package 'gripper_description' build argument 'cmake_target' from command line to 'None'
[0.945s] Level 5:colcon.colcon_core.verb:set package 'gripper_description' build argument 'cmake_target_skip_unavailable' from command line to 'False'
[0.945s] Level 5:colcon.colcon_core.verb:set package 'gripper_description' build argument 'cmake_clean_cache' from command line to 'False'
[0.945s] Level 5:colcon.colcon_core.verb:set package 'gripper_description' build argument 'cmake_clean_first' from command line to 'False'
[0.945s] Level 5:colcon.colcon_core.verb:set package 'gripper_description' build argument 'cmake_force_configure' from command line to 'False'
[0.945s] Level 5:colcon.colcon_core.verb:set package 'gripper_description' build argument 'ament_cmake_args' from command line to 'None'
[0.945s] Level 5:colcon.colcon_core.verb:set package 'gripper_description' build argument 'catkin_cmake_args' from command line to 'None'
[0.946s] Level 5:colcon.colcon_core.verb:set package 'gripper_description' build argument 'catkin_skip_building_tests' from command line to 'False'
[0.946s] DEBUG:colcon.colcon_core.verb:Building package 'gripper_description' with the following arguments: {'ament_cmake_args': None, 'build_base': '/home/bart/goliath_mobile/build/gripper_description', 'catkin_cmake_args': None, 'catkin_skip_building_tests': False, 'cmake_args': None, 'cmake_clean_cache': False, 'cmake_clean_first': False, 'cmake_force_configure': False, 'cmake_target': None, 'cmake_target_skip_unavailable': False, 'install_base': '/home/bart/goliath_mobile/install/gripper_description', 'merge_install': False, 'path': '/home/bart/goliath_mobile/src/goliath_gripper/gripper_description', 'symlink_install': True, 'test_result_base': None}
[0.946s] Level 5:colcon.colcon_core.verb:set package 'hoverboard_demo_description' build argument 'cmake_args' from command line to 'None'
[0.946s] Level 5:colcon.colcon_core.verb:set package 'hoverboard_demo_description' build argument 'cmake_target' from command line to 'None'
[0.946s] Level 5:colcon.colcon_core.verb:set package 'hoverboard_demo_description' build argument 'cmake_target_skip_unavailable' from command line to 'False'
[0.946s] Level 5:colcon.colcon_core.verb:set package 'hoverboard_demo_description' build argument 'cmake_clean_cache' from command line to 'False'
[0.946s] Level 5:colcon.colcon_core.verb:set package 'hoverboard_demo_description' build argument 'cmake_clean_first' from command line to 'False'
[0.946s] Level 5:colcon.colcon_core.verb:set package 'hoverboard_demo_description' build argument 'cmake_force_configure' from command line to 'False'
[0.946s] Level 5:colcon.colcon_core.verb:set package 'hoverboard_demo_description' build argument 'ament_cmake_args' from command line to 'None'
[0.946s] Level 5:colcon.colcon_core.verb:set package 'hoverboard_demo_description' build argument 'catkin_cmake_args' from command line to 'None'
[0.946s] Level 5:colcon.colcon_core.verb:set package 'hoverboard_demo_description' build argument 'catkin_skip_building_tests' from command line to 'False'
[0.946s] DEBUG:colcon.colcon_core.verb:Building package 'hoverboard_demo_description' with the following arguments: {'ament_cmake_args': None, 'build_base': '/home/bart/goliath_mobile/build/hoverboard_demo_description', 'catkin_cmake_args': None, 'catkin_skip_building_tests': False, 'cmake_args': None, 'cmake_clean_cache': False, 'cmake_clean_first': False, 'cmake_force_configure': False, 'cmake_target': None, 'cmake_target_skip_unavailable': False, 'install_base': '/home/bart/goliath_mobile/install/hoverboard_demo_description', 'merge_install': False, 'path': '/home/bart/goliath_mobile/src/golitath_mobile/hoverboard_ros2_control/hoverboard_demo_description', 'symlink_install': True, 'test_result_base': None}
[0.947s] Level 5:colcon.colcon_core.verb:set package 'hoverboard_hardware_interface' build argument 'cmake_args' from command line to 'None'
[0.947s] Level 5:colcon.colcon_core.verb:set package 'hoverboard_hardware_interface' build argument 'cmake_target' from command line to 'None'
[0.947s] Level 5:colcon.colcon_core.verb:set package 'hoverboard_hardware_interface' build argument 'cmake_target_skip_unavailable' from command line to 'False'
[0.947s] Level 5:colcon.colcon_core.verb:set package 'hoverboard_hardware_interface' build argument 'cmake_clean_cache' from command line to 'False'
[0.947s] Level 5:colcon.colcon_core.verb:set package 'hoverboard_hardware_interface' build argument 'cmake_clean_first' from command line to 'False'
[0.947s] Level 5:colcon.colcon_core.verb:set package 'hoverboard_hardware_interface' build argument 'cmake_force_configure' from command line to 'False'
[0.947s] Level 5:colcon.colcon_core.verb:set package 'hoverboard_hardware_interface' build argument 'ament_cmake_args' from command line to 'None'
[0.947s] Level 5:colcon.colcon_core.verb:set package 'hoverboard_hardware_interface' build argument 'catkin_cmake_args' from command line to 'None'
[0.947s] Level 5:colcon.colcon_core.verb:set package 'hoverboard_hardware_interface' build argument 'catkin_skip_building_tests' from command line to 'False'
[0.947s] DEBUG:colcon.colcon_core.verb:Building package 'hoverboard_hardware_interface' with the following arguments: {'ament_cmake_args': None, 'build_base': '/home/bart/goliath_mobile/build/hoverboard_hardware_interface', 'catkin_cmake_args': None, 'catkin_skip_building_tests': False, 'cmake_args': None, 'cmake_clean_cache': False, 'cmake_clean_first': False, 'cmake_force_configure': False, 'cmake_target': None, 'cmake_target_skip_unavailable': False, 'install_base': '/home/bart/goliath_mobile/install/hoverboard_hardware_interface', 'merge_install': False, 'path': '/home/bart/goliath_mobile/src/golitath_mobile/hoverboard_ros2_control/hoverboard_hardware_interface', 'symlink_install': True, 'test_result_base': None}
[0.948s] Level 5:colcon.colcon_core.verb:set package 'hoverboard_ros2_control' build argument 'cmake_args' from command line to 'None'
[0.948s] Level 5:colcon.colcon_core.verb:set package 'hoverboard_ros2_control' build argument 'cmake_target' from command line to 'None'
[0.948s] Level 5:colcon.colcon_core.verb:set package 'hoverboard_ros2_control' build argument 'cmake_target_skip_unavailable' from command line to 'False'
[0.948s] Level 5:colcon.colcon_core.verb:set package 'hoverboard_ros2_control' build argument 'cmake_clean_cache' from command line to 'False'
[0.948s] Level 5:colcon.colcon_core.verb:set package 'hoverboard_ros2_control' build argument 'cmake_clean_first' from command line to 'False'
[0.948s] Level 5:colcon.colcon_core.verb:set package 'hoverboard_ros2_control' build argument 'cmake_force_configure' from command line to 'False'
[0.948s] Level 5:colcon.colcon_core.verb:set package 'hoverboard_ros2_control' build argument 'ament_cmake_args' from command line to 'None'
[0.948s] Level 5:colcon.colcon_core.verb:set package 'hoverboard_ros2_control' build argument 'catkin_cmake_args' from command line to 'None'
[0.948s] Level 5:colcon.colcon_core.verb:set package 'hoverboard_ros2_control' build argument 'catkin_skip_building_tests' from command line to 'False'
[0.948s] DEBUG:colcon.colcon_core.verb:Building package 'hoverboard_ros2_control' with the following arguments: {'ament_cmake_args': None, 'build_base': '/home/bart/goliath_mobile/build/hoverboard_ros2_control', 'catkin_cmake_args': None, 'catkin_skip_building_tests': False, 'cmake_args': None, 'cmake_clean_cache': False, 'cmake_clean_first': False, 'cmake_force_configure': False, 'cmake_target': None, 'cmake_target_skip_unavailable': False, 'install_base': '/home/bart/goliath_mobile/install/hoverboard_ros2_control', 'merge_install': False, 'path': '/home/bart/goliath_mobile/src/golitath_mobile/hoverboard_ros2_control/hoverboard_ros2_control', 'symlink_install': True, 'test_result_base': None}
[0.949s] Level 5:colcon.colcon_core.verb:set package 'ros2_control_demo_description' build argument 'cmake_args' from command line to 'None'
[0.949s] Level 5:colcon.colcon_core.verb:set package 'ros2_control_demo_description' build argument 'cmake_target' from command line to 'None'
[0.949s] Level 5:colcon.colcon_core.verb:set package 'ros2_control_demo_description' build argument 'cmake_target_skip_unavailable' from command line to 'False'
[0.949s] Level 5:colcon.colcon_core.verb:set package 'ros2_control_demo_description' build argument 'cmake_clean_cache' from command line to 'False'
[0.949s] Level 5:colcon.colcon_core.verb:set package 'ros2_control_demo_description' build argument 'cmake_clean_first' from command line to 'False'
[0.949s] Level 5:colcon.colcon_core.verb:set package 'ros2_control_demo_description' build argument 'cmake_force_configure' from command line to 'False'
[0.949s] Level 5:colcon.colcon_core.verb:set package 'ros2_control_demo_description' build argument 'ament_cmake_args' from command line to 'None'
[0.949s] Level 5:colcon.colcon_core.verb:set package 'ros2_control_demo_description' build argument 'catkin_cmake_args' from command line to 'None'
[0.949s] Level 5:colcon.colcon_core.verb:set package 'ros2_control_demo_description' build argument 'catkin_skip_building_tests' from command line to 'False'
[0.949s] DEBUG:colcon.colcon_core.verb:Building package 'ros2_control_demo_description' with the following arguments: {'ament_cmake_args': None, 'build_base': '/home/bart/goliath_mobile/build/ros2_control_demo_description', 'catkin_cmake_args': None, 'catkin_skip_building_tests': False, 'cmake_args': None, 'cmake_clean_cache': False, 'cmake_clean_first': False, 'cmake_force_configure': False, 'cmake_target': None, 'cmake_target_skip_unavailable': False, 'install_base': '/home/bart/goliath_mobile/install/ros2_control_demo_description', 'merge_install': False, 'path': '/home/bart/goliath_mobile/src/golitath_mobile/goliath/ros2_control_demo_description', 'symlink_install': True, 'test_result_base': None}
[0.949s] Level 5:colcon.colcon_core.verb:set package 'ros2_control_demo_testing' build argument 'cmake_args' from command line to 'None'
[0.949s] Level 5:colcon.colcon_core.verb:set package 'ros2_control_demo_testing' build argument 'cmake_target' from command line to 'None'
[0.949s] Level 5:colcon.colcon_core.verb:set package 'ros2_control_demo_testing' build argument 'cmake_target_skip_unavailable' from command line to 'False'
[0.949s] Level 5:colcon.colcon_core.verb:set package 'ros2_control_demo_testing' build argument 'cmake_clean_cache' from command line to 'False'
[0.950s] Level 5:colcon.colcon_core.verb:set package 'ros2_control_demo_testing' build argument 'cmake_clean_first' from command line to 'False'
[0.950s] Level 5:colcon.colcon_core.verb:set package 'ros2_control_demo_testing' build argument 'cmake_force_configure' from command line to 'False'
[0.950s] Level 5:colcon.colcon_core.verb:set package 'ros2_control_demo_testing' build argument 'ament_cmake_args' from command line to 'None'
[0.950s] Level 5:colcon.colcon_core.verb:set package 'ros2_control_demo_testing' build argument 'catkin_cmake_args' from command line to 'None'
[0.950s] Level 5:colcon.colcon_core.verb:set package 'ros2_control_demo_testing' build argument 'catkin_skip_building_tests' from command line to 'False'
[0.950s] DEBUG:colcon.colcon_core.verb:Building package 'ros2_control_demo_testing' with the following arguments: {'ament_cmake_args': None, 'build_base': '/home/bart/goliath_mobile/build/ros2_control_demo_testing', 'catkin_cmake_args': None, 'catkin_skip_building_tests': False, 'cmake_args': None, 'cmake_clean_cache': False, 'cmake_clean_first': False, 'cmake_force_configure': False, 'cmake_target': None, 'cmake_target_skip_unavailable': False, 'install_base': '/home/bart/goliath_mobile/install/ros2_control_demo_testing', 'merge_install': False, 'path': '/home/bart/goliath_mobile/src/golitath_mobile/goliath/ros2_control_demo_testing', 'symlink_install': True, 'test_result_base': None}
[0.950s] Level 5:colcon.colcon_core.verb:set package 'rplidar_ros' build argument 'cmake_args' from command line to 'None'
[0.950s] Level 5:colcon.colcon_core.verb:set package 'rplidar_ros' build argument 'cmake_target' from command line to 'None'
[0.950s] Level 5:colcon.colcon_core.verb:set package 'rplidar_ros' build argument 'cmake_target_skip_unavailable' from command line to 'False'
[0.950s] Level 5:colcon.colcon_core.verb:set package 'rplidar_ros' build argument 'cmake_clean_cache' from command line to 'False'
[0.950s] Level 5:colcon.colcon_core.verb:set package 'rplidar_ros' build argument 'cmake_clean_first' from command line to 'False'
[0.950s] Level 5:colcon.colcon_core.verb:set package 'rplidar_ros' build argument 'cmake_force_configure' from command line to 'False'
[0.950s] Level 5:colcon.colcon_core.verb:set package 'rplidar_ros' build argument 'ament_cmake_args' from command line to 'None'
[0.950s] Level 5:colcon.colcon_core.verb:set package 'rplidar_ros' build argument 'catkin_cmake_args' from command line to 'None'
[0.950s] Level 5:colcon.colcon_core.verb:set package 'rplidar_ros' build argument 'catkin_skip_building_tests' from command line to 'False'
[0.951s] DEBUG:colcon.colcon_core.verb:Building package 'rplidar_ros' with the following arguments: {'ament_cmake_args': None, 'build_base': '/home/bart/goliath_mobile/build/rplidar_ros', 'catkin_cmake_args': None, 'catkin_skip_building_tests': False, 'cmake_args': None, 'cmake_clean_cache': False, 'cmake_clean_first': False, 'cmake_force_configure': False, 'cmake_target': None, 'cmake_target_skip_unavailable': False, 'install_base': '/home/bart/goliath_mobile/install/rplidar_ros', 'merge_install': False, 'path': '/home/bart/goliath_mobile/src/rplidar_ros', 'symlink_install': True, 'test_result_base': None}
[0.951s] Level 5:colcon.colcon_core.verb:set package 'goliath_commander_cpp' build argument 'cmake_args' from command line to 'None'
[0.951s] Level 5:colcon.colcon_core.verb:set package 'goliath_commander_cpp' build argument 'cmake_target' from command line to 'None'
[0.951s] Level 5:colcon.colcon_core.verb:set package 'goliath_commander_cpp' build argument 'cmake_target_skip_unavailable' from command line to 'False'
[0.951s] Level 5:colcon.colcon_core.verb:set package 'goliath_commander_cpp' build argument 'cmake_clean_cache' from command line to 'False'
[0.951s] Level 5:colcon.colcon_core.verb:set package 'goliath_commander_cpp' build argument 'cmake_clean_first' from command line to 'False'
[0.951s] Level 5:colcon.colcon_core.verb:set package 'goliath_commander_cpp' build argument 'cmake_force_configure' from command line to 'False'
[0.951s] Level 5:colcon.colcon_core.verb:set package 'goliath_commander_cpp' build argument 'ament_cmake_args' from command line to 'None'
[0.951s] Level 5:colcon.colcon_core.verb:set package 'goliath_commander_cpp' build argument 'catkin_cmake_args' from command line to 'None'
[0.951s] Level 5:colcon.colcon_core.verb:set package 'goliath_commander_cpp' build argument 'catkin_skip_building_tests' from command line to 'False'
[0.951s] DEBUG:colcon.colcon_core.verb:Building package 'goliath_commander_cpp' with the following arguments: {'ament_cmake_args': None, 'build_base': '/home/bart/goliath_mobile/build/goliath_commander_cpp', 'catkin_cmake_args': None, 'catkin_skip_building_tests': False, 'cmake_args': None, 'cmake_clean_cache': False, 'cmake_clean_first': False, 'cmake_force_configure': False, 'cmake_target': None, 'cmake_target_skip_unavailable': False, 'install_base': '/home/bart/goliath_mobile/install/goliath_commander_cpp', 'merge_install': False, 'path': '/home/bart/goliath_mobile/src/golitath_mobile/goliath/goliath_commander_cpp', 'symlink_install': True, 'test_result_base': None}
[0.952s] Level 5:colcon.colcon_core.verb:set package 'goliath_controller' build argument 'cmake_args' from command line to 'None'
[0.952s] Level 5:colcon.colcon_core.verb:set package 'goliath_controller' build argument 'cmake_target' from command line to 'None'
[0.952s] Level 5:colcon.colcon_core.verb:set package 'goliath_controller' build argument 'cmake_target_skip_unavailable' from command line to 'False'
[0.952s] Level 5:colcon.colcon_core.verb:set package 'goliath_controller' build argument 'cmake_clean_cache' from command line to 'False'
[0.952s] Level 5:colcon.colcon_core.verb:set package 'goliath_controller' build argument 'cmake_clean_first' from command line to 'False'
[0.952s] Level 5:colcon.colcon_core.verb:set package 'goliath_controller' build argument 'cmake_force_configure' from command line to 'False'
[0.952s] Level 5:colcon.colcon_core.verb:set package 'goliath_controller' build argument 'ament_cmake_args' from command line to 'None'
[0.952s] Level 5:colcon.colcon_core.verb:set package 'goliath_controller' build argument 'catkin_cmake_args' from command line to 'None'
[0.952s] Level 5:colcon.colcon_core.verb:set package 'goliath_controller' build argument 'catkin_skip_building_tests' from command line to 'False'
[0.952s] DEBUG:colcon.colcon_core.verb:Building package 'goliath_controller' with the following arguments: {'ament_cmake_args': None, 'build_base': '/home/bart/goliath_mobile/build/goliath_controller', 'catkin_cmake_args': None, 'catkin_skip_building_tests': False, 'cmake_args': None, 'cmake_clean_cache': False, 'cmake_clean_first': False, 'cmake_force_configure': False, 'cmake_target': None, 'cmake_target_skip_unavailable': False, 'install_base': '/home/bart/goliath_mobile/install/goliath_controller', 'merge_install': False, 'path': '/home/bart/goliath_mobile/src/golitath_mobile/goliath/goliath_controller', 'symlink_install': True, 'test_result_base': None}
[0.953s] Level 5:colcon.colcon_core.verb:set package 'gripper_controller' build argument 'cmake_args' from command line to 'None'
[0.953s] Level 5:colcon.colcon_core.verb:set package 'gripper_controller' build argument 'cmake_target' from command line to 'None'
[0.953s] Level 5:colcon.colcon_core.verb:set package 'gripper_controller' build argument 'cmake_target_skip_unavailable' from command line to 'False'
[0.953s] Level 5:colcon.colcon_core.verb:set package 'gripper_controller' build argument 'cmake_clean_cache' from command line to 'False'
[0.953s] Level 5:colcon.colcon_core.verb:set package 'gripper_controller' build argument 'cmake_clean_first' from command line to 'False'
[0.953s] Level 5:colcon.colcon_core.verb:set package 'gripper_controller' build argument 'cmake_force_configure' from command line to 'False'
[0.953s] Level 5:colcon.colcon_core.verb:set package 'gripper_controller' build argument 'ament_cmake_args' from command line to 'None'
[0.953s] Level 5:colcon.colcon_core.verb:set package 'gripper_controller' build argument 'catkin_cmake_args' from command line to 'None'
[0.953s] Level 5:colcon.colcon_core.verb:set package 'gripper_controller' build argument 'catkin_skip_building_tests' from command line to 'False'
[0.953s] DEBUG:colcon.colcon_core.verb:Building package 'gripper_controller' with the following arguments: {'ament_cmake_args': None, 'build_base': '/home/bart/goliath_mobile/build/gripper_controller', 'catkin_cmake_args': None, 'catkin_skip_building_tests': False, 'cmake_args': None, 'cmake_clean_cache': False, 'cmake_clean_first': False, 'cmake_force_configure': False, 'cmake_target': None, 'cmake_target_skip_unavailable': False, 'install_base': '/home/bart/goliath_mobile/install/gripper_controller', 'merge_install': False, 'path': '/home/bart/goliath_mobile/src/goliath_gripper/gripper_controller', 'symlink_install': True, 'test_result_base': None}
[0.953s] Level 5:colcon.colcon_core.verb:set package 'hoverboard_demo_bringup' build argument 'cmake_args' from command line to 'None'
[0.953s] Level 5:colcon.colcon_core.verb:set package 'hoverboard_demo_bringup' build argument 'cmake_target' from command line to 'None'
[0.953s] Level 5:colcon.colcon_core.verb:set package 'hoverboard_demo_bringup' build argument 'cmake_target_skip_unavailable' from command line to 'False'
[0.954s] Level 5:colcon.colcon_core.verb:set package 'hoverboard_demo_bringup' build argument 'cmake_clean_cache' from command line to 'False'
[0.954s] Level 5:colcon.colcon_core.verb:set package 'hoverboard_demo_bringup' build argument 'cmake_clean_first' from command line to 'False'
[0.954s] Level 5:colcon.colcon_core.verb:set package 'hoverboard_demo_bringup' build argument 'cmake_force_configure' from command line to 'False'
[0.954s] Level 5:colcon.colcon_core.verb:set package 'hoverboard_demo_bringup' build argument 'ament_cmake_args' from command line to 'None'
[0.954s] Level 5:colcon.colcon_core.verb:set package 'hoverboard_demo_bringup' build argument 'catkin_cmake_args' from command line to 'None'
[0.954s] Level 5:colcon.colcon_core.verb:set package 'hoverboard_demo_bringup' build argument 'catkin_skip_building_tests' from command line to 'False'
[0.954s] DEBUG:colcon.colcon_core.verb:Building package 'hoverboard_demo_bringup' with the following arguments: {'ament_cmake_args': None, 'build_base': '/home/bart/goliath_mobile/build/hoverboard_demo_bringup', 'catkin_cmake_args': None, 'catkin_skip_building_tests': False, 'cmake_args': None, 'cmake_clean_cache': False, 'cmake_clean_first': False, 'cmake_force_configure': False, 'cmake_target': None, 'cmake_target_skip_unavailable': False, 'install_base': '/home/bart/goliath_mobile/install/hoverboard_demo_bringup', 'merge_install': False, 'path': '/home/bart/goliath_mobile/src/golitath_mobile/hoverboard_ros2_control/hoverboard_demo_bringup', 'symlink_install': True, 'test_result_base': None}
[0.954s] Level 5:colcon.colcon_core.verb:set package 'goliath_moveit_config' build argument 'cmake_args' from command line to 'None'
[0.954s] Level 5:colcon.colcon_core.verb:set package 'goliath_moveit_config' build argument 'cmake_target' from command line to 'None'
[0.954s] Level 5:colcon.colcon_core.verb:set package 'goliath_moveit_config' build argument 'cmake_target_skip_unavailable' from command line to 'False'
[0.954s] Level 5:colcon.colcon_core.verb:set package 'goliath_moveit_config' build argument 'cmake_clean_cache' from command line to 'False'
[0.954s] Level 5:colcon.colcon_core.verb:set package 'goliath_moveit_config' build argument 'cmake_clean_first' from command line to 'False'
[0.954s] Level 5:colcon.colcon_core.verb:set package 'goliath_moveit_config' build argument 'cmake_force_configure' from command line to 'False'
[0.954s] Level 5:colcon.colcon_core.verb:set package 'goliath_moveit_config' build argument 'ament_cmake_args' from command line to 'None'
[0.954s] Level 5:colcon.colcon_core.verb:set package 'goliath_moveit_config' build argument 'catkin_cmake_args' from command line to 'None'
[0.955s] Level 5:colcon.colcon_core.verb:set package 'goliath_moveit_config' build argument 'catkin_skip_building_tests' from command line to 'False'
[0.955s] DEBUG:colcon.colcon_core.verb:Building package 'goliath_moveit_config' with the following arguments: {'ament_cmake_args': None, 'build_base': '/home/bart/goliath_mobile/build/goliath_moveit_config', 'catkin_cmake_args': None, 'catkin_skip_building_tests': False, 'cmake_args': None, 'cmake_clean_cache': False, 'cmake_clean_first': False, 'cmake_force_configure': False, 'cmake_target': None, 'cmake_target_skip_unavailable': False, 'install_base': '/home/bart/goliath_mobile/install/goliath_moveit_config', 'merge_install': False, 'path': '/home/bart/goliath_mobile/src/goliath_moveit_config', 'symlink_install': True, 'test_result_base': None}
[0.955s] Level 5:colcon.colcon_core.verb:set package 'moveit' build argument 'cmake_args' from command line to 'None'
[0.955s] Level 5:colcon.colcon_core.verb:set package 'moveit' build argument 'cmake_target' from command line to 'None'
[0.955s] Level 5:colcon.colcon_core.verb:set package 'moveit' build argument 'cmake_target_skip_unavailable' from command line to 'False'
[0.955s] Level 5:colcon.colcon_core.verb:set package 'moveit' build argument 'cmake_clean_cache' from command line to 'False'
[0.955s] Level 5:colcon.colcon_core.verb:set package 'moveit' build argument 'cmake_clean_first' from command line to 'False'
[0.955s] Level 5:colcon.colcon_core.verb:set package 'moveit' build argument 'cmake_force_configure' from command line to 'False'
[0.955s] Level 5:colcon.colcon_core.verb:set package 'moveit' build argument 'ament_cmake_args' from command line to 'None'
[0.955s] Level 5:colcon.colcon_core.verb:set package 'moveit' build argument 'catkin_cmake_args' from command line to 'None'
[0.955s] Level 5:colcon.colcon_core.verb:set package 'moveit' build argument 'catkin_skip_building_tests' from command line to 'False'
[0.955s] DEBUG:colcon.colcon_core.verb:Building package 'moveit' with the following arguments: {'ament_cmake_args': None, 'build_base': '/home/bart/goliath_mobile/build/moveit', 'catkin_cmake_args': None, 'catkin_skip_building_tests': False, 'cmake_args': None, 'cmake_clean_cache': False, 'cmake_clean_first': False, 'cmake_force_configure': False, 'cmake_target': None, 'cmake_target_skip_unavailable': False, 'install_base': '/home/bart/goliath_mobile/install/moveit', 'merge_install': False, 'path': '/home/bart/goliath_mobile/src/golitath_mobile/moveit', 'symlink_install': True, 'test_result_base': None}
[0.956s] Level 5:colcon.colcon_core.verb:set package 'ros2_control_demos' build argument 'cmake_args' from command line to 'None'
[0.956s] Level 5:colcon.colcon_core.verb:set package 'ros2_control_demos' build argument 'cmake_target' from command line to 'None'
[0.956s] Level 5:colcon.colcon_core.verb:set package 'ros2_control_demos' build argument 'cmake_target_skip_unavailable' from command line to 'False'
[0.956s] Level 5:colcon.colcon_core.verb:set package 'ros2_control_demos' build argument 'cmake_clean_cache' from command line to 'False'
[0.956s] Level 5:colcon.colcon_core.verb:set package 'ros2_control_demos' build argument 'cmake_clean_first' from command line to 'False'
[0.956s] Level 5:colcon.colcon_core.verb:set package 'ros2_control_demos' build argument 'cmake_force_configure' from command line to 'False'
[0.956s] Level 5:colcon.colcon_core.verb:set package 'ros2_control_demos' build argument 'ament_cmake_args' from command line to 'None'
[0.956s] Level 5:colcon.colcon_core.verb:set package 'ros2_control_demos' build argument 'catkin_cmake_args' from command line to 'None'
[0.956s] Level 5:colcon.colcon_core.verb:set package 'ros2_control_demos' build argument 'catkin_skip_building_tests' from command line to 'False'
[0.956s] DEBUG:colcon.colcon_core.verb:Building package 'ros2_control_demos' with the following arguments: {'ament_cmake_args': None, 'build_base': '/home/bart/goliath_mobile/build/ros2_control_demos', 'catkin_cmake_args': None, 'catkin_skip_building_tests': False, 'cmake_args': None, 'cmake_clean_cache': False, 'cmake_clean_first': False, 'cmake_force_configure': False, 'cmake_target': None, 'cmake_target_skip_unavailable': False, 'install_base': '/home/bart/goliath_mobile/install/ros2_control_demos', 'merge_install': False, 'path': '/home/bart/goliath_mobile/src/golitath_mobile/goliath/ros2_control_demos', 'symlink_install': True, 'test_result_base': None}
[0.956s] INFO:colcon.colcon_core.executor:Executing jobs using 'parallel' executor
[0.958s] DEBUG:colcon.colcon_parallel_executor.executor.parallel:run_until_complete
[0.958s] INFO:colcon.colcon_ros.task.ament_cmake.build:Building ROS package in '/home/bart/goliath_mobile/src/golitath_mobile/goliath/ros2_control_demo_description' with build type 'ament_cmake'
[0.958s] INFO:colcon.colcon_cmake.task.cmake.build:Building CMake package in '/home/bart/goliath_mobile/src/golitath_mobile/goliath/ros2_control_demo_description'
[0.967s] INFO:colcon.colcon_core.plugin_system:Skipping extension 'colcon_core.shell.bat': Not used on non-Windows systems
[0.968s] INFO:colcon.colcon_core.shell:Skip shell extension 'powershell' for command environment: Not usable outside of PowerShell
[0.968s] DEBUG:colcon.colcon_core.shell:Skip shell extension 'dsv' for command environment
[0.974s] INFO:colcon.colcon_ros.task.ament_python.build:Building ROS package in '/home/bart/goliath_mobile/src/golitath_mobile/goliath/ros2_control_demo_testing' with build type 'ament_python'
[0.975s] Level 1:colcon.colcon_core.shell:create_environment_hook('ros2_control_demo_testing', 'ament_prefix_path')
[0.975s] INFO:colcon.colcon_core.shell:Creating environment hook '/home/bart/goliath_mobile/install/ros2_control_demo_testing/share/ros2_control_demo_testing/hook/ament_prefix_path.ps1'
[0.977s] INFO:colcon.colcon_core.shell:Creating environment descriptor '/home/bart/goliath_mobile/install/ros2_control_demo_testing/share/ros2_control_demo_testing/hook/ament_prefix_path.dsv'
[0.978s] INFO:colcon.colcon_core.shell:Creating environment hook '/home/bart/goliath_mobile/install/ros2_control_demo_testing/share/ros2_control_demo_testing/hook/ament_prefix_path.sh'
[0.979s] INFO:colcon.colcon_core.shell:Skip shell extension 'powershell' for command environment: Not usable outside of PowerShell
[0.979s] DEBUG:colcon.colcon_core.shell:Skip shell extension 'dsv' for command environment
[0.985s] INFO:colcon.colcon_ros.task.ament_cmake.build:Building ROS package in '/home/bart/goliath_mobile/src/golitath_mobile/goliath/goliath_interfaces' with build type 'ament_cmake'
[0.985s] INFO:colcon.colcon_cmake.task.cmake.build:Building CMake package in '/home/bart/goliath_mobile/src/golitath_mobile/goliath/goliath_interfaces'
[0.985s] INFO:colcon.colcon_core.shell:Skip shell extension 'powershell' for command environment: Not usable outside of PowerShell
[0.986s] DEBUG:colcon.colcon_core.shell:Skip shell extension 'dsv' for command environment
[0.996s] INFO:colcon.colcon_ros.task.ament_cmake.build:Building ROS package in '/home/bart/goliath_mobile/src/golitath_mobile/hoverboard_ros2_control/hoverboard_demo_description' with build type 'ament_cmake'
[0.996s] INFO:colcon.colcon_cmake.task.cmake.build:Building CMake package in '/home/bart/goliath_mobile/src/golitath_mobile/hoverboard_ros2_control/hoverboard_demo_description'
[0.997s] INFO:colcon.colcon_core.shell:Skip shell extension 'powershell' for command environment: Not usable outside of PowerShell
[0.997s] DEBUG:colcon.colcon_core.shell:Skip shell extension 'dsv' for command environment
[1.011s] DEBUG:colcon.colcon_core.event_handler.log_command:Invoking command in '/home/bart/goliath_mobile/build/ros2_control_demo_description': CMAKE_PREFIX_PATH=${CMAKE_PREFIX_PATH}:/home/bart/goliath_mobile/install/ros2_control_demo_testing:/home/bart/goliath_mobile/install/gripper_description:/opt/ros/humble /usr/bin/cmake /home/bart/goliath_mobile/src/golitath_mobile/goliath/ros2_control_demo_description -DAMENT_CMAKE_SYMLINK_INSTALL=1 -DCMAKE_INSTALL_PREFIX=/home/bart/goliath_mobile/install/ros2_control_demo_description
[1.457s] INFO:colcon.colcon_core.task.python.build:Building Python package in '/home/bart/goliath_mobile/src/golitath_mobile/goliath/ros2_control_demo_testing'
[1.457s] INFO:colcon.colcon_core.shell:Skip shell extension 'powershell' for command environment: Not usable outside of PowerShell
[1.458s] DEBUG:colcon.colcon_core.shell:Skip shell extension 'dsv' for command environment
[1.468s] DEBUG:colcon.colcon_core.event_handler.log_command:Invoking command in '/home/bart/goliath_mobile/build/goliath_interfaces': CMAKE_PREFIX_PATH=${CMAKE_PREFIX_PATH}:/home/bart/goliath_mobile/install/ros2_control_demo_testing:/home/bart/goliath_mobile/install/gripper_description:/opt/ros/humble /usr/bin/cmake /home/bart/goliath_mobile/src/golitath_mobile/goliath/goliath_interfaces -DAMENT_CMAKE_SYMLINK_INSTALL=1 -DCMAKE_INSTALL_PREFIX=/home/bart/goliath_mobile/install/goliath_interfaces
[1.478s] DEBUG:colcon.colcon_core.event_handler.log_command:Invoking command in '/home/bart/goliath_mobile/build/hoverboard_demo_description': CMAKE_PREFIX_PATH=${CMAKE_PREFIX_PATH}:/home/bart/goliath_mobile/install/ros2_control_demo_testing:/home/bart/goliath_mobile/install/gripper_description:/opt/ros/humble /usr/bin/cmake /home/bart/goliath_mobile/src/golitath_mobile/hoverboard_ros2_control/hoverboard_demo_description -DAMENT_CMAKE_SYMLINK_INSTALL=1 -DCMAKE_INSTALL_PREFIX=/home/bart/goliath_mobile/install/hoverboard_demo_description
[2.706s] DEBUG:colcon.colcon_core.event_handler.log_command:Invoked command in '/home/bart/goliath_mobile/build/ros2_control_demo_description' returned '0': CMAKE_PREFIX_PATH=${CMAKE_PREFIX_PATH}:/home/bart/goliath_mobile/install/ros2_control_demo_testing:/home/bart/goliath_mobile/install/gripper_description:/opt/ros/humble /usr/bin/cmake /home/bart/goliath_mobile/src/golitath_mobile/goliath/ros2_control_demo_description -DAMENT_CMAKE_SYMLINK_INSTALL=1 -DCMAKE_INSTALL_PREFIX=/home/bart/goliath_mobile/install/ros2_control_demo_description
[2.711s] DEBUG:colcon.colcon_core.event_handler.log_command:Invoking command in '/home/bart/goliath_mobile/build/ros2_control_demo_description': CMAKE_PREFIX_PATH=${CMAKE_PREFIX_PATH}:/home/bart/goliath_mobile/install/ros2_control_demo_testing:/home/bart/goliath_mobile/install/gripper_description:/opt/ros/humble /usr/bin/cmake --build /home/bart/goliath_mobile/build/ros2_control_demo_description -- -j4 -l4
[2.724s] DEBUG:colcon.colcon_core.event_handler.log_command:Invoking command in '/home/bart/goliath_mobile/build/ros2_control_demo_testing': PYTHONPATH=/home/bart/goliath_mobile/build/ros2_control_demo_testing/prefix_override:/usr/lib/python3/dist-packages/colcon_core/task/python/colcon_distutils_commands:/home/bart/goliath_mobile/install/ros2_control_demo_testing/lib/python3.10/site-packages:${PYTHONPATH} /usr/bin/python3 -W ignore:setup.py install is deprecated -W ignore:easy_install command is deprecated setup.py develop --editable --build-directory /home/bart/goliath_mobile/build/ros2_control_demo_testing/build --no-deps symlink_data
[2.793s] DEBUG:colcon.colcon_core.event_handler.log_command:Invoked command in '/home/bart/goliath_mobile/build/ros2_control_demo_description' returned '0': CMAKE_PREFIX_PATH=${CMAKE_PREFIX_PATH}:/home/bart/goliath_mobile/install/ros2_control_demo_testing:/home/bart/goliath_mobile/install/gripper_description:/opt/ros/humble /usr/bin/cmake --build /home/bart/goliath_mobile/build/ros2_control_demo_description -- -j4 -l4
[2.812s] DEBUG:colcon.colcon_core.event_handler.log_command:Invoking command in '/home/bart/goliath_mobile/build/ros2_control_demo_description': CMAKE_PREFIX_PATH=${CMAKE_PREFIX_PATH}:/home/bart/goliath_mobile/install/ros2_control_demo_testing:/home/bart/goliath_mobile/install/gripper_description:/opt/ros/humble /usr/bin/cmake --install /home/bart/goliath_mobile/build/ros2_control_demo_description
[3.134s] DEBUG:colcon.colcon_core.event_handler.log_command:Invoked command in '/home/bart/goliath_mobile/build/hoverboard_demo_description' returned '0': CMAKE_PREFIX_PATH=${CMAKE_PREFIX_PATH}:/home/bart/goliath_mobile/install/ros2_control_demo_testing:/home/bart/goliath_mobile/install/gripper_description:/opt/ros/humble /usr/bin/cmake /home/bart/goliath_mobile/src/golitath_mobile/hoverboard_ros2_control/hoverboard_demo_description -DAMENT_CMAKE_SYMLINK_INSTALL=1 -DCMAKE_INSTALL_PREFIX=/home/bart/goliath_mobile/install/hoverboard_demo_description
[3.139s] DEBUG:colcon.colcon_core.event_handler.log_command:Invoking command in '/home/bart/goliath_mobile/build/hoverboard_demo_description': CMAKE_PREFIX_PATH=${CMAKE_PREFIX_PATH}:/home/bart/goliath_mobile/install/ros2_control_demo_testing:/home/bart/goliath_mobile/install/gripper_description:/opt/ros/humble /usr/bin/cmake --build /home/bart/goliath_mobile/build/hoverboard_demo_description -- -j4 -l4
[3.224s] DEBUG:colcon.colcon_core.event_handler.log_command:Invoked command in '/home/bart/goliath_mobile/build/hoverboard_demo_description' returned '0': CMAKE_PREFIX_PATH=${CMAKE_PREFIX_PATH}:/home/bart/goliath_mobile/install/ros2_control_demo_testing:/home/bart/goliath_mobile/install/gripper_description:/opt/ros/humble /usr/bin/cmake --build /home/bart/goliath_mobile/build/hoverboard_demo_description -- -j4 -l4
[3.225s] DEBUG:colcon.colcon_core.event_handler.log_command:Invoking command in '/home/bart/goliath_mobile/build/hoverboard_demo_description': CMAKE_PREFIX_PATH=${CMAKE_PREFIX_PATH}:/home/bart/goliath_mobile/install/ros2_control_demo_testing:/home/bart/goliath_mobile/install/gripper_description:/opt/ros/humble /usr/bin/cmake --install /home/bart/goliath_mobile/build/hoverboard_demo_description
[3.597s] Level 1:colcon.colcon_core.environment:create_environment_scripts_only(ros2_control_demo_description)
[3.598s] DEBUG:colcon.colcon_core.event_handler.log_command:Invoked command in '/home/bart/goliath_mobile/build/ros2_control_demo_description' returned '0': CMAKE_PREFIX_PATH=${CMAKE_PREFIX_PATH}:/home/bart/goliath_mobile/install/ros2_control_demo_testing:/home/bart/goliath_mobile/install/gripper_description:/opt/ros/humble /usr/bin/cmake --install /home/bart/goliath_mobile/build/ros2_control_demo_description
[3.612s] Level 1:colcon.colcon_core.environment:checking '/home/bart/goliath_mobile/install/ros2_control_demo_description' for CMake module files
[3.613s] Level 1:colcon.colcon_core.environment:checking '/home/bart/goliath_mobile/install/ros2_control_demo_description' for CMake config files
[3.614s] Level 1:colcon.colcon_core.shell:create_environment_hook('ros2_control_demo_description', 'cmake_prefix_path')
[3.615s] INFO:colcon.colcon_core.shell:Creating environment hook '/home/bart/goliath_mobile/install/ros2_control_demo_description/share/ros2_control_demo_description/hook/cmake_prefix_path.ps1'
[3.616s] INFO:colcon.colcon_core.shell:Creating environment descriptor '/home/bart/goliath_mobile/install/ros2_control_demo_description/share/ros2_control_demo_description/hook/cmake_prefix_path.dsv'
[3.618s] INFO:colcon.colcon_core.shell:Creating environment hook '/home/bart/goliath_mobile/install/ros2_control_demo_description/share/ros2_control_demo_description/hook/cmake_prefix_path.sh'
[3.620s] Level 1:colcon.colcon_core.environment:checking '/home/bart/goliath_mobile/install/ros2_control_demo_description/bin'
[3.620s] Level 1:colcon.colcon_core.environment:checking '/home/bart/goliath_mobile/install/ros2_control_demo_description/lib/pkgconfig/ros2_control_demo_description.pc'
[3.621s] Level 1:colcon.colcon_core.environment:checking '/home/bart/goliath_mobile/install/ros2_control_demo_description/lib/python3.10/site-packages'
[3.622s] Level 1:colcon.colcon_core.environment:checking '/home/bart/goliath_mobile/install/ros2_control_demo_description/bin'
[3.623s] INFO:colcon.colcon_core.shell:Creating package script '/home/bart/goliath_mobile/install/ros2_control_demo_description/share/ros2_control_demo_description/package.ps1'
[3.626s] INFO:colcon.colcon_core.shell:Creating package descriptor '/home/bart/goliath_mobile/install/ros2_control_demo_description/share/ros2_control_demo_description/package.dsv'
[3.627s] INFO:colcon.colcon_core.shell:Creating package script '/home/bart/goliath_mobile/install/ros2_control_demo_description/share/ros2_control_demo_description/package.sh'
[3.630s] INFO:colcon.colcon_core.shell:Creating package script '/home/bart/goliath_mobile/install/ros2_control_demo_description/share/ros2_control_demo_description/package.bash'
[3.634s] INFO:colcon.colcon_core.shell:Creating package script '/home/bart/goliath_mobile/install/ros2_control_demo_description/share/ros2_control_demo_description/package.zsh'
[3.636s] Level 1:colcon.colcon_core.environment:create_file_with_runtime_dependencies(/home/bart/goliath_mobile/install/ros2_control_demo_description/share/colcon-core/packages/ros2_control_demo_description)
[3.638s] Level 1:colcon.colcon_core.environment:create_environment_scripts_only(ros2_control_demo_description)
[3.638s] Level 1:colcon.colcon_core.environment:checking '/home/bart/goliath_mobile/install/ros2_control_demo_description' for CMake module files
[3.639s] Level 1:colcon.colcon_core.environment:checking '/home/bart/goliath_mobile/install/ros2_control_demo_description' for CMake config files
[3.641s] Level 1:colcon.colcon_core.shell:create_environment_hook('ros2_control_demo_description', 'cmake_prefix_path')
[3.641s] INFO:colcon.colcon_core.shell:Creating environment hook '/home/bart/goliath_mobile/install/ros2_control_demo_description/share/ros2_control_demo_description/hook/cmake_prefix_path.ps1'
[3.642s] INFO:colcon.colcon_core.shell:Creating environment descriptor '/home/bart/goliath_mobile/install/ros2_control_demo_description/share/ros2_control_demo_description/hook/cmake_prefix_path.dsv'
[3.643s] INFO:colcon.colcon_core.shell:Creating environment hook '/home/bart/goliath_mobile/install/ros2_control_demo_description/share/ros2_control_demo_description/hook/cmake_prefix_path.sh'
[3.645s] Level 1:colcon.colcon_core.environment:checking '/home/bart/goliath_mobile/install/ros2_control_demo_description/bin'
[3.645s] Level 1:colcon.colcon_core.environment:checking '/home/bart/goliath_mobile/install/ros2_control_demo_description/lib/pkgconfig/ros2_control_demo_description.pc'
[3.646s] Level 1:colcon.colcon_core.environment:checking '/home/bart/goliath_mobile/install/ros2_control_demo_description/lib/python3.10/site-packages'
[3.646s] Level 1:colcon.colcon_core.environment:checking '/home/bart/goliath_mobile/install/ros2_control_demo_description/bin'
[3.647s] INFO:colcon.colcon_core.shell:Creating package script '/home/bart/goliath_mobile/install/ros2_control_demo_description/share/ros2_control_demo_description/package.ps1'
[3.648s] INFO:colcon.colcon_core.shell:Creating package descriptor '/home/bart/goliath_mobile/install/ros2_control_demo_description/share/ros2_control_demo_description/package.dsv'
[3.650s] INFO:colcon.colcon_core.shell:Creating package script '/home/bart/goliath_mobile/install/ros2_control_demo_description/share/ros2_control_demo_description/package.sh'
[3.651s] INFO:colcon.colcon_core.shell:Creating package script '/home/bart/goliath_mobile/install/ros2_control_demo_description/share/ros2_control_demo_description/package.bash'
[3.652s] INFO:colcon.colcon_core.shell:Creating package script '/home/bart/goliath_mobile/install/ros2_control_demo_description/share/ros2_control_demo_description/package.zsh'
[3.654s] Level 1:colcon.colcon_core.environment:create_file_with_runtime_dependencies(/home/bart/goliath_mobile/install/ros2_control_demo_description/share/colcon-core/packages/ros2_control_demo_description)
[3.654s] INFO:colcon.colcon_ros.task.ament_cmake.build:Building ROS package in '/home/bart/goliath_mobile/src/golitath_mobile/goliath/arm_move_joy' with build type 'ament_cmake'
[3.655s] INFO:colcon.colcon_cmake.task.cmake.build:Building CMake package in '/home/bart/goliath_mobile/src/golitath_mobile/goliath/arm_move_joy'
[3.655s] INFO:colcon.colcon_core.shell:Skip shell extension 'powershell' for command environment: Not usable outside of PowerShell
[3.656s] DEBUG:colcon.colcon_core.shell:Skip shell extension 'dsv' for command environment
[3.684s] DEBUG:colcon.colcon_core.event_handler.log_command:Invoking command in '/home/bart/goliath_mobile/build/arm_move_joy': CMAKE_PREFIX_PATH=${CMAKE_PREFIX_PATH}:/home/bart/goliath_mobile/install/ros2_control_demo_testing:/home/bart/goliath_mobile/install/gripper_description:/opt/ros/humble /usr/bin/cmake /home/bart/goliath_mobile/src/golitath_mobile/goliath/arm_move_joy -DAMENT_CMAKE_SYMLINK_INSTALL=1 -DCMAKE_INSTALL_PREFIX=/home/bart/goliath_mobile/install/arm_move_joy
[4.054s] Level 1:colcon.colcon_core.environment:create_environment_scripts_only(hoverboard_demo_description)
[4.055s] Level 1:colcon.colcon_core.environment:checking '/home/bart/goliath_mobile/install/hoverboard_demo_description' for CMake module files
[4.057s] DEBUG:colcon.colcon_core.event_handler.log_command:Invoked command in '/home/bart/goliath_mobile/build/hoverboard_demo_description' returned '0': CMAKE_PREFIX_PATH=${CMAKE_PREFIX_PATH}:/home/bart/goliath_mobile/install/ros2_control_demo_testing:/home/bart/goliath_mobile/install/gripper_description:/opt/ros/humble /usr/bin/cmake --install /home/bart/goliath_mobile/build/hoverboard_demo_description
[4.058s] Level 1:colcon.colcon_core.environment:checking '/home/bart/goliath_mobile/install/hoverboard_demo_description' for CMake config files
[4.059s] Level 1:colcon.colcon_core.shell:create_environment_hook('hoverboard_demo_description', 'cmake_prefix_path')
[4.059s] INFO:colcon.colcon_core.shell:Creating environment hook '/home/bart/goliath_mobile/install/hoverboard_demo_description/share/hoverboard_demo_description/hook/cmake_prefix_path.ps1'
[4.061s] INFO:colcon.colcon_core.shell:Creating environment descriptor '/home/bart/goliath_mobile/install/hoverboard_demo_description/share/hoverboard_demo_description/hook/cmake_prefix_path.dsv'
[4.061s] INFO:colcon.colcon_core.shell:Creating environment hook '/home/bart/goliath_mobile/install/hoverboard_demo_description/share/hoverboard_demo_description/hook/cmake_prefix_path.sh'
[4.063s] Level 1:colcon.colcon_core.environment:checking '/home/bart/goliath_mobile/install/hoverboard_demo_description/bin'
[4.063s] Level 1:colcon.colcon_core.environment:checking '/home/bart/goliath_mobile/install/hoverboard_demo_description/lib/pkgconfig/hoverboard_demo_description.pc'
[4.064s] Level 1:colcon.colcon_core.environment:checking '/home/bart/goliath_mobile/install/hoverboard_demo_description/lib/python3.10/site-packages'
[4.064s] Level 1:colcon.colcon_core.environment:checking '/home/bart/goliath_mobile/install/hoverboard_demo_description/bin'
[4.065s] INFO:colcon.colcon_core.shell:Creating package script '/home/bart/goliath_mobile/install/hoverboard_demo_description/share/hoverboard_demo_description/package.ps1'
[4.067s] INFO:colcon.colcon_core.shell:Creating package descriptor '/home/bart/goliath_mobile/install/hoverboard_demo_description/share/hoverboard_demo_description/package.dsv'
[4.068s] INFO:colcon.colcon_core.shell:Creating package script '/home/bart/goliath_mobile/install/hoverboard_demo_description/share/hoverboard_demo_description/package.sh'
[4.069s] INFO:colcon.colcon_core.shell:Creating package script '/home/bart/goliath_mobile/install/hoverboard_demo_description/share/hoverboard_demo_description/package.bash'
[4.070s] INFO:colcon.colcon_core.shell:Creating package script '/home/bart/goliath_mobile/install/hoverboard_demo_description/share/hoverboard_demo_description/package.zsh'
[4.071s] Level 1:colcon.colcon_core.environment:create_file_with_runtime_dependencies(/home/bart/goliath_mobile/install/hoverboard_demo_description/share/colcon-core/packages/hoverboard_demo_description)
[4.072s] Level 1:colcon.colcon_core.environment:create_environment_scripts_only(hoverboard_demo_description)
[4.073s] Level 1:colcon.colcon_core.environment:checking '/home/bart/goliath_mobile/install/hoverboard_demo_description' for CMake module files
[4.074s] Level 1:colcon.colcon_core.environment:checking '/home/bart/goliath_mobile/install/hoverboard_demo_description' for CMake config files
[4.075s] Level 1:colcon.colcon_core.shell:create_environment_hook('hoverboard_demo_description', 'cmake_prefix_path')
[4.076s] INFO:colcon.colcon_core.shell:Creating environment hook '/home/bart/goliath_mobile/install/hoverboard_demo_description/share/hoverboard_demo_description/hook/cmake_prefix_path.ps1'
[4.077s] INFO:colcon.colcon_core.shell:Creating environment descriptor '/home/bart/goliath_mobile/install/hoverboard_demo_description/share/hoverboard_demo_description/hook/cmake_prefix_path.dsv'
[4.078s] INFO:colcon.colcon_core.shell:Creating environment hook '/home/bart/goliath_mobile/install/hoverboard_demo_description/share/hoverboard_demo_description/hook/cmake_prefix_path.sh'
[4.079s] Level 1:colcon.colcon_core.environment:checking '/home/bart/goliath_mobile/install/hoverboard_demo_description/bin'
[4.080s] Level 1:colcon.colcon_core.environment:checking '/home/bart/goliath_mobile/install/hoverboard_demo_description/lib/pkgconfig/hoverboard_demo_description.pc'
[4.080s] Level 1:colcon.colcon_core.environment:checking '/home/bart/goliath_mobile/install/hoverboard_demo_description/lib/python3.10/site-packages'
[4.081s] Level 1:colcon.colcon_core.environment:checking '/home/bart/goliath_mobile/install/hoverboard_demo_description/bin'
[4.082s] INFO:colcon.colcon_core.shell:Creating package script '/home/bart/goliath_mobile/install/hoverboard_demo_description/share/hoverboard_demo_description/package.ps1'
[4.084s] INFO:colcon.colcon_core.shell:Creating package descriptor '/home/bart/goliath_mobile/install/hoverboard_demo_description/share/hoverboard_demo_description/package.dsv'
[4.086s] INFO:colcon.colcon_core.shell:Creating package script '/home/bart/goliath_mobile/install/hoverboard_demo_description/share/hoverboard_demo_description/package.sh'
[4.088s] INFO:colcon.colcon_core.shell:Creating package script '/home/bart/goliath_mobile/install/hoverboard_demo_description/share/hoverboard_demo_description/package.bash'
[4.089s] INFO:colcon.colcon_core.shell:Creating package script '/home/bart/goliath_mobile/install/hoverboard_demo_description/share/hoverboard_demo_description/package.zsh'
[4.090s] Level 1:colcon.colcon_core.environment:create_file_with_runtime_dependencies(/home/bart/goliath_mobile/install/hoverboard_demo_description/share/colcon-core/packages/hoverboard_demo_description)
[4.092s] INFO:colcon.colcon_ros.task.ament_python.build:Building ROS package in '/home/bart/goliath_mobile/src/goliath_gripper/gripper_description' with build type 'ament_python'
[4.093s] Level 1:colcon.colcon_core.shell:create_environment_hook('gripper_description', 'ament_prefix_path')
[4.093s] INFO:colcon.colcon_core.shell:Creating environment hook '/home/bart/goliath_mobile/install/gripper_description/share/gripper_description/hook/ament_prefix_path.ps1'
[4.095s] INFO:colcon.colcon_core.shell:Creating environment descriptor '/home/bart/goliath_mobile/install/gripper_description/share/gripper_description/hook/ament_prefix_path.dsv'
[4.096s] INFO:colcon.colcon_core.shell:Creating environment hook '/home/bart/goliath_mobile/install/gripper_description/share/gripper_description/hook/ament_prefix_path.sh'
[4.098s] INFO:colcon.colcon_core.shell:Skip shell extension 'powershell' for command environment: Not usable outside of PowerShell
[4.099s] DEBUG:colcon.colcon_core.shell:Skip shell extension 'dsv' for command environment
[4.116s] Level 1:colcon.colcon_core.shell:create_environment_hook('ros2_control_demo_testing', 'pythonpath_develop')
[4.117s] INFO:colcon.colcon_core.shell:Creating environment hook '/home/bart/goliath_mobile/build/ros2_control_demo_testing/share/ros2_control_demo_testing/hook/pythonpath_develop.ps1'
[4.118s] INFO:colcon.colcon_core.shell:Creating environment descriptor '/home/bart/goliath_mobile/build/ros2_control_demo_testing/share/ros2_control_demo_testing/hook/pythonpath_develop.dsv'
[4.120s] DEBUG:colcon.colcon_core.event_handler.log_command:Invoked command in '/home/bart/goliath_mobile/build/ros2_control_demo_testing' returned '0': PYTHONPATH=/home/bart/goliath_mobile/build/ros2_control_demo_testing/prefix_override:/usr/lib/python3/dist-packages/colcon_core/task/python/colcon_distutils_commands:/home/bart/goliath_mobile/install/ros2_control_demo_testing/lib/python3.10/site-packages:${PYTHONPATH} /usr/bin/python3 -W ignore:setup.py install is deprecated -W ignore:easy_install command is deprecated setup.py develop --editable --build-directory /home/bart/goliath_mobile/build/ros2_control_demo_testing/build --no-deps symlink_data
[4.121s] INFO:colcon.colcon_core.shell:Creating environment hook '/home/bart/goliath_mobile/build/ros2_control_demo_testing/share/ros2_control_demo_testing/hook/pythonpath_develop.sh'
[4.123s] Level 1:colcon.colcon_core.environment:checking '/home/bart/goliath_mobile/install/ros2_control_demo_testing' for CMake module files
[4.124s] Level 1:colcon.colcon_core.environment:checking '/home/bart/goliath_mobile/install/ros2_control_demo_testing' for CMake config files
[4.125s] Level 1:colcon.colcon_core.environment:checking '/home/bart/goliath_mobile/install/ros2_control_demo_testing/lib'
[4.126s] Level 1:colcon.colcon_core.environment:checking '/home/bart/goliath_mobile/install/ros2_control_demo_testing/bin'
[4.126s] Level 1:colcon.colcon_core.environment:checking '/home/bart/goliath_mobile/install/ros2_control_demo_testing/lib/pkgconfig/ros2_control_demo_testing.pc'
[4.127s] Level 1:colcon.colcon_core.environment:checking '/home/bart/goliath_mobile/install/ros2_control_demo_testing/lib/python3.10/site-packages'
[4.127s] Level 1:colcon.colcon_core.shell:create_environment_hook('ros2_control_demo_testing', 'pythonpath')
[4.127s] INFO:colcon.colcon_core.shell:Creating environment hook '/home/bart/goliath_mobile/install/ros2_control_demo_testing/share/ros2_control_demo_testing/hook/pythonpath.ps1'
[4.128s] INFO:colcon.colcon_core.shell:Creating environment descriptor '/home/bart/goliath_mobile/install/ros2_control_demo_testing/share/ros2_control_demo_testing/hook/pythonpath.dsv'
[4.129s] INFO:colcon.colcon_core.shell:Creating environment hook '/home/bart/goliath_mobile/install/ros2_control_demo_testing/share/ros2_control_demo_testing/hook/pythonpath.sh'
[4.130s] Level 1:colcon.colcon_core.environment:checking '/home/bart/goliath_mobile/install/ros2_control_demo_testing/bin'
[4.130s] Level 1:colcon.colcon_core.environment:create_environment_scripts_only(ros2_control_demo_testing)
[4.131s] INFO:colcon.colcon_core.shell:Creating package script '/home/bart/goliath_mobile/install/ros2_control_demo_testing/share/ros2_control_demo_testing/package.ps1'
[4.133s] INFO:colcon.colcon_core.shell:Creating package descriptor '/home/bart/goliath_mobile/install/ros2_control_demo_testing/share/ros2_control_demo_testing/package.dsv'
[4.133s] INFO:colcon.colcon_core.shell:Creating package script '/home/bart/goliath_mobile/install/ros2_control_demo_testing/share/ros2_control_demo_testing/package.sh'
[4.134s] INFO:colcon.colcon_core.shell:Creating package script '/home/bart/goliath_mobile/install/ros2_control_demo_testing/share/ros2_control_demo_testing/package.bash'
[4.135s] INFO:colcon.colcon_core.shell:Creating package script '/home/bart/goliath_mobile/install/ros2_control_demo_testing/share/ros2_control_demo_testing/package.zsh'
[4.135s] Level 1:colcon.colcon_core.environment:create_file_with_runtime_dependencies(/home/bart/goliath_mobile/install/ros2_control_demo_testing/share/colcon-core/packages/ros2_control_demo_testing)
[4.812s] INFO:colcon.colcon_core.task.python.build:Building Python package in '/home/bart/goliath_mobile/src/goliath_gripper/gripper_description'
[4.813s] INFO:colcon.colcon_core.shell:Skip shell extension 'powershell' for command environment: Not usable outside of PowerShell
[4.813s] DEBUG:colcon.colcon_core.shell:Skip shell extension 'dsv' for command environment
[4.826s] INFO:colcon.colcon_ros.task.ament_cmake.build:Building ROS package in '/home/bart/goliath_mobile/src/golitath_mobile/goliath/goliath_controller' with build type 'ament_cmake'
[4.826s] INFO:colcon.colcon_cmake.task.cmake.build:Building CMake package in '/home/bart/goliath_mobile/src/golitath_mobile/goliath/goliath_controller'
[4.827s] INFO:colcon.colcon_core.shell:Skip shell extension 'powershell' for command environment: Not usable outside of PowerShell
[4.827s] DEBUG:colcon.colcon_core.shell:Skip shell extension 'dsv' for command environment
[4.864s] DEBUG:colcon.colcon_core.event_handler.log_command:Invoking command in '/home/bart/goliath_mobile/build/goliath_controller': AMENT_PREFIX_PATH=/home/bart/goliath_mobile/install/ros2_control_demo_testing:/home/bart/goliath_mobile/install/rplidar_ros:/home/bart/goliath_mobile/install/ros2_control_demos:/home/bart/goliath_mobile/install/moveit:/home/bart/goliath_mobile/install/gripper_controller:/home/bart/goliath_mobile/install/goliath_moveit_config:/home/bart/goliath_mobile/install/goliath_controller:/home/bart/goliath_mobile/install/ros2_control_demo_description:/home/bart/goliath_mobile/install/hoverboard_ros2_control:/home/bart/goliath_mobile/install/hoverboard_hardware_interface:/home/bart/goliath_mobile/install/hoverboard_demo_bringup:/home/bart/goliath_mobile/install/hoverboard_demo_description:/home/bart/goliath_mobile/install/gripper_description:/home/bart/goliath_mobile/install/goliath_commander_cpp:/home/bart/goliath_mobile/install/goliath_interfaces:/home/bart/goliath_mobile/install/arm_move_joy:/home/bart/goliath_base/install/hoverboard_demo_bringup:/home/bart/goliath_base/install/hoverboard_demo_description:/opt/ros/humble CMAKE_PREFIX_PATH=/home/bart/goliath_mobile/install/ros2_control_demo_description:/home/bart/goliath_mobile/install/rplidar_ros:/home/bart/goliath_mobile/install/ros2_control_demos:/home/bart/goliath_mobile/install/moveit:/home/bart/goliath_mobile/install/gripper_controller:/home/bart/goliath_mobile/install/goliath_moveit_config:/home/bart/goliath_mobile/install/goliath_controller:/home/bart/goliath_mobile/install/hoverboard_ros2_control:/home/bart/goliath_mobile/install/hoverboard_hardware_interface:/home/bart/goliath_mobile/install/hoverboard_demo_bringup:/home/bart/goliath_mobile/install/hoverboard_demo_description:/home/bart/goliath_mobile/install/goliath_commander_cpp:/home/bart/goliath_mobile/install/goliath_interfaces:/home/bart/goliath_mobile/install/arm_move_joy:/home/bart/goliath_base/install/hoverboard_demo_bringup:/home/bart/goliath_base/install/hoverboard_demo_description:/home/bart/goliath_mobile/install/ros2_control_demo_testing:/home/bart/goliath_mobile/install/gripper_description:/opt/ros/humble /usr/bin/cmake /home/bart/goliath_mobile/src/golitath_mobile/goliath/goliath_controller -DAMENT_CMAKE_SYMLINK_INSTALL=1 -DCMAKE_INSTALL_PREFIX=/home/bart/goliath_mobile/install/goliath_controller
[5.391s] DEBUG:colcon.colcon_core.event_handler.log_command:Invoked command in '/home/bart/goliath_mobile/build/goliath_interfaces' returned '0': CMAKE_PREFIX_PATH=${CMAKE_PREFIX_PATH}:/home/bart/goliath_mobile/install/ros2_control_demo_testing:/home/bart/goliath_mobile/install/gripper_description:/opt/ros/humble /usr/bin/cmake /home/bart/goliath_mobile/src/golitath_mobile/goliath/goliath_interfaces -DAMENT_CMAKE_SYMLINK_INSTALL=1 -DCMAKE_INSTALL_PREFIX=/home/bart/goliath_mobile/install/goliath_interfaces
[5.392s] DEBUG:colcon.colcon_core.event_handler.log_command:Invoking command in '/home/bart/goliath_mobile/build/goliath_interfaces': CMAKE_PREFIX_PATH=${CMAKE_PREFIX_PATH}:/home/bart/goliath_mobile/install/ros2_control_demo_testing:/home/bart/goliath_mobile/install/gripper_description:/opt/ros/humble /usr/bin/cmake --build /home/bart/goliath_mobile/build/goliath_interfaces -- -j4 -l4
[6.261s] DEBUG:colcon.colcon_core.event_handler.log_command:Invoking command in '/home/bart/goliath_mobile/build/gripper_description': PYTHONPATH=/home/bart/goliath_mobile/build/gripper_description/prefix_override:/usr/lib/python3/dist-packages/colcon_core/task/python/colcon_distutils_commands:/home/bart/goliath_mobile/install/gripper_description/lib/python3.10/site-packages:${PYTHONPATH} /usr/bin/python3 -W ignore:setup.py install is deprecated -W ignore:easy_install command is deprecated setup.py develop --editable --build-directory /home/bart/goliath_mobile/build/gripper_description/build --no-deps symlink_data
[7.854s] Level 1:colcon.colcon_core.shell:create_environment_hook('gripper_description', 'pythonpath_develop')
[7.855s] DEBUG:colcon.colcon_core.event_handler.log_command:Invoked command in '/home/bart/goliath_mobile/build/gripper_description' returned '0': PYTHONPATH=/home/bart/goliath_mobile/build/gripper_description/prefix_override:/usr/lib/python3/dist-packages/colcon_core/task/python/colcon_distutils_commands:/home/bart/goliath_mobile/install/gripper_description/lib/python3.10/site-packages:${PYTHONPATH} /usr/bin/python3 -W ignore:setup.py install is deprecated -W ignore:easy_install command is deprecated setup.py develop --editable --build-directory /home/bart/goliath_mobile/build/gripper_description/build --no-deps symlink_data
[7.856s] INFO:colcon.colcon_core.shell:Creating environment hook '/home/bart/goliath_mobile/build/gripper_description/share/gripper_description/hook/pythonpath_develop.ps1'
[7.861s] INFO:colcon.colcon_core.shell:Creating environment descriptor '/home/bart/goliath_mobile/build/gripper_description/share/gripper_description/hook/pythonpath_develop.dsv'
[7.862s] INFO:colcon.colcon_core.shell:Creating environment hook '/home/bart/goliath_mobile/build/gripper_description/share/gripper_description/hook/pythonpath_develop.sh'
[7.869s] Level 1:colcon.colcon_core.environment:checking '/home/bart/goliath_mobile/install/gripper_description' for CMake module files
[7.871s] Level 1:colcon.colcon_core.environment:checking '/home/bart/goliath_mobile/install/gripper_description' for CMake config files
[7.878s] Level 1:colcon.colcon_core.environment:checking '/home/bart/goliath_mobile/install/gripper_description/lib'
[7.879s] Level 1:colcon.colcon_core.environment:checking '/home/bart/goliath_mobile/install/gripper_description/bin'
[7.879s] Level 1:colcon.colcon_core.environment:checking '/home/bart/goliath_mobile/install/gripper_description/lib/pkgconfig/gripper_description.pc'
[7.879s] Level 1:colcon.colcon_core.environment:checking '/home/bart/goliath_mobile/install/gripper_description/lib/python3.10/site-packages'
[7.880s] Level 1:colcon.colcon_core.shell:create_environment_hook('gripper_description', 'pythonpath')
[7.886s] INFO:colcon.colcon_core.shell:Creating environment hook '/home/bart/goliath_mobile/install/gripper_description/share/gripper_description/hook/pythonpath.ps1'
[7.887s] INFO:colcon.colcon_core.shell:Creating environment descriptor '/home/bart/goliath_mobile/install/gripper_description/share/gripper_description/hook/pythonpath.dsv'
[7.888s] INFO:colcon.colcon_core.shell:Creating environment hook '/home/bart/goliath_mobile/install/gripper_description/share/gripper_description/hook/pythonpath.sh'
[7.895s] Level 1:colcon.colcon_core.environment:checking '/home/bart/goliath_mobile/install/gripper_description/bin'
[7.895s] Level 1:colcon.colcon_core.environment:create_environment_scripts_only(gripper_description)
[7.896s] INFO:colcon.colcon_core.shell:Creating package script '/home/bart/goliath_mobile/install/gripper_description/share/gripper_description/package.ps1'
[7.904s] INFO:colcon.colcon_core.shell:Creating package descriptor '/home/bart/goliath_mobile/install/gripper_description/share/gripper_description/package.dsv'
[7.905s] INFO:colcon.colcon_core.shell:Creating package script '/home/bart/goliath_mobile/install/gripper_description/share/gripper_description/package.sh'
[7.912s] INFO:colcon.colcon_core.shell:Creating package script '/home/bart/goliath_mobile/install/gripper_description/share/gripper_description/package.bash'
[7.913s] INFO:colcon.colcon_core.shell:Creating package script '/home/bart/goliath_mobile/install/gripper_description/share/gripper_description/package.zsh'
[7.914s] Level 1:colcon.colcon_core.environment:create_file_with_runtime_dependencies(/home/bart/goliath_mobile/install/gripper_description/share/colcon-core/packages/gripper_description)
[7.915s] INFO:colcon.colcon_ros.task.ament_cmake.build:Building ROS package in '/home/bart/goliath_mobile/src/golitath_mobile/hoverboard_ros2_control/hoverboard_hardware_interface' with build type 'ament_cmake'
[7.920s] INFO:colcon.colcon_cmake.task.cmake.build:Building CMake package in '/home/bart/goliath_mobile/src/golitath_mobile/hoverboard_ros2_control/hoverboard_hardware_interface'
[7.921s] INFO:colcon.colcon_core.shell:Skip shell extension 'powershell' for command environment: Not usable outside of PowerShell
[7.921s] DEBUG:colcon.colcon_core.shell:Skip shell extension 'dsv' for command environment
[7.971s] DEBUG:colcon.colcon_core.event_handler.log_command:Invoking command in '/home/bart/goliath_mobile/build/hoverboard_hardware_interface': CMAKE_PREFIX_PATH=${CMAKE_PREFIX_PATH}:/home/bart/goliath_mobile/install/ros2_control_demo_testing:/home/bart/goliath_mobile/install/gripper_description:/opt/ros/humble /usr/bin/cmake /home/bart/goliath_mobile/src/golitath_mobile/hoverboard_ros2_control/hoverboard_hardware_interface -DAMENT_CMAKE_SYMLINK_INSTALL=1 -DCMAKE_INSTALL_PREFIX=/home/bart/goliath_mobile/install/hoverboard_hardware_interface
[12.029s] DEBUG:colcon.colcon_core.event_handler.log_command:Invoked command in '/home/bart/goliath_mobile/build/arm_move_joy' returned '0': CMAKE_PREFIX_PATH=${CMAKE_PREFIX_PATH}:/home/bart/goliath_mobile/install/ros2_control_demo_testing:/home/bart/goliath_mobile/install/gripper_description:/opt/ros/humble /usr/bin/cmake /home/bart/goliath_mobile/src/golitath_mobile/goliath/arm_move_joy -DAMENT_CMAKE_SYMLINK_INSTALL=1 -DCMAKE_INSTALL_PREFIX=/home/bart/goliath_mobile/install/arm_move_joy
[12.031s] DEBUG:colcon.colcon_core.event_handler.log_command:Invoking command in '/home/bart/goliath_mobile/build/arm_move_joy': CMAKE_PREFIX_PATH=${CMAKE_PREFIX_PATH}:/home/bart/goliath_mobile/install/ros2_control_demo_testing:/home/bart/goliath_mobile/install/gripper_description:/opt/ros/humble /usr/bin/cmake --build /home/bart/goliath_mobile/build/arm_move_joy -- -j4 -l4
[12.337s] DEBUG:colcon.colcon_core.event_handler.log_command:Invoked command in '/home/bart/goliath_mobile/build/hoverboard_hardware_interface' returned '0': CMAKE_PREFIX_PATH=${CMAKE_PREFIX_PATH}:/home/bart/goliath_mobile/install/ros2_control_demo_testing:/home/bart/goliath_mobile/install/gripper_description:/opt/ros/humble /usr/bin/cmake /home/bart/goliath_mobile/src/golitath_mobile/hoverboard_ros2_control/hoverboard_hardware_interface -DAMENT_CMAKE_SYMLINK_INSTALL=1 -DCMAKE_INSTALL_PREFIX=/home/bart/goliath_mobile/install/hoverboard_hardware_interface
[12.342s] DEBUG:colcon.colcon_core.event_handler.log_command:Invoking command in '/home/bart/goliath_mobile/build/hoverboard_hardware_interface': CMAKE_PREFIX_PATH=${CMAKE_PREFIX_PATH}:/home/bart/goliath_mobile/install/ros2_control_demo_testing:/home/bart/goliath_mobile/install/gripper_description:/opt/ros/humble /usr/bin/cmake --build /home/bart/goliath_mobile/build/hoverboard_hardware_interface -- -j4 -l4
[13.417s] DEBUG:colcon.colcon_core.event_handler.log_command:Invoked command in '/home/bart/goliath_mobile/build/goliath_controller' returned '0': AMENT_PREFIX_PATH=/home/bart/goliath_mobile/install/ros2_control_demo_testing:/home/bart/goliath_mobile/install/rplidar_ros:/home/bart/goliath_mobile/install/ros2_control_demos:/home/bart/goliath_mobile/install/moveit:/home/bart/goliath_mobile/install/gripper_controller:/home/bart/goliath_mobile/install/goliath_moveit_config:/home/bart/goliath_mobile/install/goliath_controller:/home/bart/goliath_mobile/install/ros2_control_demo_description:/home/bart/goliath_mobile/install/hoverboard_ros2_control:/home/bart/goliath_mobile/install/hoverboard_hardware_interface:/home/bart/goliath_mobile/install/hoverboard_demo_bringup:/home/bart/goliath_mobile/install/hoverboard_demo_description:/home/bart/goliath_mobile/install/gripper_description:/home/bart/goliath_mobile/install/goliath_commander_cpp:/home/bart/goliath_mobile/install/goliath_interfaces:/home/bart/goliath_mobile/install/arm_move_joy:/home/bart/goliath_base/install/hoverboard_demo_bringup:/home/bart/goliath_base/install/hoverboard_demo_description:/opt/ros/humble CMAKE_PREFIX_PATH=/home/bart/goliath_mobile/install/ros2_control_demo_description:/home/bart/goliath_mobile/install/rplidar_ros:/home/bart/goliath_mobile/install/ros2_control_demos:/home/bart/goliath_mobile/install/moveit:/home/bart/goliath_mobile/install/gripper_controller:/home/bart/goliath_mobile/install/goliath_moveit_config:/home/bart/goliath_mobile/install/goliath_controller:/home/bart/goliath_mobile/install/hoverboard_ros2_control:/home/bart/goliath_mobile/install/hoverboard_hardware_interface:/home/bart/goliath_mobile/install/hoverboard_demo_bringup:/home/bart/goliath_mobile/install/hoverboard_demo_description:/home/bart/goliath_mobile/install/goliath_commander_cpp:/home/bart/goliath_mobile/install/goliath_interfaces:/home/bart/goliath_mobile/install/arm_move_joy:/home/bart/goliath_base/install/hoverboard_demo_bringup:/home/bart/goliath_base/install/hoverboard_demo_description:/home/bart/goliath_mobile/install/ros2_control_demo_testing:/home/bart/goliath_mobile/install/gripper_description:/opt/ros/humble /usr/bin/cmake /home/bart/goliath_mobile/src/golitath_mobile/goliath/goliath_controller -DAMENT_CMAKE_SYMLINK_INSTALL=1 -DCMAKE_INSTALL_PREFIX=/home/bart/goliath_mobile/install/goliath_controller
[13.421s] DEBUG:colcon.colcon_core.event_handler.log_command:Invoking command in '/home/bart/goliath_mobile/build/goliath_controller': AMENT_PREFIX_PATH=/home/bart/goliath_mobile/install/ros2_control_demo_testing:/home/bart/goliath_mobile/install/rplidar_ros:/home/bart/goliath_mobile/install/ros2_control_demos:/home/bart/goliath_mobile/install/moveit:/home/bart/goliath_mobile/install/gripper_controller:/home/bart/goliath_mobile/install/goliath_moveit_config:/home/bart/goliath_mobile/install/goliath_controller:/home/bart/goliath_mobile/install/ros2_control_demo_description:/home/bart/goliath_mobile/install/hoverboard_ros2_control:/home/bart/goliath_mobile/install/hoverboard_hardware_interface:/home/bart/goliath_mobile/install/hoverboard_demo_bringup:/home/bart/goliath_mobile/install/hoverboard_demo_description:/home/bart/goliath_mobile/install/gripper_description:/home/bart/goliath_mobile/install/goliath_commander_cpp:/home/bart/goliath_mobile/install/goliath_interfaces:/home/bart/goliath_mobile/install/arm_move_joy:/home/bart/goliath_base/install/hoverboard_demo_bringup:/home/bart/goliath_base/install/hoverboard_demo_description:/opt/ros/humble CMAKE_PREFIX_PATH=/home/bart/goliath_mobile/install/ros2_control_demo_description:/home/bart/goliath_mobile/install/rplidar_ros:/home/bart/goliath_mobile/install/ros2_control_demos:/home/bart/goliath_mobile/install/moveit:/home/bart/goliath_mobile/install/gripper_controller:/home/bart/goliath_mobile/install/goliath_moveit_config:/home/bart/goliath_mobile/install/goliath_controller:/home/bart/goliath_mobile/install/hoverboard_ros2_control:/home/bart/goliath_mobile/install/hoverboard_hardware_interface:/home/bart/goliath_mobile/install/hoverboard_demo_bringup:/home/bart/goliath_mobile/install/hoverboard_demo_description:/home/bart/goliath_mobile/install/goliath_commander_cpp:/home/bart/goliath_mobile/install/goliath_interfaces:/home/bart/goliath_mobile/install/arm_move_joy:/home/bart/goliath_base/install/hoverboard_demo_bringup:/home/bart/goliath_base/install/hoverboard_demo_description:/home/bart/goliath_mobile/install/ros2_control_demo_testing:/home/bart/goliath_mobile/install/gripper_description:/opt/ros/humble /usr/bin/cmake --build /home/bart/goliath_mobile/build/goliath_controller -- -j4 -l4
[13.519s] DEBUG:colcon.colcon_core.event_handler.log_command:Invoked command in '/home/bart/goliath_mobile/build/goliath_interfaces' returned '0': CMAKE_PREFIX_PATH=${CMAKE_PREFIX_PATH}:/home/bart/goliath_mobile/install/ros2_control_demo_testing:/home/bart/goliath_mobile/install/gripper_description:/opt/ros/humble /usr/bin/cmake --build /home/bart/goliath_mobile/build/goliath_interfaces -- -j4 -l4
[13.520s] DEBUG:colcon.colcon_core.event_handler.log_command:Invoking command in '/home/bart/goliath_mobile/build/goliath_interfaces': CMAKE_PREFIX_PATH=${CMAKE_PREFIX_PATH}:/home/bart/goliath_mobile/install/ros2_control_demo_testing:/home/bart/goliath_mobile/install/gripper_description:/opt/ros/humble /usr/bin/cmake --install /home/bart/goliath_mobile/build/goliath_interfaces
[15.219s] Level 1:colcon.colcon_core.environment:create_environment_scripts_only(goliath_interfaces)
[15.220s] Level 1:colcon.colcon_core.environment:checking '/home/bart/goliath_mobile/install/goliath_interfaces' for CMake module files
[15.225s] Level 1:colcon.colcon_core.environment:checking '/home/bart/goliath_mobile/install/goliath_interfaces' for CMake config files
[15.227s] Level 1:colcon.colcon_core.shell:create_environment_hook('goliath_interfaces', 'cmake_prefix_path')
[15.231s] INFO:colcon.colcon_core.shell:Creating environment hook '/home/bart/goliath_mobile/install/goliath_interfaces/share/goliath_interfaces/hook/cmake_prefix_path.ps1'
[15.232s] DEBUG:colcon.colcon_core.event_handler.log_command:Invoked command in '/home/bart/goliath_mobile/build/goliath_interfaces' returned '0': CMAKE_PREFIX_PATH=${CMAKE_PREFIX_PATH}:/home/bart/goliath_mobile/install/ros2_control_demo_testing:/home/bart/goliath_mobile/install/gripper_description:/opt/ros/humble /usr/bin/cmake --install /home/bart/goliath_mobile/build/goliath_interfaces
[15.234s] INFO:colcon.colcon_core.shell:Creating environment descriptor '/home/bart/goliath_mobile/install/goliath_interfaces/share/goliath_interfaces/hook/cmake_prefix_path.dsv'
[15.237s] INFO:colcon.colcon_core.shell:Creating environment hook '/home/bart/goliath_mobile/install/goliath_interfaces/share/goliath_interfaces/hook/cmake_prefix_path.sh'
[15.239s] Level 1:colcon.colcon_core.environment:checking '/home/bart/goliath_mobile/install/goliath_interfaces/lib'
[15.239s] Level 1:colcon.colcon_core.shell:create_environment_hook('goliath_interfaces', 'ld_library_path_lib')
[15.242s] INFO:colcon.colcon_core.shell:Creating environment hook '/home/bart/goliath_mobile/install/goliath_interfaces/share/goliath_interfaces/hook/ld_library_path_lib.ps1'
[15.243s] INFO:colcon.colcon_core.shell:Creating environment descriptor '/home/bart/goliath_mobile/install/goliath_interfaces/share/goliath_interfaces/hook/ld_library_path_lib.dsv'
[15.244s] INFO:colcon.colcon_core.shell:Creating environment hook '/home/bart/goliath_mobile/install/goliath_interfaces/share/goliath_interfaces/hook/ld_library_path_lib.sh'
[15.245s] Level 1:colcon.colcon_core.environment:checking '/home/bart/goliath_mobile/install/goliath_interfaces/bin'
[15.247s] Level 1:colcon.colcon_core.environment:checking '/home/bart/goliath_mobile/install/goliath_interfaces/lib/pkgconfig/goliath_interfaces.pc'
[15.249s] Level 1:colcon.colcon_core.environment:checking '/home/bart/goliath_mobile/install/goliath_interfaces/lib/python3.10/site-packages'
[15.250s] Level 1:colcon.colcon_core.environment:checking '/home/bart/goliath_mobile/install/goliath_interfaces/bin'
[15.253s] INFO:colcon.colcon_core.shell:Creating package script '/home/bart/goliath_mobile/install/goliath_interfaces/share/goliath_interfaces/package.ps1'
[15.255s] INFO:colcon.colcon_core.shell:Creating package descriptor '/home/bart/goliath_mobile/install/goliath_interfaces/share/goliath_interfaces/package.dsv'
[15.258s] INFO:colcon.colcon_core.shell:Creating package script '/home/bart/goliath_mobile/install/goliath_interfaces/share/goliath_interfaces/package.sh'
[15.262s] INFO:colcon.colcon_core.shell:Creating package script '/home/bart/goliath_mobile/install/goliath_interfaces/share/goliath_interfaces/package.bash'
[15.263s] INFO:colcon.colcon_core.shell:Creating package script '/home/bart/goliath_mobile/install/goliath_interfaces/share/goliath_interfaces/package.zsh'
[15.264s] Level 1:colcon.colcon_core.environment:create_file_with_runtime_dependencies(/home/bart/goliath_mobile/install/goliath_interfaces/share/colcon-core/packages/goliath_interfaces)
[15.268s] Level 1:colcon.colcon_core.environment:create_environment_scripts_only(goliath_interfaces)
[15.269s] Level 1:colcon.colcon_core.environment:checking '/home/bart/goliath_mobile/install/goliath_interfaces' for CMake module files
[15.271s] Level 1:colcon.colcon_core.environment:checking '/home/bart/goliath_mobile/install/goliath_interfaces' for CMake config files
[15.276s] Level 1:colcon.colcon_core.shell:create_environment_hook('goliath_interfaces', 'cmake_prefix_path')
[15.276s] INFO:colcon.colcon_core.shell:Creating environment hook '/home/bart/goliath_mobile/install/goliath_interfaces/share/goliath_interfaces/hook/cmake_prefix_path.ps1'
[15.280s] INFO:colcon.colcon_core.shell:Creating environment descriptor '/home/bart/goliath_mobile/install/goliath_interfaces/share/goliath_interfaces/hook/cmake_prefix_path.dsv'
[15.281s] INFO:colcon.colcon_core.shell:Creating environment hook '/home/bart/goliath_mobile/install/goliath_interfaces/share/goliath_interfaces/hook/cmake_prefix_path.sh'
[15.286s] Level 1:colcon.colcon_core.environment:checking '/home/bart/goliath_mobile/install/goliath_interfaces/lib'
[15.286s] Level 1:colcon.colcon_core.shell:create_environment_hook('goliath_interfaces', 'ld_library_path_lib')
[15.286s] INFO:colcon.colcon_core.shell:Creating environment hook '/home/bart/goliath_mobile/install/goliath_interfaces/share/goliath_interfaces/hook/ld_library_path_lib.ps1'
[15.287s] INFO:colcon.colcon_core.shell:Creating environment descriptor '/home/bart/goliath_mobile/install/goliath_interfaces/share/goliath_interfaces/hook/ld_library_path_lib.dsv'
[15.292s] INFO:colcon.colcon_core.shell:Creating environment hook '/home/bart/goliath_mobile/install/goliath_interfaces/share/goliath_interfaces/hook/ld_library_path_lib.sh'
[15.293s] Level 1:colcon.colcon_core.environment:checking '/home/bart/goliath_mobile/install/goliath_interfaces/bin'
[15.293s] Level 1:colcon.colcon_core.environment:checking '/home/bart/goliath_mobile/install/goliath_interfaces/lib/pkgconfig/goliath_interfaces.pc'
[15.293s] Level 1:colcon.colcon_core.environment:checking '/home/bart/goliath_mobile/install/goliath_interfaces/lib/python3.10/site-packages'
[15.298s] Level 1:colcon.colcon_core.environment:checking '/home/bart/goliath_mobile/install/goliath_interfaces/bin'
[15.299s] INFO:colcon.colcon_core.shell:Creating package script '/home/bart/goliath_mobile/install/goliath_interfaces/share/goliath_interfaces/package.ps1'
[15.303s] INFO:colcon.colcon_core.shell:Creating package descriptor '/home/bart/goliath_mobile/install/goliath_interfaces/share/goliath_interfaces/package.dsv'
[15.305s] INFO:colcon.colcon_core.shell:Creating package script '/home/bart/goliath_mobile/install/goliath_interfaces/share/goliath_interfaces/package.sh'
[15.311s] INFO:colcon.colcon_core.shell:Creating package script '/home/bart/goliath_mobile/install/goliath_interfaces/share/goliath_interfaces/package.bash'
[15.313s] INFO:colcon.colcon_core.shell:Creating package script '/home/bart/goliath_mobile/install/goliath_interfaces/share/goliath_interfaces/package.zsh'
[15.318s] Level 1:colcon.colcon_core.environment:create_file_with_runtime_dependencies(/home/bart/goliath_mobile/install/goliath_interfaces/share/colcon-core/packages/goliath_interfaces)
[15.319s] INFO:colcon.colcon_ros.task.ament_cmake.build:Building ROS package in '/home/bart/goliath_mobile/src/golitath_mobile/hoverboard_ros2_control/hoverboard_ros2_control' with build type 'ament_cmake'
[15.319s] INFO:colcon.colcon_cmake.task.cmake.build:Building CMake package in '/home/bart/goliath_mobile/src/golitath_mobile/hoverboard_ros2_control/hoverboard_ros2_control'
[15.320s] INFO:colcon.colcon_core.shell:Skip shell extension 'powershell' for command environment: Not usable outside of PowerShell
[15.322s] DEBUG:colcon.colcon_core.shell:Skip shell extension 'dsv' for command environment
[15.369s] DEBUG:colcon.colcon_core.event_handler.log_command:Invoking command in '/home/bart/goliath_mobile/build/hoverboard_ros2_control': CMAKE_PREFIX_PATH=${CMAKE_PREFIX_PATH}:/home/bart/goliath_mobile/install/ros2_control_demo_testing:/home/bart/goliath_mobile/install/gripper_description:/opt/ros/humble /usr/bin/cmake /home/bart/goliath_mobile/src/golitath_mobile/hoverboard_ros2_control/hoverboard_ros2_control -DAMENT_CMAKE_SYMLINK_INSTALL=1 -DCMAKE_INSTALL_PREFIX=/home/bart/goliath_mobile/install/hoverboard_ros2_control
[17.627s] DEBUG:colcon.colcon_core.event_handler.log_command:Invoked command in '/home/bart/goliath_mobile/build/hoverboard_ros2_control' returned '0': CMAKE_PREFIX_PATH=${CMAKE_PREFIX_PATH}:/home/bart/goliath_mobile/install/ros2_control_demo_testing:/home/bart/goliath_mobile/install/gripper_description:/opt/ros/humble /usr/bin/cmake /home/bart/goliath_mobile/src/golitath_mobile/hoverboard_ros2_control/hoverboard_ros2_control -DAMENT_CMAKE_SYMLINK_INSTALL=1 -DCMAKE_INSTALL_PREFIX=/home/bart/goliath_mobile/install/hoverboard_ros2_control
[17.628s] DEBUG:colcon.colcon_core.event_handler.log_command:Invoking command in '/home/bart/goliath_mobile/build/hoverboard_ros2_control': CMAKE_PREFIX_PATH=${CMAKE_PREFIX_PATH}:/home/bart/goliath_mobile/install/ros2_control_demo_testing:/home/bart/goliath_mobile/install/gripper_description:/opt/ros/humble /usr/bin/cmake --build /home/bart/goliath_mobile/build/hoverboard_ros2_control -- -j4 -l4
[17.721s] DEBUG:colcon.colcon_core.event_handler.log_command:Invoked command in '/home/bart/goliath_mobile/build/hoverboard_ros2_control' returned '0': CMAKE_PREFIX_PATH=${CMAKE_PREFIX_PATH}:/home/bart/goliath_mobile/install/ros2_control_demo_testing:/home/bart/goliath_mobile/install/gripper_description:/opt/ros/humble /usr/bin/cmake --build /home/bart/goliath_mobile/build/hoverboard_ros2_control -- -j4 -l4
[17.725s] DEBUG:colcon.colcon_core.event_handler.log_command:Invoking command in '/home/bart/goliath_mobile/build/hoverboard_ros2_control': CMAKE_PREFIX_PATH=${CMAKE_PREFIX_PATH}:/home/bart/goliath_mobile/install/ros2_control_demo_testing:/home/bart/goliath_mobile/install/gripper_description:/opt/ros/humble /usr/bin/cmake --install /home/bart/goliath_mobile/build/hoverboard_ros2_control
[18.076s] Level 1:colcon.colcon_core.environment:create_environment_scripts_only(hoverboard_ros2_control)
[18.077s] Level 1:colcon.colcon_core.environment:checking '/home/bart/goliath_mobile/install/hoverboard_ros2_control' for CMake module files
[18.078s] Level 1:colcon.colcon_core.environment:checking '/home/bart/goliath_mobile/install/hoverboard_ros2_control' for CMake config files
[18.076s] DEBUG:colcon.colcon_core.event_handler.log_command:Invoked command in '/home/bart/goliath_mobile/build/hoverboard_ros2_control' returned '0': CMAKE_PREFIX_PATH=${CMAKE_PREFIX_PATH}:/home/bart/goliath_mobile/install/ros2_control_demo_testing:/home/bart/goliath_mobile/install/gripper_description:/opt/ros/humble /usr/bin/cmake --install /home/bart/goliath_mobile/build/hoverboard_ros2_control
[18.079s] Level 1:colcon.colcon_core.shell:create_environment_hook('hoverboard_ros2_control', 'cmake_prefix_path')
[18.080s] INFO:colcon.colcon_core.shell:Creating environment hook '/home/bart/goliath_mobile/install/hoverboard_ros2_control/share/hoverboard_ros2_control/hook/cmake_prefix_path.ps1'
[18.081s] INFO:colcon.colcon_core.shell:Creating environment descriptor '/home/bart/goliath_mobile/install/hoverboard_ros2_control/share/hoverboard_ros2_control/hook/cmake_prefix_path.dsv'
[18.082s] INFO:colcon.colcon_core.shell:Creating environment hook '/home/bart/goliath_mobile/install/hoverboard_ros2_control/share/hoverboard_ros2_control/hook/cmake_prefix_path.sh'
[18.084s] Level 1:colcon.colcon_core.environment:checking '/home/bart/goliath_mobile/install/hoverboard_ros2_control/bin'
[18.084s] Level 1:colcon.colcon_core.environment:checking '/home/bart/goliath_mobile/install/hoverboard_ros2_control/lib/pkgconfig/hoverboard_ros2_control.pc'
[18.084s] Level 1:colcon.colcon_core.environment:checking '/home/bart/goliath_mobile/install/hoverboard_ros2_control/lib/python3.10/site-packages'
[18.085s] Level 1:colcon.colcon_core.environment:checking '/home/bart/goliath_mobile/install/hoverboard_ros2_control/bin'
[18.086s] INFO:colcon.colcon_core.shell:Creating package script '/home/bart/goliath_mobile/install/hoverboard_ros2_control/share/hoverboard_ros2_control/package.ps1'
[18.088s] INFO:colcon.colcon_core.shell:Creating package descriptor '/home/bart/goliath_mobile/install/hoverboard_ros2_control/share/hoverboard_ros2_control/package.dsv'
[18.089s] INFO:colcon.colcon_core.shell:Creating package script '/home/bart/goliath_mobile/install/hoverboard_ros2_control/share/hoverboard_ros2_control/package.sh'
[18.091s] INFO:colcon.colcon_core.shell:Creating package script '/home/bart/goliath_mobile/install/hoverboard_ros2_control/share/hoverboard_ros2_control/package.bash'
[18.092s] INFO:colcon.colcon_core.shell:Creating package script '/home/bart/goliath_mobile/install/hoverboard_ros2_control/share/hoverboard_ros2_control/package.zsh'
[18.093s] Level 1:colcon.colcon_core.environment:create_file_with_runtime_dependencies(/home/bart/goliath_mobile/install/hoverboard_ros2_control/share/colcon-core/packages/hoverboard_ros2_control)
[18.094s] Level 1:colcon.colcon_core.environment:create_environment_scripts_only(hoverboard_ros2_control)
[18.095s] Level 1:colcon.colcon_core.environment:checking '/home/bart/goliath_mobile/install/hoverboard_ros2_control' for CMake module files
[18.096s] Level 1:colcon.colcon_core.environment:checking '/home/bart/goliath_mobile/install/hoverboard_ros2_control' for CMake config files
[18.097s] Level 1:colcon.colcon_core.shell:create_environment_hook('hoverboard_ros2_control', 'cmake_prefix_path')
[18.098s] INFO:colcon.colcon_core.shell:Creating environment hook '/home/bart/goliath_mobile/install/hoverboard_ros2_control/share/hoverboard_ros2_control/hook/cmake_prefix_path.ps1'
[18.099s] INFO:colcon.colcon_core.shell:Creating environment descriptor '/home/bart/goliath_mobile/install/hoverboard_ros2_control/share/hoverboard_ros2_control/hook/cmake_prefix_path.dsv'
[18.100s] INFO:colcon.colcon_core.shell:Creating environment hook '/home/bart/goliath_mobile/install/hoverboard_ros2_control/share/hoverboard_ros2_control/hook/cmake_prefix_path.sh'
[18.102s] Level 1:colcon.colcon_core.environment:checking '/home/bart/goliath_mobile/install/hoverboard_ros2_control/bin'
[18.102s] Level 1:colcon.colcon_core.environment:checking '/home/bart/goliath_mobile/install/hoverboard_ros2_control/lib/pkgconfig/hoverboard_ros2_control.pc'
[18.103s] Level 1:colcon.colcon_core.environment:checking '/home/bart/goliath_mobile/install/hoverboard_ros2_control/lib/python3.10/site-packages'
[18.104s] Level 1:colcon.colcon_core.environment:checking '/home/bart/goliath_mobile/install/hoverboard_ros2_control/bin'
[18.105s] INFO:colcon.colcon_core.shell:Creating package script '/home/bart/goliath_mobile/install/hoverboard_ros2_control/share/hoverboard_ros2_control/package.ps1'
[18.107s] INFO:colcon.colcon_core.shell:Creating package descriptor '/home/bart/goliath_mobile/install/hoverboard_ros2_control/share/hoverboard_ros2_control/package.dsv'
[18.108s] INFO:colcon.colcon_core.shell:Creating package script '/home/bart/goliath_mobile/install/hoverboard_ros2_control/share/hoverboard_ros2_control/package.sh'
[18.110s] INFO:colcon.colcon_core.shell:Creating package script '/home/bart/goliath_mobile/install/hoverboard_ros2_control/share/hoverboard_ros2_control/package.bash'
[18.112s] INFO:colcon.colcon_core.shell:Creating package script '/home/bart/goliath_mobile/install/hoverboard_ros2_control/share/hoverboard_ros2_control/package.zsh'
[18.113s] Level 1:colcon.colcon_core.environment:create_file_with_runtime_dependencies(/home/bart/goliath_mobile/install/hoverboard_ros2_control/share/colcon-core/packages/hoverboard_ros2_control)
[18.115s] INFO:colcon.colcon_ros.task.ament_cmake.build:Building ROS package in '/home/bart/goliath_mobile/src/rplidar_ros' with build type 'ament_cmake'
[18.116s] INFO:colcon.colcon_cmake.task.cmake.build:Building CMake package in '/home/bart/goliath_mobile/src/rplidar_ros'
[18.117s] INFO:colcon.colcon_core.shell:Skip shell extension 'powershell' for command environment: Not usable outside of PowerShell
[18.117s] DEBUG:colcon.colcon_core.shell:Skip shell extension 'dsv' for command environment
[18.160s] DEBUG:colcon.colcon_core.event_handler.log_command:Invoking command in '/home/bart/goliath_mobile/build/rplidar_ros': CMAKE_PREFIX_PATH=${CMAKE_PREFIX_PATH}:/home/bart/goliath_mobile/install/ros2_control_demo_testing:/home/bart/goliath_mobile/install/gripper_description:/opt/ros/humble /usr/bin/cmake /home/bart/goliath_mobile/src/rplidar_ros -DAMENT_CMAKE_SYMLINK_INSTALL=1 -DCMAKE_INSTALL_PREFIX=/home/bart/goliath_mobile/install/rplidar_ros
[22.653s] DEBUG:colcon.colcon_core.event_handler.log_command:Invoked command in '/home/bart/goliath_mobile/build/rplidar_ros' returned '0': CMAKE_PREFIX_PATH=${CMAKE_PREFIX_PATH}:/home/bart/goliath_mobile/install/ros2_control_demo_testing:/home/bart/goliath_mobile/install/gripper_description:/opt/ros/humble /usr/bin/cmake /home/bart/goliath_mobile/src/rplidar_ros -DAMENT_CMAKE_SYMLINK_INSTALL=1 -DCMAKE_INSTALL_PREFIX=/home/bart/goliath_mobile/install/rplidar_ros
[22.654s] DEBUG:colcon.colcon_core.event_handler.log_command:Invoking command in '/home/bart/goliath_mobile/build/rplidar_ros': CMAKE_PREFIX_PATH=${CMAKE_PREFIX_PATH}:/home/bart/goliath_mobile/install/ros2_control_demo_testing:/home/bart/goliath_mobile/install/gripper_description:/opt/ros/humble /usr/bin/cmake --build /home/bart/goliath_mobile/build/rplidar_ros -- -j4 -l4
[63.350s] DEBUG:colcon.colcon_core.event_handler.log_command:Invoked command in '/home/bart/goliath_mobile/build/goliath_controller' returned '0': AMENT_PREFIX_PATH=/home/bart/goliath_mobile/install/ros2_control_demo_testing:/home/bart/goliath_mobile/install/rplidar_ros:/home/bart/goliath_mobile/install/ros2_control_demos:/home/bart/goliath_mobile/install/moveit:/home/bart/goliath_mobile/install/gripper_controller:/home/bart/goliath_mobile/install/goliath_moveit_config:/home/bart/goliath_mobile/install/goliath_controller:/home/bart/goliath_mobile/install/ros2_control_demo_description:/home/bart/goliath_mobile/install/hoverboard_ros2_control:/home/bart/goliath_mobile/install/hoverboard_hardware_interface:/home/bart/goliath_mobile/install/hoverboard_demo_bringup:/home/bart/goliath_mobile/install/hoverboard_demo_description:/home/bart/goliath_mobile/install/gripper_description:/home/bart/goliath_mobile/install/goliath_commander_cpp:/home/bart/goliath_mobile/install/goliath_interfaces:/home/bart/goliath_mobile/install/arm_move_joy:/home/bart/goliath_base/install/hoverboard_demo_bringup:/home/bart/goliath_base/install/hoverboard_demo_description:/opt/ros/humble CMAKE_PREFIX_PATH=/home/bart/goliath_mobile/install/ros2_control_demo_description:/home/bart/goliath_mobile/install/rplidar_ros:/home/bart/goliath_mobile/install/ros2_control_demos:/home/bart/goliath_mobile/install/moveit:/home/bart/goliath_mobile/install/gripper_controller:/home/bart/goliath_mobile/install/goliath_moveit_config:/home/bart/goliath_mobile/install/goliath_controller:/home/bart/goliath_mobile/install/hoverboard_ros2_control:/home/bart/goliath_mobile/install/hoverboard_hardware_interface:/home/bart/goliath_mobile/install/hoverboard_demo_bringup:/home/bart/goliath_mobile/install/hoverboard_demo_description:/home/bart/goliath_mobile/install/goliath_commander_cpp:/home/bart/goliath_mobile/install/goliath_interfaces:/home/bart/goliath_mobile/install/arm_move_joy:/home/bart/goliath_base/install/hoverboard_demo_bringup:/home/bart/goliath_base/install/hoverboard_demo_description:/home/bart/goliath_mobile/install/ros2_control_demo_testing:/home/bart/goliath_mobile/install/gripper_description:/opt/ros/humble /usr/bin/cmake --build /home/bart/goliath_mobile/build/goliath_controller -- -j4 -l4
[63.372s] DEBUG:colcon.colcon_core.event_handler.log_command:Invoking command in '/home/bart/goliath_mobile/build/goliath_controller': AMENT_PREFIX_PATH=/home/bart/goliath_mobile/install/ros2_control_demo_testing:/home/bart/goliath_mobile/install/rplidar_ros:/home/bart/goliath_mobile/install/ros2_control_demos:/home/bart/goliath_mobile/install/moveit:/home/bart/goliath_mobile/install/gripper_controller:/home/bart/goliath_mobile/install/goliath_moveit_config:/home/bart/goliath_mobile/install/goliath_controller:/home/bart/goliath_mobile/install/ros2_control_demo_description:/home/bart/goliath_mobile/install/hoverboard_ros2_control:/home/bart/goliath_mobile/install/hoverboard_hardware_interface:/home/bart/goliath_mobile/install/hoverboard_demo_bringup:/home/bart/goliath_mobile/install/hoverboard_demo_description:/home/bart/goliath_mobile/install/gripper_description:/home/bart/goliath_mobile/install/goliath_commander_cpp:/home/bart/goliath_mobile/install/goliath_interfaces:/home/bart/goliath_mobile/install/arm_move_joy:/home/bart/goliath_base/install/hoverboard_demo_bringup:/home/bart/goliath_base/install/hoverboard_demo_description:/opt/ros/humble CMAKE_PREFIX_PATH=/home/bart/goliath_mobile/install/ros2_control_demo_description:/home/bart/goliath_mobile/install/rplidar_ros:/home/bart/goliath_mobile/install/ros2_control_demos:/home/bart/goliath_mobile/install/moveit:/home/bart/goliath_mobile/install/gripper_controller:/home/bart/goliath_mobile/install/goliath_moveit_config:/home/bart/goliath_mobile/install/goliath_controller:/home/bart/goliath_mobile/install/hoverboard_ros2_control:/home/bart/goliath_mobile/install/hoverboard_hardware_interface:/home/bart/goliath_mobile/install/hoverboard_demo_bringup:/home/bart/goliath_mobile/install/hoverboard_demo_description:/home/bart/goliath_mobile/install/goliath_commander_cpp:/home/bart/goliath_mobile/install/goliath_interfaces:/home/bart/goliath_mobile/install/arm_move_joy:/home/bart/goliath_base/install/hoverboard_demo_bringup:/home/bart/goliath_base/install/hoverboard_demo_description:/home/bart/goliath_mobile/install/ros2_control_demo_testing:/home/bart/goliath_mobile/install/gripper_description:/opt/ros/humble /usr/bin/cmake --install /home/bart/goliath_mobile/build/goliath_controller
[64.512s] Level 1:colcon.colcon_core.environment:create_environment_scripts_only(goliath_controller)
[64.513s] Level 1:colcon.colcon_core.environment:checking '/home/bart/goliath_mobile/install/goliath_controller' for CMake module files
[64.517s] DEBUG:colcon.colcon_core.event_handler.log_command:Invoked command in '/home/bart/goliath_mobile/build/goliath_controller' returned '0': AMENT_PREFIX_PATH=/home/bart/goliath_mobile/install/ros2_control_demo_testing:/home/bart/goliath_mobile/install/rplidar_ros:/home/bart/goliath_mobile/install/ros2_control_demos:/home/bart/goliath_mobile/install/moveit:/home/bart/goliath_mobile/install/gripper_controller:/home/bart/goliath_mobile/install/goliath_moveit_config:/home/bart/goliath_mobile/install/goliath_controller:/home/bart/goliath_mobile/install/ros2_control_demo_description:/home/bart/goliath_mobile/install/hoverboard_ros2_control:/home/bart/goliath_mobile/install/hoverboard_hardware_interface:/home/bart/goliath_mobile/install/hoverboard_demo_bringup:/home/bart/goliath_mobile/install/hoverboard_demo_description:/home/bart/goliath_mobile/install/gripper_description:/home/bart/goliath_mobile/install/goliath_commander_cpp:/home/bart/goliath_mobile/install/goliath_interfaces:/home/bart/goliath_mobile/install/arm_move_joy:/home/bart/goliath_base/install/hoverboard_demo_bringup:/home/bart/goliath_base/install/hoverboard_demo_description:/opt/ros/humble CMAKE_PREFIX_PATH=/home/bart/goliath_mobile/install/ros2_control_demo_description:/home/bart/goliath_mobile/install/rplidar_ros:/home/bart/goliath_mobile/install/ros2_control_demos:/home/bart/goliath_mobile/install/moveit:/home/bart/goliath_mobile/install/gripper_controller:/home/bart/goliath_mobile/install/goliath_moveit_config:/home/bart/goliath_mobile/install/goliath_controller:/home/bart/goliath_mobile/install/hoverboard_ros2_control:/home/bart/goliath_mobile/install/hoverboard_hardware_interface:/home/bart/goliath_mobile/install/hoverboard_demo_bringup:/home/bart/goliath_mobile/install/hoverboard_demo_description:/home/bart/goliath_mobile/install/goliath_commander_cpp:/home/bart/goliath_mobile/install/goliath_interfaces:/home/bart/goliath_mobile/install/arm_move_joy:/home/bart/goliath_base/install/hoverboard_demo_bringup:/home/bart/goliath_base/install/hoverboard_demo_description:/home/bart/goliath_mobile/install/ros2_control_demo_testing:/home/bart/goliath_mobile/install/gripper_description:/opt/ros/humble /usr/bin/cmake --install /home/bart/goliath_mobile/build/goliath_controller
[64.517s] Level 1:colcon.colcon_core.environment:checking '/home/bart/goliath_mobile/install/goliath_controller' for CMake config files
[64.518s] Level 1:colcon.colcon_core.shell:create_environment_hook('goliath_controller', 'cmake_prefix_path')
[64.519s] INFO:colcon.colcon_core.shell:Creating environment hook '/home/bart/goliath_mobile/install/goliath_controller/share/goliath_controller/hook/cmake_prefix_path.ps1'
[64.528s] INFO:colcon.colcon_core.shell:Creating environment descriptor '/home/bart/goliath_mobile/install/goliath_controller/share/goliath_controller/hook/cmake_prefix_path.dsv'
[64.531s] INFO:colcon.colcon_core.shell:Creating environment hook '/home/bart/goliath_mobile/install/goliath_controller/share/goliath_controller/hook/cmake_prefix_path.sh'
[64.535s] Level 1:colcon.colcon_core.environment:checking '/home/bart/goliath_mobile/install/goliath_controller/lib'
[64.535s] Level 1:colcon.colcon_core.shell:create_environment_hook('goliath_controller', 'ld_library_path_lib')
[64.536s] INFO:colcon.colcon_core.shell:Creating environment hook '/home/bart/goliath_mobile/install/goliath_controller/share/goliath_controller/hook/ld_library_path_lib.ps1'
[64.537s] INFO:colcon.colcon_core.shell:Creating environment descriptor '/home/bart/goliath_mobile/install/goliath_controller/share/goliath_controller/hook/ld_library_path_lib.dsv'
[64.540s] INFO:colcon.colcon_core.shell:Creating environment hook '/home/bart/goliath_mobile/install/goliath_controller/share/goliath_controller/hook/ld_library_path_lib.sh'
[64.541s] Level 1:colcon.colcon_core.environment:checking '/home/bart/goliath_mobile/install/goliath_controller/bin'
[64.542s] Level 1:colcon.colcon_core.environment:checking '/home/bart/goliath_mobile/install/goliath_controller/lib/pkgconfig/goliath_controller.pc'
[64.542s] Level 1:colcon.colcon_core.environment:checking '/home/bart/goliath_mobile/install/goliath_controller/lib/python3.10/site-packages'
[64.546s] Level 1:colcon.colcon_core.environment:checking '/home/bart/goliath_mobile/install/goliath_controller/bin'
[64.547s] INFO:colcon.colcon_core.shell:Creating package script '/home/bart/goliath_mobile/install/goliath_controller/share/goliath_controller/package.ps1'
[64.549s] INFO:colcon.colcon_core.shell:Creating package descriptor '/home/bart/goliath_mobile/install/goliath_controller/share/goliath_controller/package.dsv'
[64.553s] INFO:colcon.colcon_core.shell:Creating package script '/home/bart/goliath_mobile/install/goliath_controller/share/goliath_controller/package.sh'
[64.554s] INFO:colcon.colcon_core.shell:Creating package script '/home/bart/goliath_mobile/install/goliath_controller/share/goliath_controller/package.bash'
[64.558s] INFO:colcon.colcon_core.shell:Creating package script '/home/bart/goliath_mobile/install/goliath_controller/share/goliath_controller/package.zsh'
[64.562s] Level 1:colcon.colcon_core.environment:create_file_with_runtime_dependencies(/home/bart/goliath_mobile/install/goliath_controller/share/colcon-core/packages/goliath_controller)
[64.563s] Level 1:colcon.colcon_core.environment:create_environment_scripts_only(goliath_controller)
[64.567s] Level 1:colcon.colcon_core.environment:checking '/home/bart/goliath_mobile/install/goliath_controller' for CMake module files
[64.568s] Level 1:colcon.colcon_core.environment:checking '/home/bart/goliath_mobile/install/goliath_controller' for CMake config files
[64.569s] Level 1:colcon.colcon_core.shell:create_environment_hook('goliath_controller', 'cmake_prefix_path')
[64.573s] INFO:colcon.colcon_core.shell:Creating environment hook '/home/bart/goliath_mobile/install/goliath_controller/share/goliath_controller/hook/cmake_prefix_path.ps1'
[64.574s] INFO:colcon.colcon_core.shell:Creating environment descriptor '/home/bart/goliath_mobile/install/goliath_controller/share/goliath_controller/hook/cmake_prefix_path.dsv'
[64.575s] INFO:colcon.colcon_core.shell:Creating environment hook '/home/bart/goliath_mobile/install/goliath_controller/share/goliath_controller/hook/cmake_prefix_path.sh'
[64.579s] Level 1:colcon.colcon_core.environment:checking '/home/bart/goliath_mobile/install/goliath_controller/lib'
[64.580s] Level 1:colcon.colcon_core.shell:create_environment_hook('goliath_controller', 'ld_library_path_lib')
[64.580s] INFO:colcon.colcon_core.shell:Creating environment hook '/home/bart/goliath_mobile/install/goliath_controller/share/goliath_controller/hook/ld_library_path_lib.ps1'
[64.581s] INFO:colcon.colcon_core.shell:Creating environment descriptor '/home/bart/goliath_mobile/install/goliath_controller/share/goliath_controller/hook/ld_library_path_lib.dsv'
[64.586s] INFO:colcon.colcon_core.shell:Creating environment hook '/home/bart/goliath_mobile/install/goliath_controller/share/goliath_controller/hook/ld_library_path_lib.sh'
[64.587s] Level 1:colcon.colcon_core.environment:checking '/home/bart/goliath_mobile/install/goliath_controller/bin'
[64.587s] Level 1:colcon.colcon_core.environment:checking '/home/bart/goliath_mobile/install/goliath_controller/lib/pkgconfig/goliath_controller.pc'
[64.591s] Level 1:colcon.colcon_core.environment:checking '/home/bart/goliath_mobile/install/goliath_controller/lib/python3.10/site-packages'
[64.592s] Level 1:colcon.colcon_core.environment:checking '/home/bart/goliath_mobile/install/goliath_controller/bin'
[64.593s] INFO:colcon.colcon_core.shell:Creating package script '/home/bart/goliath_mobile/install/goliath_controller/share/goliath_controller/package.ps1'
[64.599s] INFO:colcon.colcon_core.shell:Creating package descriptor '/home/bart/goliath_mobile/install/goliath_controller/share/goliath_controller/package.dsv'
[64.603s] INFO:colcon.colcon_core.shell:Creating package script '/home/bart/goliath_mobile/install/goliath_controller/share/goliath_controller/package.sh'
[64.605s] INFO:colcon.colcon_core.shell:Creating package script '/home/bart/goliath_mobile/install/goliath_controller/share/goliath_controller/package.bash'
[64.609s] INFO:colcon.colcon_core.shell:Creating package script '/home/bart/goliath_mobile/install/goliath_controller/share/goliath_controller/package.zsh'
[64.611s] Level 1:colcon.colcon_core.environment:create_file_with_runtime_dependencies(/home/bart/goliath_mobile/install/goliath_controller/share/colcon-core/packages/goliath_controller)
[64.615s] INFO:colcon.colcon_ros.task.ament_cmake.build:Building ROS package in '/home/bart/goliath_mobile/src/golitath_mobile/goliath/goliath_commander_cpp' with build type 'ament_cmake'
[64.618s] INFO:colcon.colcon_cmake.task.cmake.build:Building CMake package in '/home/bart/goliath_mobile/src/golitath_mobile/goliath/goliath_commander_cpp'
[64.619s] INFO:colcon.colcon_core.shell:Skip shell extension 'powershell' for command environment: Not usable outside of PowerShell
[64.619s] DEBUG:colcon.colcon_core.shell:Skip shell extension 'dsv' for command environment
[64.695s] DEBUG:colcon.colcon_core.event_handler.log_command:Invoking command in '/home/bart/goliath_mobile/build/goliath_commander_cpp': CMAKE_PREFIX_PATH=/home/bart/goliath_mobile/install/goliath_interfaces:/home/bart/goliath_mobile/install/rplidar_ros:/home/bart/goliath_mobile/install/ros2_control_demos:/home/bart/goliath_mobile/install/moveit:/home/bart/goliath_mobile/install/gripper_controller:/home/bart/goliath_mobile/install/goliath_moveit_config:/home/bart/goliath_mobile/install/goliath_controller:/home/bart/goliath_mobile/install/ros2_control_demo_description:/home/bart/goliath_mobile/install/hoverboard_ros2_control:/home/bart/goliath_mobile/install/hoverboard_hardware_interface:/home/bart/goliath_mobile/install/hoverboard_demo_bringup:/home/bart/goliath_mobile/install/hoverboard_demo_description:/home/bart/goliath_mobile/install/goliath_commander_cpp:/home/bart/goliath_mobile/install/arm_move_joy:/home/bart/goliath_base/install/hoverboard_demo_bringup:/home/bart/goliath_base/install/hoverboard_demo_description:/home/bart/goliath_mobile/install/ros2_control_demo_testing:/home/bart/goliath_mobile/install/gripper_description:/opt/ros/humble LD_LIBRARY_PATH=/home/bart/goliath_mobile/install/goliath_interfaces/lib:/home/bart/goliath_mobile/install/gripper_controller/lib:/home/bart/goliath_mobile/install/goliath_controller/lib:/home/bart/goliath_mobile/install/hoverboard_hardware_interface/lib:/opt/ros/humble/opt/rviz_ogre_vendor/lib:/opt/ros/humble/lib/x86_64-linux-gnu:/opt/ros/humble/lib /usr/bin/cmake /home/bart/goliath_mobile/src/golitath_mobile/goliath/goliath_commander_cpp -DAMENT_CMAKE_SYMLINK_INSTALL=1 -DCMAKE_INSTALL_PREFIX=/home/bart/goliath_mobile/install/goliath_commander_cpp
[74.725s] DEBUG:colcon.colcon_core.event_handler.log_command:Invoked command in '/home/bart/goliath_mobile/build/goliath_commander_cpp' returned '0': CMAKE_PREFIX_PATH=/home/bart/goliath_mobile/install/goliath_interfaces:/home/bart/goliath_mobile/install/rplidar_ros:/home/bart/goliath_mobile/install/ros2_control_demos:/home/bart/goliath_mobile/install/moveit:/home/bart/goliath_mobile/install/gripper_controller:/home/bart/goliath_mobile/install/goliath_moveit_config:/home/bart/goliath_mobile/install/goliath_controller:/home/bart/goliath_mobile/install/ros2_control_demo_description:/home/bart/goliath_mobile/install/hoverboard_ros2_control:/home/bart/goliath_mobile/install/hoverboard_hardware_interface:/home/bart/goliath_mobile/install/hoverboard_demo_bringup:/home/bart/goliath_mobile/install/hoverboard_demo_description:/home/bart/goliath_mobile/install/goliath_commander_cpp:/home/bart/goliath_mobile/install/arm_move_joy:/home/bart/goliath_base/install/hoverboard_demo_bringup:/home/bart/goliath_base/install/hoverboard_demo_description:/home/bart/goliath_mobile/install/ros2_control_demo_testing:/home/bart/goliath_mobile/install/gripper_description:/opt/ros/humble LD_LIBRARY_PATH=/home/bart/goliath_mobile/install/goliath_interfaces/lib:/home/bart/goliath_mobile/install/gripper_controller/lib:/home/bart/goliath_mobile/install/goliath_controller/lib:/home/bart/goliath_mobile/install/hoverboard_hardware_interface/lib:/opt/ros/humble/opt/rviz_ogre_vendor/lib:/opt/ros/humble/lib/x86_64-linux-gnu:/opt/ros/humble/lib /usr/bin/cmake /home/bart/goliath_mobile/src/golitath_mobile/goliath/goliath_commander_cpp -DAMENT_CMAKE_SYMLINK_INSTALL=1 -DCMAKE_INSTALL_PREFIX=/home/bart/goliath_mobile/install/goliath_commander_cpp
[74.726s] DEBUG:colcon.colcon_core.event_handler.log_command:Invoking command in '/home/bart/goliath_mobile/build/goliath_commander_cpp': CMAKE_PREFIX_PATH=/home/bart/goliath_mobile/install/goliath_interfaces:/home/bart/goliath_mobile/install/rplidar_ros:/home/bart/goliath_mobile/install/ros2_control_demos:/home/bart/goliath_mobile/install/moveit:/home/bart/goliath_mobile/install/gripper_controller:/home/bart/goliath_mobile/install/goliath_moveit_config:/home/bart/goliath_mobile/install/goliath_controller:/home/bart/goliath_mobile/install/ros2_control_demo_description:/home/bart/goliath_mobile/install/hoverboard_ros2_control:/home/bart/goliath_mobile/install/hoverboard_hardware_interface:/home/bart/goliath_mobile/install/hoverboard_demo_bringup:/home/bart/goliath_mobile/install/hoverboard_demo_description:/home/bart/goliath_mobile/install/goliath_commander_cpp:/home/bart/goliath_mobile/install/arm_move_joy:/home/bart/goliath_base/install/hoverboard_demo_bringup:/home/bart/goliath_base/install/hoverboard_demo_description:/home/bart/goliath_mobile/install/ros2_control_demo_testing:/home/bart/goliath_mobile/install/gripper_description:/opt/ros/humble LD_LIBRARY_PATH=/home/bart/goliath_mobile/install/goliath_interfaces/lib:/home/bart/goliath_mobile/install/gripper_controller/lib:/home/bart/goliath_mobile/install/goliath_controller/lib:/home/bart/goliath_mobile/install/hoverboard_hardware_interface/lib:/opt/ros/humble/opt/rviz_ogre_vendor/lib:/opt/ros/humble/lib/x86_64-linux-gnu:/opt/ros/humble/lib /usr/bin/cmake --build /home/bart/goliath_mobile/build/goliath_commander_cpp -- -j4 -l4
[78.786s] DEBUG:colcon.colcon_core.event_handler.log_command:Invoked command in '/home/bart/goliath_mobile/build/hoverboard_hardware_interface' returned '0': CMAKE_PREFIX_PATH=${CMAKE_PREFIX_PATH}:/home/bart/goliath_mobile/install/ros2_control_demo_testing:/home/bart/goliath_mobile/install/gripper_description:/opt/ros/humble /usr/bin/cmake --build /home/bart/goliath_mobile/build/hoverboard_hardware_interface -- -j4 -l4
[78.791s] DEBUG:colcon.colcon_core.event_handler.log_command:Invoking command in '/home/bart/goliath_mobile/build/hoverboard_hardware_interface': CMAKE_PREFIX_PATH=${CMAKE_PREFIX_PATH}:/home/bart/goliath_mobile/install/ros2_control_demo_testing:/home/bart/goliath_mobile/install/gripper_description:/opt/ros/humble /usr/bin/cmake --install /home/bart/goliath_mobile/build/hoverboard_hardware_interface
[79.411s] Level 1:colcon.colcon_core.environment:create_environment_scripts_only(hoverboard_hardware_interface)
[79.412s] Level 1:colcon.colcon_core.environment:checking '/home/bart/goliath_mobile/install/hoverboard_hardware_interface' for CMake module files
[79.414s] Level 1:colcon.colcon_core.environment:checking '/home/bart/goliath_mobile/install/hoverboard_hardware_interface' for CMake config files
[79.415s] DEBUG:colcon.colcon_core.event_handler.log_command:Invoked command in '/home/bart/goliath_mobile/build/hoverboard_hardware_interface' returned '0': CMAKE_PREFIX_PATH=${CMAKE_PREFIX_PATH}:/home/bart/goliath_mobile/install/ros2_control_demo_testing:/home/bart/goliath_mobile/install/gripper_description:/opt/ros/humble /usr/bin/cmake --install /home/bart/goliath_mobile/build/hoverboard_hardware_interface
[79.416s] Level 1:colcon.colcon_core.shell:create_environment_hook('hoverboard_hardware_interface', 'cmake_prefix_path')
[79.417s] INFO:colcon.colcon_core.shell:Creating environment hook '/home/bart/goliath_mobile/install/hoverboard_hardware_interface/share/hoverboard_hardware_interface/hook/cmake_prefix_path.ps1'
[79.419s] INFO:colcon.colcon_core.shell:Creating environment descriptor '/home/bart/goliath_mobile/install/hoverboard_hardware_interface/share/hoverboard_hardware_interface/hook/cmake_prefix_path.dsv'
[79.420s] INFO:colcon.colcon_core.shell:Creating environment hook '/home/bart/goliath_mobile/install/hoverboard_hardware_interface/share/hoverboard_hardware_interface/hook/cmake_prefix_path.sh'
[79.422s] Level 1:colcon.colcon_core.environment:checking '/home/bart/goliath_mobile/install/hoverboard_hardware_interface/lib'
[79.423s] Level 1:colcon.colcon_core.shell:create_environment_hook('hoverboard_hardware_interface', 'ld_library_path_lib')
[79.423s] INFO:colcon.colcon_core.shell:Creating environment hook '/home/bart/goliath_mobile/install/hoverboard_hardware_interface/share/hoverboard_hardware_interface/hook/ld_library_path_lib.ps1'
[79.425s] INFO:colcon.colcon_core.shell:Creating environment descriptor '/home/bart/goliath_mobile/install/hoverboard_hardware_interface/share/hoverboard_hardware_interface/hook/ld_library_path_lib.dsv'
[79.427s] INFO:colcon.colcon_core.shell:Creating environment hook '/home/bart/goliath_mobile/install/hoverboard_hardware_interface/share/hoverboard_hardware_interface/hook/ld_library_path_lib.sh'
[79.429s] Level 1:colcon.colcon_core.environment:checking '/home/bart/goliath_mobile/install/hoverboard_hardware_interface/bin'
[79.429s] Level 1:colcon.colcon_core.environment:checking '/home/bart/goliath_mobile/install/hoverboard_hardware_interface/lib/pkgconfig/hoverboard_hardware_interface.pc'
[79.429s] Level 1:colcon.colcon_core.environment:checking '/home/bart/goliath_mobile/install/hoverboard_hardware_interface/lib/python3.10/site-packages'
[79.431s] Level 1:colcon.colcon_core.environment:checking '/home/bart/goliath_mobile/install/hoverboard_hardware_interface/bin'
[79.432s] INFO:colcon.colcon_core.shell:Creating package script '/home/bart/goliath_mobile/install/hoverboard_hardware_interface/share/hoverboard_hardware_interface/package.ps1'
[79.434s] INFO:colcon.colcon_core.shell:Creating package descriptor '/home/bart/goliath_mobile/install/hoverboard_hardware_interface/share/hoverboard_hardware_interface/package.dsv'
[79.436s] INFO:colcon.colcon_core.shell:Creating package script '/home/bart/goliath_mobile/install/hoverboard_hardware_interface/share/hoverboard_hardware_interface/package.sh'
[79.438s] INFO:colcon.colcon_core.shell:Creating package script '/home/bart/goliath_mobile/install/hoverboard_hardware_interface/share/hoverboard_hardware_interface/package.bash'
[79.439s] INFO:colcon.colcon_core.shell:Creating package script '/home/bart/goliath_mobile/install/hoverboard_hardware_interface/share/hoverboard_hardware_interface/package.zsh'
[79.441s] Level 1:colcon.colcon_core.environment:create_file_with_runtime_dependencies(/home/bart/goliath_mobile/install/hoverboard_hardware_interface/share/colcon-core/packages/hoverboard_hardware_interface)
[79.443s] Level 1:colcon.colcon_core.environment:create_environment_scripts_only(hoverboard_hardware_interface)
[79.444s] Level 1:colcon.colcon_core.environment:checking '/home/bart/goliath_mobile/install/hoverboard_hardware_interface' for CMake module files
[79.446s] Level 1:colcon.colcon_core.environment:checking '/home/bart/goliath_mobile/install/hoverboard_hardware_interface' for CMake config files
[79.447s] Level 1:colcon.colcon_core.shell:create_environment_hook('hoverboard_hardware_interface', 'cmake_prefix_path')
[79.448s] INFO:colcon.colcon_core.shell:Creating environment hook '/home/bart/goliath_mobile/install/hoverboard_hardware_interface/share/hoverboard_hardware_interface/hook/cmake_prefix_path.ps1'
[79.449s] INFO:colcon.colcon_core.shell:Creating environment descriptor '/home/bart/goliath_mobile/install/hoverboard_hardware_interface/share/hoverboard_hardware_interface/hook/cmake_prefix_path.dsv'
[79.450s] INFO:colcon.colcon_core.shell:Creating environment hook '/home/bart/goliath_mobile/install/hoverboard_hardware_interface/share/hoverboard_hardware_interface/hook/cmake_prefix_path.sh'
[79.452s] Level 1:colcon.colcon_core.environment:checking '/home/bart/goliath_mobile/install/hoverboard_hardware_interface/lib'
[79.453s] Level 1:colcon.colcon_core.shell:create_environment_hook('hoverboard_hardware_interface', 'ld_library_path_lib')
[79.454s] INFO:colcon.colcon_core.shell:Creating environment hook '/home/bart/goliath_mobile/install/hoverboard_hardware_interface/share/hoverboard_hardware_interface/hook/ld_library_path_lib.ps1'
[79.456s] INFO:colcon.colcon_core.shell:Creating environment descriptor '/home/bart/goliath_mobile/install/hoverboard_hardware_interface/share/hoverboard_hardware_interface/hook/ld_library_path_lib.dsv'
[79.457s] INFO:colcon.colcon_core.shell:Creating environment hook '/home/bart/goliath_mobile/install/hoverboard_hardware_interface/share/hoverboard_hardware_interface/hook/ld_library_path_lib.sh'
[79.459s] Level 1:colcon.colcon_core.environment:checking '/home/bart/goliath_mobile/install/hoverboard_hardware_interface/bin'
[79.459s] Level 1:colcon.colcon_core.environment:checking '/home/bart/goliath_mobile/install/hoverboard_hardware_interface/lib/pkgconfig/hoverboard_hardware_interface.pc'
[79.460s] Level 1:colcon.colcon_core.environment:checking '/home/bart/goliath_mobile/install/hoverboard_hardware_interface/lib/python3.10/site-packages'
[79.461s] Level 1:colcon.colcon_core.environment:checking '/home/bart/goliath_mobile/install/hoverboard_hardware_interface/bin'
[79.462s] INFO:colcon.colcon_core.shell:Creating package script '/home/bart/goliath_mobile/install/hoverboard_hardware_interface/share/hoverboard_hardware_interface/package.ps1'
[79.465s] INFO:colcon.colcon_core.shell:Creating package descriptor '/home/bart/goliath_mobile/install/hoverboard_hardware_interface/share/hoverboard_hardware_interface/package.dsv'
[79.467s] INFO:colcon.colcon_core.shell:Creating package script '/home/bart/goliath_mobile/install/hoverboard_hardware_interface/share/hoverboard_hardware_interface/package.sh'
[79.468s] INFO:colcon.colcon_core.shell:Creating package script '/home/bart/goliath_mobile/install/hoverboard_hardware_interface/share/hoverboard_hardware_interface/package.bash'
[79.470s] INFO:colcon.colcon_core.shell:Creating package script '/home/bart/goliath_mobile/install/hoverboard_hardware_interface/share/hoverboard_hardware_interface/package.zsh'
[79.471s] Level 1:colcon.colcon_core.environment:create_file_with_runtime_dependencies(/home/bart/goliath_mobile/install/hoverboard_hardware_interface/share/colcon-core/packages/hoverboard_hardware_interface)
[79.474s] INFO:colcon.colcon_ros.task.ament_cmake.build:Building ROS package in '/home/bart/goliath_mobile/src/goliath_gripper/gripper_controller' with build type 'ament_cmake'
[79.474s] INFO:colcon.colcon_cmake.task.cmake.build:Building CMake package in '/home/bart/goliath_mobile/src/goliath_gripper/gripper_controller'
[79.476s] INFO:colcon.colcon_core.shell:Skip shell extension 'powershell' for command environment: Not usable outside of PowerShell
[79.477s] DEBUG:colcon.colcon_core.shell:Skip shell extension 'dsv' for command environment
[79.549s] DEBUG:colcon.colcon_core.event_handler.log_command:Invoking command in '/home/bart/goliath_mobile/build/gripper_controller': AMENT_PREFIX_PATH=/home/bart/goliath_mobile/install/ros2_control_demo_testing:/home/bart/goliath_mobile/install/rplidar_ros:/home/bart/goliath_mobile/install/ros2_control_demos:/home/bart/goliath_mobile/install/moveit:/home/bart/goliath_mobile/install/gripper_controller:/home/bart/goliath_mobile/install/goliath_moveit_config:/home/bart/goliath_mobile/install/goliath_controller:/home/bart/goliath_mobile/install/ros2_control_demo_description:/home/bart/goliath_mobile/install/hoverboard_ros2_control:/home/bart/goliath_mobile/install/hoverboard_hardware_interface:/home/bart/goliath_mobile/install/hoverboard_demo_bringup:/home/bart/goliath_mobile/install/hoverboard_demo_description:/home/bart/goliath_mobile/install/gripper_description:/home/bart/goliath_mobile/install/goliath_commander_cpp:/home/bart/goliath_mobile/install/goliath_interfaces:/home/bart/goliath_mobile/install/arm_move_joy:/home/bart/goliath_base/install/hoverboard_demo_bringup:/home/bart/goliath_base/install/hoverboard_demo_description:/opt/ros/humble CMAKE_PREFIX_PATH=/home/bart/goliath_mobile/install/ros2_control_demo_description:/home/bart/goliath_mobile/install/rplidar_ros:/home/bart/goliath_mobile/install/ros2_control_demos:/home/bart/goliath_mobile/install/moveit:/home/bart/goliath_mobile/install/gripper_controller:/home/bart/goliath_mobile/install/goliath_moveit_config:/home/bart/goliath_mobile/install/goliath_controller:/home/bart/goliath_mobile/install/hoverboard_ros2_control:/home/bart/goliath_mobile/install/hoverboard_hardware_interface:/home/bart/goliath_mobile/install/hoverboard_demo_bringup:/home/bart/goliath_mobile/install/hoverboard_demo_description:/home/bart/goliath_mobile/install/goliath_commander_cpp:/home/bart/goliath_mobile/install/goliath_interfaces:/home/bart/goliath_mobile/install/arm_move_joy:/home/bart/goliath_base/install/hoverboard_demo_bringup:/home/bart/goliath_base/install/hoverboard_demo_description:/home/bart/goliath_mobile/install/ros2_control_demo_testing:/home/bart/goliath_mobile/install/gripper_description:/opt/ros/humble /usr/bin/cmake /home/bart/goliath_mobile/src/goliath_gripper/gripper_controller -DAMENT_CMAKE_SYMLINK_INSTALL=1 -DCMAKE_INSTALL_PREFIX=/home/bart/goliath_mobile/install/gripper_controller
[80.060s] DEBUG:colcon.colcon_core.event_handler.log_command:Invoked command in '/home/bart/goliath_mobile/build/rplidar_ros' returned '0': CMAKE_PREFIX_PATH=${CMAKE_PREFIX_PATH}:/home/bart/goliath_mobile/install/ros2_control_demo_testing:/home/bart/goliath_mobile/install/gripper_description:/opt/ros/humble /usr/bin/cmake --build /home/bart/goliath_mobile/build/rplidar_ros -- -j4 -l4
[80.066s] DEBUG:colcon.colcon_core.event_handler.log_command:Invoking command in '/home/bart/goliath_mobile/build/rplidar_ros': CMAKE_PREFIX_PATH=${CMAKE_PREFIX_PATH}:/home/bart/goliath_mobile/install/ros2_control_demo_testing:/home/bart/goliath_mobile/install/gripper_description:/opt/ros/humble /usr/bin/cmake --install /home/bart/goliath_mobile/build/rplidar_ros
[81.050s] Level 1:colcon.colcon_core.environment:create_environment_scripts_only(rplidar_ros)
[81.051s] DEBUG:colcon.colcon_core.event_handler.log_command:Invoked command in '/home/bart/goliath_mobile/build/rplidar_ros' returned '0': CMAKE_PREFIX_PATH=${CMAKE_PREFIX_PATH}:/home/bart/goliath_mobile/install/ros2_control_demo_testing:/home/bart/goliath_mobile/install/gripper_description:/opt/ros/humble /usr/bin/cmake --install /home/bart/goliath_mobile/build/rplidar_ros
[81.052s] Level 1:colcon.colcon_core.environment:checking '/home/bart/goliath_mobile/install/rplidar_ros' for CMake module files
[81.054s] Level 1:colcon.colcon_core.environment:checking '/home/bart/goliath_mobile/install/rplidar_ros' for CMake config files
[81.055s] Level 1:colcon.colcon_core.shell:create_environment_hook('rplidar_ros', 'cmake_prefix_path')
[81.056s] INFO:colcon.colcon_core.shell:Creating environment hook '/home/bart/goliath_mobile/install/rplidar_ros/share/rplidar_ros/hook/cmake_prefix_path.ps1'
[81.057s] INFO:colcon.colcon_core.shell:Creating environment descriptor '/home/bart/goliath_mobile/install/rplidar_ros/share/rplidar_ros/hook/cmake_prefix_path.dsv'
[81.058s] INFO:colcon.colcon_core.shell:Creating environment hook '/home/bart/goliath_mobile/install/rplidar_ros/share/rplidar_ros/hook/cmake_prefix_path.sh'
[81.060s] Level 1:colcon.colcon_core.environment:checking '/home/bart/goliath_mobile/install/rplidar_ros/lib'
[81.060s] Level 1:colcon.colcon_core.environment:checking '/home/bart/goliath_mobile/install/rplidar_ros/bin'
[81.060s] Level 1:colcon.colcon_core.environment:checking '/home/bart/goliath_mobile/install/rplidar_ros/lib/pkgconfig/rplidar_ros.pc'
[81.061s] Level 1:colcon.colcon_core.environment:checking '/home/bart/goliath_mobile/install/rplidar_ros/lib/python3.10/site-packages'
[81.062s] Level 1:colcon.colcon_core.environment:checking '/home/bart/goliath_mobile/install/rplidar_ros/bin'
[81.063s] INFO:colcon.colcon_core.shell:Creating package script '/home/bart/goliath_mobile/install/rplidar_ros/share/rplidar_ros/package.ps1'
[81.065s] INFO:colcon.colcon_core.shell:Creating package descriptor '/home/bart/goliath_mobile/install/rplidar_ros/share/rplidar_ros/package.dsv'
[81.066s] INFO:colcon.colcon_core.shell:Creating package script '/home/bart/goliath_mobile/install/rplidar_ros/share/rplidar_ros/package.sh'
[81.067s] INFO:colcon.colcon_core.shell:Creating package script '/home/bart/goliath_mobile/install/rplidar_ros/share/rplidar_ros/package.bash'
[81.068s] INFO:colcon.colcon_core.shell:Creating package script '/home/bart/goliath_mobile/install/rplidar_ros/share/rplidar_ros/package.zsh'
[81.069s] Level 1:colcon.colcon_core.environment:create_file_with_runtime_dependencies(/home/bart/goliath_mobile/install/rplidar_ros/share/colcon-core/packages/rplidar_ros)
[81.071s] Level 1:colcon.colcon_core.environment:create_environment_scripts_only(rplidar_ros)
[81.072s] Level 1:colcon.colcon_core.environment:checking '/home/bart/goliath_mobile/install/rplidar_ros' for CMake module files
[81.073s] Level 1:colcon.colcon_core.environment:checking '/home/bart/goliath_mobile/install/rplidar_ros' for CMake config files
[81.074s] Level 1:colcon.colcon_core.shell:create_environment_hook('rplidar_ros', 'cmake_prefix_path')
[81.075s] INFO:colcon.colcon_core.shell:Creating environment hook '/home/bart/goliath_mobile/install/rplidar_ros/share/rplidar_ros/hook/cmake_prefix_path.ps1'
[81.076s] INFO:colcon.colcon_core.shell:Creating environment descriptor '/home/bart/goliath_mobile/install/rplidar_ros/share/rplidar_ros/hook/cmake_prefix_path.dsv'
[81.077s] INFO:colcon.colcon_core.shell:Creating environment hook '/home/bart/goliath_mobile/install/rplidar_ros/share/rplidar_ros/hook/cmake_prefix_path.sh'
[81.079s] Level 1:colcon.colcon_core.environment:checking '/home/bart/goliath_mobile/install/rplidar_ros/lib'
[81.079s] Level 1:colcon.colcon_core.environment:checking '/home/bart/goliath_mobile/install/rplidar_ros/bin'
[81.080s] Level 1:colcon.colcon_core.environment:checking '/home/bart/goliath_mobile/install/rplidar_ros/lib/pkgconfig/rplidar_ros.pc'
[81.080s] Level 1:colcon.colcon_core.environment:checking '/home/bart/goliath_mobile/install/rplidar_ros/lib/python3.10/site-packages'
[81.081s] Level 1:colcon.colcon_core.environment:checking '/home/bart/goliath_mobile/install/rplidar_ros/bin'
[81.082s] INFO:colcon.colcon_core.shell:Creating package script '/home/bart/goliath_mobile/install/rplidar_ros/share/rplidar_ros/package.ps1'
[81.084s] INFO:colcon.colcon_core.shell:Creating package descriptor '/home/bart/goliath_mobile/install/rplidar_ros/share/rplidar_ros/package.dsv'
[81.086s] INFO:colcon.colcon_core.shell:Creating package script '/home/bart/goliath_mobile/install/rplidar_ros/share/rplidar_ros/package.sh'
[81.087s] INFO:colcon.colcon_core.shell:Creating package script '/home/bart/goliath_mobile/install/rplidar_ros/share/rplidar_ros/package.bash'
[81.089s] INFO:colcon.colcon_core.shell:Creating package script '/home/bart/goliath_mobile/install/rplidar_ros/share/rplidar_ros/package.zsh'
[81.090s] Level 1:colcon.colcon_core.environment:create_file_with_runtime_dependencies(/home/bart/goliath_mobile/install/rplidar_ros/share/colcon-core/packages/rplidar_ros)
[81.092s] INFO:colcon.colcon_ros.task.ament_cmake.build:Building ROS package in '/home/bart/goliath_mobile/src/golitath_mobile/hoverboard_ros2_control/hoverboard_demo_bringup' with build type 'ament_cmake'
[81.092s] INFO:colcon.colcon_cmake.task.cmake.build:Building CMake package in '/home/bart/goliath_mobile/src/golitath_mobile/hoverboard_ros2_control/hoverboard_demo_bringup'
[81.093s] INFO:colcon.colcon_core.shell:Skip shell extension 'powershell' for command environment: Not usable outside of PowerShell
[81.093s] DEBUG:colcon.colcon_core.shell:Skip shell extension 'dsv' for command environment
[81.141s] DEBUG:colcon.colcon_core.event_handler.log_command:Invoking command in '/home/bart/goliath_mobile/build/hoverboard_demo_bringup': CMAKE_PREFIX_PATH=/home/bart/goliath_mobile/install/hoverboard_demo_description:/home/bart/goliath_mobile/install/rplidar_ros:/home/bart/goliath_mobile/install/ros2_control_demos:/home/bart/goliath_mobile/install/moveit:/home/bart/goliath_mobile/install/gripper_controller:/home/bart/goliath_mobile/install/goliath_moveit_config:/home/bart/goliath_mobile/install/goliath_controller:/home/bart/goliath_mobile/install/ros2_control_demo_description:/home/bart/goliath_mobile/install/hoverboard_ros2_control:/home/bart/goliath_mobile/install/hoverboard_hardware_interface:/home/bart/goliath_mobile/install/hoverboard_demo_bringup:/home/bart/goliath_mobile/install/goliath_commander_cpp:/home/bart/goliath_mobile/install/goliath_interfaces:/home/bart/goliath_mobile/install/arm_move_joy:/home/bart/goliath_base/install/hoverboard_demo_bringup:/home/bart/goliath_base/install/hoverboard_demo_description:/home/bart/goliath_mobile/install/ros2_control_demo_testing:/home/bart/goliath_mobile/install/gripper_description:/opt/ros/humble /usr/bin/cmake /home/bart/goliath_mobile/src/golitath_mobile/hoverboard_ros2_control/hoverboard_demo_bringup -DAMENT_CMAKE_SYMLINK_INSTALL=1 -DCMAKE_INSTALL_PREFIX=/home/bart/goliath_mobile/install/hoverboard_demo_bringup
[82.941s] DEBUG:colcon.colcon_core.event_handler.log_command:Invoked command in '/home/bart/goliath_mobile/build/hoverboard_demo_bringup' returned '0': CMAKE_PREFIX_PATH=/home/bart/goliath_mobile/install/hoverboard_demo_description:/home/bart/goliath_mobile/install/rplidar_ros:/home/bart/goliath_mobile/install/ros2_control_demos:/home/bart/goliath_mobile/install/moveit:/home/bart/goliath_mobile/install/gripper_controller:/home/bart/goliath_mobile/install/goliath_moveit_config:/home/bart/goliath_mobile/install/goliath_controller:/home/bart/goliath_mobile/install/ros2_control_demo_description:/home/bart/goliath_mobile/install/hoverboard_ros2_control:/home/bart/goliath_mobile/install/hoverboard_hardware_interface:/home/bart/goliath_mobile/install/hoverboard_demo_bringup:/home/bart/goliath_mobile/install/goliath_commander_cpp:/home/bart/goliath_mobile/install/goliath_interfaces:/home/bart/goliath_mobile/install/arm_move_joy:/home/bart/goliath_base/install/hoverboard_demo_bringup:/home/bart/goliath_base/install/hoverboard_demo_description:/home/bart/goliath_mobile/install/ros2_control_demo_testing:/home/bart/goliath_mobile/install/gripper_description:/opt/ros/humble /usr/bin/cmake /home/bart/goliath_mobile/src/golitath_mobile/hoverboard_ros2_control/hoverboard_demo_bringup -DAMENT_CMAKE_SYMLINK_INSTALL=1 -DCMAKE_INSTALL_PREFIX=/home/bart/goliath_mobile/install/hoverboard_demo_bringup
[82.946s] DEBUG:colcon.colcon_core.event_handler.log_command:Invoking command in '/home/bart/goliath_mobile/build/hoverboard_demo_bringup': CMAKE_PREFIX_PATH=/home/bart/goliath_mobile/install/hoverboard_demo_description:/home/bart/goliath_mobile/install/rplidar_ros:/home/bart/goliath_mobile/install/ros2_control_demos:/home/bart/goliath_mobile/install/moveit:/home/bart/goliath_mobile/install/gripper_controller:/home/bart/goliath_mobile/install/goliath_moveit_config:/home/bart/goliath_mobile/install/goliath_controller:/home/bart/goliath_mobile/install/ros2_control_demo_description:/home/bart/goliath_mobile/install/hoverboard_ros2_control:/home/bart/goliath_mobile/install/hoverboard_hardware_interface:/home/bart/goliath_mobile/install/hoverboard_demo_bringup:/home/bart/goliath_mobile/install/goliath_commander_cpp:/home/bart/goliath_mobile/install/goliath_interfaces:/home/bart/goliath_mobile/install/arm_move_joy:/home/bart/goliath_base/install/hoverboard_demo_bringup:/home/bart/goliath_base/install/hoverboard_demo_description:/home/bart/goliath_mobile/install/ros2_control_demo_testing:/home/bart/goliath_mobile/install/gripper_description:/opt/ros/humble /usr/bin/cmake --build /home/bart/goliath_mobile/build/hoverboard_demo_bringup -- -j4 -l4
[83.032s] DEBUG:colcon.colcon_core.event_handler.log_command:Invoked command in '/home/bart/goliath_mobile/build/hoverboard_demo_bringup' returned '0': CMAKE_PREFIX_PATH=/home/bart/goliath_mobile/install/hoverboard_demo_description:/home/bart/goliath_mobile/install/rplidar_ros:/home/bart/goliath_mobile/install/ros2_control_demos:/home/bart/goliath_mobile/install/moveit:/home/bart/goliath_mobile/install/gripper_controller:/home/bart/goliath_mobile/install/goliath_moveit_config:/home/bart/goliath_mobile/install/goliath_controller:/home/bart/goliath_mobile/install/ros2_control_demo_description:/home/bart/goliath_mobile/install/hoverboard_ros2_control:/home/bart/goliath_mobile/install/hoverboard_hardware_interface:/home/bart/goliath_mobile/install/hoverboard_demo_bringup:/home/bart/goliath_mobile/install/goliath_commander_cpp:/home/bart/goliath_mobile/install/goliath_interfaces:/home/bart/goliath_mobile/install/arm_move_joy:/home/bart/goliath_base/install/hoverboard_demo_bringup:/home/bart/goliath_base/install/hoverboard_demo_description:/home/bart/goliath_mobile/install/ros2_control_demo_testing:/home/bart/goliath_mobile/install/gripper_description:/opt/ros/humble /usr/bin/cmake --build /home/bart/goliath_mobile/build/hoverboard_demo_bringup -- -j4 -l4
[83.033s] DEBUG:colcon.colcon_core.event_handler.log_command:Invoking command in '/home/bart/goliath_mobile/build/hoverboard_demo_bringup': CMAKE_PREFIX_PATH=/home/bart/goliath_mobile/install/hoverboard_demo_description:/home/bart/goliath_mobile/install/rplidar_ros:/home/bart/goliath_mobile/install/ros2_control_demos:/home/bart/goliath_mobile/install/moveit:/home/bart/goliath_mobile/install/gripper_controller:/home/bart/goliath_mobile/install/goliath_moveit_config:/home/bart/goliath_mobile/install/goliath_controller:/home/bart/goliath_mobile/install/ros2_control_demo_description:/home/bart/goliath_mobile/install/hoverboard_ros2_control:/home/bart/goliath_mobile/install/hoverboard_hardware_interface:/home/bart/goliath_mobile/install/hoverboard_demo_bringup:/home/bart/goliath_mobile/install/goliath_commander_cpp:/home/bart/goliath_mobile/install/goliath_interfaces:/home/bart/goliath_mobile/install/arm_move_joy:/home/bart/goliath_base/install/hoverboard_demo_bringup:/home/bart/goliath_base/install/hoverboard_demo_description:/home/bart/goliath_mobile/install/ros2_control_demo_testing:/home/bart/goliath_mobile/install/gripper_description:/opt/ros/humble /usr/bin/cmake --install /home/bart/goliath_mobile/build/hoverboard_demo_bringup
[83.456s] Level 1:colcon.colcon_core.environment:create_environment_scripts_only(hoverboard_demo_bringup)
[83.458s] Level 1:colcon.colcon_core.environment:checking '/home/bart/goliath_mobile/install/hoverboard_demo_bringup' for CMake module files
[83.457s] DEBUG:colcon.colcon_core.event_handler.log_command:Invoked command in '/home/bart/goliath_mobile/build/hoverboard_demo_bringup' returned '0': CMAKE_PREFIX_PATH=/home/bart/goliath_mobile/install/hoverboard_demo_description:/home/bart/goliath_mobile/install/rplidar_ros:/home/bart/goliath_mobile/install/ros2_control_demos:/home/bart/goliath_mobile/install/moveit:/home/bart/goliath_mobile/install/gripper_controller:/home/bart/goliath_mobile/install/goliath_moveit_config:/home/bart/goliath_mobile/install/goliath_controller:/home/bart/goliath_mobile/install/ros2_control_demo_description:/home/bart/goliath_mobile/install/hoverboard_ros2_control:/home/bart/goliath_mobile/install/hoverboard_hardware_interface:/home/bart/goliath_mobile/install/hoverboard_demo_bringup:/home/bart/goliath_mobile/install/goliath_commander_cpp:/home/bart/goliath_mobile/install/goliath_interfaces:/home/bart/goliath_mobile/install/arm_move_joy:/home/bart/goliath_base/install/hoverboard_demo_bringup:/home/bart/goliath_base/install/hoverboard_demo_description:/home/bart/goliath_mobile/install/ros2_control_demo_testing:/home/bart/goliath_mobile/install/gripper_description:/opt/ros/humble /usr/bin/cmake --install /home/bart/goliath_mobile/build/hoverboard_demo_bringup
[83.460s] Level 1:colcon.colcon_core.environment:checking '/home/bart/goliath_mobile/install/hoverboard_demo_bringup' for CMake config files
[83.460s] Level 1:colcon.colcon_core.shell:create_environment_hook('hoverboard_demo_bringup', 'cmake_prefix_path')
[83.461s] INFO:colcon.colcon_core.shell:Creating environment hook '/home/bart/goliath_mobile/install/hoverboard_demo_bringup/share/hoverboard_demo_bringup/hook/cmake_prefix_path.ps1'
[83.462s] INFO:colcon.colcon_core.shell:Creating environment descriptor '/home/bart/goliath_mobile/install/hoverboard_demo_bringup/share/hoverboard_demo_bringup/hook/cmake_prefix_path.dsv'
[83.463s] INFO:colcon.colcon_core.shell:Creating environment hook '/home/bart/goliath_mobile/install/hoverboard_demo_bringup/share/hoverboard_demo_bringup/hook/cmake_prefix_path.sh'
[83.465s] Level 1:colcon.colcon_core.environment:checking '/home/bart/goliath_mobile/install/hoverboard_demo_bringup/bin'
[83.465s] Level 1:colcon.colcon_core.environment:checking '/home/bart/goliath_mobile/install/hoverboard_demo_bringup/lib/pkgconfig/hoverboard_demo_bringup.pc'
[83.466s] Level 1:colcon.colcon_core.environment:checking '/home/bart/goliath_mobile/install/hoverboard_demo_bringup/lib/python3.10/site-packages'
[83.467s] Level 1:colcon.colcon_core.environment:checking '/home/bart/goliath_mobile/install/hoverboard_demo_bringup/bin'
[83.468s] INFO:colcon.colcon_core.shell:Creating package script '/home/bart/goliath_mobile/install/hoverboard_demo_bringup/share/hoverboard_demo_bringup/package.ps1'
[83.470s] INFO:colcon.colcon_core.shell:Creating package descriptor '/home/bart/goliath_mobile/install/hoverboard_demo_bringup/share/hoverboard_demo_bringup/package.dsv'
[83.471s] INFO:colcon.colcon_core.shell:Creating package script '/home/bart/goliath_mobile/install/hoverboard_demo_bringup/share/hoverboard_demo_bringup/package.sh'
[83.472s] INFO:colcon.colcon_core.shell:Creating package script '/home/bart/goliath_mobile/install/hoverboard_demo_bringup/share/hoverboard_demo_bringup/package.bash'
[83.473s] INFO:colcon.colcon_core.shell:Creating package script '/home/bart/goliath_mobile/install/hoverboard_demo_bringup/share/hoverboard_demo_bringup/package.zsh'
[83.474s] Level 1:colcon.colcon_core.environment:create_file_with_runtime_dependencies(/home/bart/goliath_mobile/install/hoverboard_demo_bringup/share/colcon-core/packages/hoverboard_demo_bringup)
[83.476s] Level 1:colcon.colcon_core.environment:create_environment_scripts_only(hoverboard_demo_bringup)
[83.477s] Level 1:colcon.colcon_core.environment:checking '/home/bart/goliath_mobile/install/hoverboard_demo_bringup' for CMake module files
[83.478s] Level 1:colcon.colcon_core.environment:checking '/home/bart/goliath_mobile/install/hoverboard_demo_bringup' for CMake config files
[83.479s] Level 1:colcon.colcon_core.shell:create_environment_hook('hoverboard_demo_bringup', 'cmake_prefix_path')
[83.480s] INFO:colcon.colcon_core.shell:Creating environment hook '/home/bart/goliath_mobile/install/hoverboard_demo_bringup/share/hoverboard_demo_bringup/hook/cmake_prefix_path.ps1'
[83.481s] INFO:colcon.colcon_core.shell:Creating environment descriptor '/home/bart/goliath_mobile/install/hoverboard_demo_bringup/share/hoverboard_demo_bringup/hook/cmake_prefix_path.dsv'
[83.482s] INFO:colcon.colcon_core.shell:Creating environment hook '/home/bart/goliath_mobile/install/hoverboard_demo_bringup/share/hoverboard_demo_bringup/hook/cmake_prefix_path.sh'
[83.484s] Level 1:colcon.colcon_core.environment:checking '/home/bart/goliath_mobile/install/hoverboard_demo_bringup/bin'
[83.484s] Level 1:colcon.colcon_core.environment:checking '/home/bart/goliath_mobile/install/hoverboard_demo_bringup/lib/pkgconfig/hoverboard_demo_bringup.pc'
[83.485s] Level 1:colcon.colcon_core.environment:checking '/home/bart/goliath_mobile/install/hoverboard_demo_bringup/lib/python3.10/site-packages'
[83.486s] Level 1:colcon.colcon_core.environment:checking '/home/bart/goliath_mobile/install/hoverboard_demo_bringup/bin'
[83.487s] INFO:colcon.colcon_core.shell:Creating package script '/home/bart/goliath_mobile/install/hoverboard_demo_bringup/share/hoverboard_demo_bringup/package.ps1'
[83.490s] INFO:colcon.colcon_core.shell:Creating package descriptor '/home/bart/goliath_mobile/install/hoverboard_demo_bringup/share/hoverboard_demo_bringup/package.dsv'
[83.491s] INFO:colcon.colcon_core.shell:Creating package script '/home/bart/goliath_mobile/install/hoverboard_demo_bringup/share/hoverboard_demo_bringup/package.sh'
[83.494s] INFO:colcon.colcon_core.shell:Creating package script '/home/bart/goliath_mobile/install/hoverboard_demo_bringup/share/hoverboard_demo_bringup/package.bash'
[83.495s] INFO:colcon.colcon_core.shell:Creating package script '/home/bart/goliath_mobile/install/hoverboard_demo_bringup/share/hoverboard_demo_bringup/package.zsh'
[83.496s] Level 1:colcon.colcon_core.environment:create_file_with_runtime_dependencies(/home/bart/goliath_mobile/install/hoverboard_demo_bringup/share/colcon-core/packages/hoverboard_demo_bringup)
[83.498s] INFO:colcon.colcon_ros.task.ament_cmake.build:Building ROS package in '/home/bart/goliath_mobile/src/goliath_moveit_config' with build type 'ament_cmake'
[83.499s] INFO:colcon.colcon_cmake.task.cmake.build:Building CMake package in '/home/bart/goliath_mobile/src/goliath_moveit_config'
[83.500s] INFO:colcon.colcon_core.shell:Skip shell extension 'powershell' for command environment: Not usable outside of PowerShell
[83.500s] DEBUG:colcon.colcon_core.shell:Skip shell extension 'dsv' for command environment
[83.537s] DEBUG:colcon.colcon_core.event_handler.log_command:Invoking command in '/home/bart/goliath_mobile/build/goliath_moveit_config': AMENT_PREFIX_PATH=/home/bart/goliath_mobile/install/ros2_control_demo_testing:/home/bart/goliath_mobile/install/rplidar_ros:/home/bart/goliath_mobile/install/ros2_control_demos:/home/bart/goliath_mobile/install/moveit:/home/bart/goliath_mobile/install/gripper_controller:/home/bart/goliath_mobile/install/goliath_moveit_config:/home/bart/goliath_mobile/install/goliath_controller:/home/bart/goliath_mobile/install/ros2_control_demo_description:/home/bart/goliath_mobile/install/hoverboard_ros2_control:/home/bart/goliath_mobile/install/hoverboard_hardware_interface:/home/bart/goliath_mobile/install/hoverboard_demo_bringup:/home/bart/goliath_mobile/install/hoverboard_demo_description:/home/bart/goliath_mobile/install/gripper_description:/home/bart/goliath_mobile/install/goliath_commander_cpp:/home/bart/goliath_mobile/install/goliath_interfaces:/home/bart/goliath_mobile/install/arm_move_joy:/home/bart/goliath_base/install/hoverboard_demo_bringup:/home/bart/goliath_base/install/hoverboard_demo_description:/opt/ros/humble CMAKE_PREFIX_PATH=/home/bart/goliath_mobile/install/goliath_controller:/home/bart/goliath_mobile/install/ros2_control_demo_description:/home/bart/goliath_mobile/install/rplidar_ros:/home/bart/goliath_mobile/install/ros2_control_demos:/home/bart/goliath_mobile/install/moveit:/home/bart/goliath_mobile/install/gripper_controller:/home/bart/goliath_mobile/install/goliath_moveit_config:/home/bart/goliath_mobile/install/hoverboard_ros2_control:/home/bart/goliath_mobile/install/hoverboard_hardware_interface:/home/bart/goliath_mobile/install/hoverboard_demo_bringup:/home/bart/goliath_mobile/install/hoverboard_demo_description:/home/bart/goliath_mobile/install/goliath_commander_cpp:/home/bart/goliath_mobile/install/goliath_interfaces:/home/bart/goliath_mobile/install/arm_move_joy:/home/bart/goliath_base/install/hoverboard_demo_bringup:/home/bart/goliath_base/install/hoverboard_demo_description:/home/bart/goliath_mobile/install/ros2_control_demo_testing:/home/bart/goliath_mobile/install/gripper_description:/opt/ros/humble LD_LIBRARY_PATH=/home/bart/goliath_mobile/install/goliath_controller/lib:/home/bart/goliath_mobile/install/gripper_controller/lib:/home/bart/goliath_mobile/install/hoverboard_hardware_interface/lib:/home/bart/goliath_mobile/install/goliath_interfaces/lib:/opt/ros/humble/opt/rviz_ogre_vendor/lib:/opt/ros/humble/lib/x86_64-linux-gnu:/opt/ros/humble/lib /usr/bin/cmake /home/bart/goliath_mobile/src/goliath_moveit_config -DAMENT_CMAKE_SYMLINK_INSTALL=1 -DCMAKE_INSTALL_PREFIX=/home/bart/goliath_mobile/install/goliath_moveit_config
[85.152s] DEBUG:colcon.colcon_core.event_handler.log_command:Invoked command in '/home/bart/goliath_mobile/build/goliath_moveit_config' returned '0': AMENT_PREFIX_PATH=/home/bart/goliath_mobile/install/ros2_control_demo_testing:/home/bart/goliath_mobile/install/rplidar_ros:/home/bart/goliath_mobile/install/ros2_control_demos:/home/bart/goliath_mobile/install/moveit:/home/bart/goliath_mobile/install/gripper_controller:/home/bart/goliath_mobile/install/goliath_moveit_config:/home/bart/goliath_mobile/install/goliath_controller:/home/bart/goliath_mobile/install/ros2_control_demo_description:/home/bart/goliath_mobile/install/hoverboard_ros2_control:/home/bart/goliath_mobile/install/hoverboard_hardware_interface:/home/bart/goliath_mobile/install/hoverboard_demo_bringup:/home/bart/goliath_mobile/install/hoverboard_demo_description:/home/bart/goliath_mobile/install/gripper_description:/home/bart/goliath_mobile/install/goliath_commander_cpp:/home/bart/goliath_mobile/install/goliath_interfaces:/home/bart/goliath_mobile/install/arm_move_joy:/home/bart/goliath_base/install/hoverboard_demo_bringup:/home/bart/goliath_base/install/hoverboard_demo_description:/opt/ros/humble CMAKE_PREFIX_PATH=/home/bart/goliath_mobile/install/goliath_controller:/home/bart/goliath_mobile/install/ros2_control_demo_description:/home/bart/goliath_mobile/install/rplidar_ros:/home/bart/goliath_mobile/install/ros2_control_demos:/home/bart/goliath_mobile/install/moveit:/home/bart/goliath_mobile/install/gripper_controller:/home/bart/goliath_mobile/install/goliath_moveit_config:/home/bart/goliath_mobile/install/hoverboard_ros2_control:/home/bart/goliath_mobile/install/hoverboard_hardware_interface:/home/bart/goliath_mobile/install/hoverboard_demo_bringup:/home/bart/goliath_mobile/install/hoverboard_demo_description:/home/bart/goliath_mobile/install/goliath_commander_cpp:/home/bart/goliath_mobile/install/goliath_interfaces:/home/bart/goliath_mobile/install/arm_move_joy:/home/bart/goliath_base/install/hoverboard_demo_bringup:/home/bart/goliath_base/install/hoverboard_demo_description:/home/bart/goliath_mobile/install/ros2_control_demo_testing:/home/bart/goliath_mobile/install/gripper_description:/opt/ros/humble LD_LIBRARY_PATH=/home/bart/goliath_mobile/install/goliath_controller/lib:/home/bart/goliath_mobile/install/gripper_controller/lib:/home/bart/goliath_mobile/install/hoverboard_hardware_interface/lib:/home/bart/goliath_mobile/install/goliath_interfaces/lib:/opt/ros/humble/opt/rviz_ogre_vendor/lib:/opt/ros/humble/lib/x86_64-linux-gnu:/opt/ros/humble/lib /usr/bin/cmake /home/bart/goliath_mobile/src/goliath_moveit_config -DAMENT_CMAKE_SYMLINK_INSTALL=1 -DCMAKE_INSTALL_PREFIX=/home/bart/goliath_mobile/install/goliath_moveit_config
[85.153s] DEBUG:colcon.colcon_core.event_handler.log_command:Invoking command in '/home/bart/goliath_mobile/build/goliath_moveit_config': AMENT_PREFIX_PATH=/home/bart/goliath_mobile/install/ros2_control_demo_testing:/home/bart/goliath_mobile/install/rplidar_ros:/home/bart/goliath_mobile/install/ros2_control_demos:/home/bart/goliath_mobile/install/moveit:/home/bart/goliath_mobile/install/gripper_controller:/home/bart/goliath_mobile/install/goliath_moveit_config:/home/bart/goliath_mobile/install/goliath_controller:/home/bart/goliath_mobile/install/ros2_control_demo_description:/home/bart/goliath_mobile/install/hoverboard_ros2_control:/home/bart/goliath_mobile/install/hoverboard_hardware_interface:/home/bart/goliath_mobile/install/hoverboard_demo_bringup:/home/bart/goliath_mobile/install/hoverboard_demo_description:/home/bart/goliath_mobile/install/gripper_description:/home/bart/goliath_mobile/install/goliath_commander_cpp:/home/bart/goliath_mobile/install/goliath_interfaces:/home/bart/goliath_mobile/install/arm_move_joy:/home/bart/goliath_base/install/hoverboard_demo_bringup:/home/bart/goliath_base/install/hoverboard_demo_description:/opt/ros/humble CMAKE_PREFIX_PATH=/home/bart/goliath_mobile/install/goliath_controller:/home/bart/goliath_mobile/install/ros2_control_demo_description:/home/bart/goliath_mobile/install/rplidar_ros:/home/bart/goliath_mobile/install/ros2_control_demos:/home/bart/goliath_mobile/install/moveit:/home/bart/goliath_mobile/install/gripper_controller:/home/bart/goliath_mobile/install/goliath_moveit_config:/home/bart/goliath_mobile/install/hoverboard_ros2_control:/home/bart/goliath_mobile/install/hoverboard_hardware_interface:/home/bart/goliath_mobile/install/hoverboard_demo_bringup:/home/bart/goliath_mobile/install/hoverboard_demo_description:/home/bart/goliath_mobile/install/goliath_commander_cpp:/home/bart/goliath_mobile/install/goliath_interfaces:/home/bart/goliath_mobile/install/arm_move_joy:/home/bart/goliath_base/install/hoverboard_demo_bringup:/home/bart/goliath_base/install/hoverboard_demo_description:/home/bart/goliath_mobile/install/ros2_control_demo_testing:/home/bart/goliath_mobile/install/gripper_description:/opt/ros/humble LD_LIBRARY_PATH=/home/bart/goliath_mobile/install/goliath_controller/lib:/home/bart/goliath_mobile/install/gripper_controller/lib:/home/bart/goliath_mobile/install/hoverboard_hardware_interface/lib:/home/bart/goliath_mobile/install/goliath_interfaces/lib:/opt/ros/humble/opt/rviz_ogre_vendor/lib:/opt/ros/humble/lib/x86_64-linux-gnu:/opt/ros/humble/lib /usr/bin/cmake --build /home/bart/goliath_mobile/build/goliath_moveit_config -- -j4 -l4
[85.246s] DEBUG:colcon.colcon_core.event_handler.log_command:Invoked command in '/home/bart/goliath_mobile/build/goliath_moveit_config' returned '0': AMENT_PREFIX_PATH=/home/bart/goliath_mobile/install/ros2_control_demo_testing:/home/bart/goliath_mobile/install/rplidar_ros:/home/bart/goliath_mobile/install/ros2_control_demos:/home/bart/goliath_mobile/install/moveit:/home/bart/goliath_mobile/install/gripper_controller:/home/bart/goliath_mobile/install/goliath_moveit_config:/home/bart/goliath_mobile/install/goliath_controller:/home/bart/goliath_mobile/install/ros2_control_demo_description:/home/bart/goliath_mobile/install/hoverboard_ros2_control:/home/bart/goliath_mobile/install/hoverboard_hardware_interface:/home/bart/goliath_mobile/install/hoverboard_demo_bringup:/home/bart/goliath_mobile/install/hoverboard_demo_description:/home/bart/goliath_mobile/install/gripper_description:/home/bart/goliath_mobile/install/goliath_commander_cpp:/home/bart/goliath_mobile/install/goliath_interfaces:/home/bart/goliath_mobile/install/arm_move_joy:/home/bart/goliath_base/install/hoverboard_demo_bringup:/home/bart/goliath_base/install/hoverboard_demo_description:/opt/ros/humble CMAKE_PREFIX_PATH=/home/bart/goliath_mobile/install/goliath_controller:/home/bart/goliath_mobile/install/ros2_control_demo_description:/home/bart/goliath_mobile/install/rplidar_ros:/home/bart/goliath_mobile/install/ros2_control_demos:/home/bart/goliath_mobile/install/moveit:/home/bart/goliath_mobile/install/gripper_controller:/home/bart/goliath_mobile/install/goliath_moveit_config:/home/bart/goliath_mobile/install/hoverboard_ros2_control:/home/bart/goliath_mobile/install/hoverboard_hardware_interface:/home/bart/goliath_mobile/install/hoverboard_demo_bringup:/home/bart/goliath_mobile/install/hoverboard_demo_description:/home/bart/goliath_mobile/install/goliath_commander_cpp:/home/bart/goliath_mobile/install/goliath_interfaces:/home/bart/goliath_mobile/install/arm_move_joy:/home/bart/goliath_base/install/hoverboard_demo_bringup:/home/bart/goliath_base/install/hoverboard_demo_description:/home/bart/goliath_mobile/install/ros2_control_demo_testing:/home/bart/goliath_mobile/install/gripper_description:/opt/ros/humble LD_LIBRARY_PATH=/home/bart/goliath_mobile/install/goliath_controller/lib:/home/bart/goliath_mobile/install/gripper_controller/lib:/home/bart/goliath_mobile/install/hoverboard_hardware_interface/lib:/home/bart/goliath_mobile/install/goliath_interfaces/lib:/opt/ros/humble/opt/rviz_ogre_vendor/lib:/opt/ros/humble/lib/x86_64-linux-gnu:/opt/ros/humble/lib /usr/bin/cmake --build /home/bart/goliath_mobile/build/goliath_moveit_config -- -j4 -l4
[85.247s] DEBUG:colcon.colcon_core.event_handler.log_command:Invoking command in '/home/bart/goliath_mobile/build/goliath_moveit_config': AMENT_PREFIX_PATH=/home/bart/goliath_mobile/install/ros2_control_demo_testing:/home/bart/goliath_mobile/install/rplidar_ros:/home/bart/goliath_mobile/install/ros2_control_demos:/home/bart/goliath_mobile/install/moveit:/home/bart/goliath_mobile/install/gripper_controller:/home/bart/goliath_mobile/install/goliath_moveit_config:/home/bart/goliath_mobile/install/goliath_controller:/home/bart/goliath_mobile/install/ros2_control_demo_description:/home/bart/goliath_mobile/install/hoverboard_ros2_control:/home/bart/goliath_mobile/install/hoverboard_hardware_interface:/home/bart/goliath_mobile/install/hoverboard_demo_bringup:/home/bart/goliath_mobile/install/hoverboard_demo_description:/home/bart/goliath_mobile/install/gripper_description:/home/bart/goliath_mobile/install/goliath_commander_cpp:/home/bart/goliath_mobile/install/goliath_interfaces:/home/bart/goliath_mobile/install/arm_move_joy:/home/bart/goliath_base/install/hoverboard_demo_bringup:/home/bart/goliath_base/install/hoverboard_demo_description:/opt/ros/humble CMAKE_PREFIX_PATH=/home/bart/goliath_mobile/install/goliath_controller:/home/bart/goliath_mobile/install/ros2_control_demo_description:/home/bart/goliath_mobile/install/rplidar_ros:/home/bart/goliath_mobile/install/ros2_control_demos:/home/bart/goliath_mobile/install/moveit:/home/bart/goliath_mobile/install/gripper_controller:/home/bart/goliath_mobile/install/goliath_moveit_config:/home/bart/goliath_mobile/install/hoverboard_ros2_control:/home/bart/goliath_mobile/install/hoverboard_hardware_interface:/home/bart/goliath_mobile/install/hoverboard_demo_bringup:/home/bart/goliath_mobile/install/hoverboard_demo_description:/home/bart/goliath_mobile/install/goliath_commander_cpp:/home/bart/goliath_mobile/install/goliath_interfaces:/home/bart/goliath_mobile/install/arm_move_joy:/home/bart/goliath_base/install/hoverboard_demo_bringup:/home/bart/goliath_base/install/hoverboard_demo_description:/home/bart/goliath_mobile/install/ros2_control_demo_testing:/home/bart/goliath_mobile/install/gripper_description:/opt/ros/humble LD_LIBRARY_PATH=/home/bart/goliath_mobile/install/goliath_controller/lib:/home/bart/goliath_mobile/install/gripper_controller/lib:/home/bart/goliath_mobile/install/hoverboard_hardware_interface/lib:/home/bart/goliath_mobile/install/goliath_interfaces/lib:/opt/ros/humble/opt/rviz_ogre_vendor/lib:/opt/ros/humble/lib/x86_64-linux-gnu:/opt/ros/humble/lib /usr/bin/cmake --install /home/bart/goliath_mobile/build/goliath_moveit_config
[86.030s] Level 1:colcon.colcon_core.environment:create_environment_scripts_only(goliath_moveit_config)
[86.032s] Level 1:colcon.colcon_core.environment:checking '/home/bart/goliath_mobile/install/goliath_moveit_config' for CMake module files
[86.031s] DEBUG:colcon.colcon_core.event_handler.log_command:Invoked command in '/home/bart/goliath_mobile/build/goliath_moveit_config' returned '0': AMENT_PREFIX_PATH=/home/bart/goliath_mobile/install/ros2_control_demo_testing:/home/bart/goliath_mobile/install/rplidar_ros:/home/bart/goliath_mobile/install/ros2_control_demos:/home/bart/goliath_mobile/install/moveit:/home/bart/goliath_mobile/install/gripper_controller:/home/bart/goliath_mobile/install/goliath_moveit_config:/home/bart/goliath_mobile/install/goliath_controller:/home/bart/goliath_mobile/install/ros2_control_demo_description:/home/bart/goliath_mobile/install/hoverboard_ros2_control:/home/bart/goliath_mobile/install/hoverboard_hardware_interface:/home/bart/goliath_mobile/install/hoverboard_demo_bringup:/home/bart/goliath_mobile/install/hoverboard_demo_description:/home/bart/goliath_mobile/install/gripper_description:/home/bart/goliath_mobile/install/goliath_commander_cpp:/home/bart/goliath_mobile/install/goliath_interfaces:/home/bart/goliath_mobile/install/arm_move_joy:/home/bart/goliath_base/install/hoverboard_demo_bringup:/home/bart/goliath_base/install/hoverboard_demo_description:/opt/ros/humble CMAKE_PREFIX_PATH=/home/bart/goliath_mobile/install/goliath_controller:/home/bart/goliath_mobile/install/ros2_control_demo_description:/home/bart/goliath_mobile/install/rplidar_ros:/home/bart/goliath_mobile/install/ros2_control_demos:/home/bart/goliath_mobile/install/moveit:/home/bart/goliath_mobile/install/gripper_controller:/home/bart/goliath_mobile/install/goliath_moveit_config:/home/bart/goliath_mobile/install/hoverboard_ros2_control:/home/bart/goliath_mobile/install/hoverboard_hardware_interface:/home/bart/goliath_mobile/install/hoverboard_demo_bringup:/home/bart/goliath_mobile/install/hoverboard_demo_description:/home/bart/goliath_mobile/install/goliath_commander_cpp:/home/bart/goliath_mobile/install/goliath_interfaces:/home/bart/goliath_mobile/install/arm_move_joy:/home/bart/goliath_base/install/hoverboard_demo_bringup:/home/bart/goliath_base/install/hoverboard_demo_description:/home/bart/goliath_mobile/install/ros2_control_demo_testing:/home/bart/goliath_mobile/install/gripper_description:/opt/ros/humble LD_LIBRARY_PATH=/home/bart/goliath_mobile/install/goliath_controller/lib:/home/bart/goliath_mobile/install/gripper_controller/lib:/home/bart/goliath_mobile/install/hoverboard_hardware_interface/lib:/home/bart/goliath_mobile/install/goliath_interfaces/lib:/opt/ros/humble/opt/rviz_ogre_vendor/lib:/opt/ros/humble/lib/x86_64-linux-gnu:/opt/ros/humble/lib /usr/bin/cmake --install /home/bart/goliath_mobile/build/goliath_moveit_config
[86.033s] Level 1:colcon.colcon_core.environment:checking '/home/bart/goliath_mobile/install/goliath_moveit_config' for CMake config files
[86.034s] Level 1:colcon.colcon_core.shell:create_environment_hook('goliath_moveit_config', 'cmake_prefix_path')
[86.035s] INFO:colcon.colcon_core.shell:Creating environment hook '/home/bart/goliath_mobile/install/goliath_moveit_config/share/goliath_moveit_config/hook/cmake_prefix_path.ps1'
[86.036s] INFO:colcon.colcon_core.shell:Creating environment descriptor '/home/bart/goliath_mobile/install/goliath_moveit_config/share/goliath_moveit_config/hook/cmake_prefix_path.dsv'
[86.037s] INFO:colcon.colcon_core.shell:Creating environment hook '/home/bart/goliath_mobile/install/goliath_moveit_config/share/goliath_moveit_config/hook/cmake_prefix_path.sh'
[86.038s] Level 1:colcon.colcon_core.environment:checking '/home/bart/goliath_mobile/install/goliath_moveit_config/bin'
[86.038s] Level 1:colcon.colcon_core.environment:checking '/home/bart/goliath_mobile/install/goliath_moveit_config/lib/pkgconfig/goliath_moveit_config.pc'
[86.039s] Level 1:colcon.colcon_core.environment:checking '/home/bart/goliath_mobile/install/goliath_moveit_config/lib/python3.10/site-packages'
[86.040s] Level 1:colcon.colcon_core.environment:checking '/home/bart/goliath_mobile/install/goliath_moveit_config/bin'
[86.041s] INFO:colcon.colcon_core.shell:Creating package script '/home/bart/goliath_mobile/install/goliath_moveit_config/share/goliath_moveit_config/package.ps1'
[86.042s] INFO:colcon.colcon_core.shell:Creating package descriptor '/home/bart/goliath_mobile/install/goliath_moveit_config/share/goliath_moveit_config/package.dsv'
[86.043s] INFO:colcon.colcon_core.shell:Creating package script '/home/bart/goliath_mobile/install/goliath_moveit_config/share/goliath_moveit_config/package.sh'
[86.045s] INFO:colcon.colcon_core.shell:Creating package script '/home/bart/goliath_mobile/install/goliath_moveit_config/share/goliath_moveit_config/package.bash'
[86.046s] INFO:colcon.colcon_core.shell:Creating package script '/home/bart/goliath_mobile/install/goliath_moveit_config/share/goliath_moveit_config/package.zsh'
[86.047s] Level 1:colcon.colcon_core.environment:create_file_with_runtime_dependencies(/home/bart/goliath_mobile/install/goliath_moveit_config/share/colcon-core/packages/goliath_moveit_config)
[86.048s] Level 1:colcon.colcon_core.environment:create_environment_scripts_only(goliath_moveit_config)
[86.049s] Level 1:colcon.colcon_core.environment:checking '/home/bart/goliath_mobile/install/goliath_moveit_config' for CMake module files
[86.050s] Level 1:colcon.colcon_core.environment:checking '/home/bart/goliath_mobile/install/goliath_moveit_config' for CMake config files
[86.051s] Level 1:colcon.colcon_core.shell:create_environment_hook('goliath_moveit_config', 'cmake_prefix_path')
[86.052s] INFO:colcon.colcon_core.shell:Creating environment hook '/home/bart/goliath_mobile/install/goliath_moveit_config/share/goliath_moveit_config/hook/cmake_prefix_path.ps1'
[86.053s] INFO:colcon.colcon_core.shell:Creating environment descriptor '/home/bart/goliath_mobile/install/goliath_moveit_config/share/goliath_moveit_config/hook/cmake_prefix_path.dsv'
[86.053s] INFO:colcon.colcon_core.shell:Creating environment hook '/home/bart/goliath_mobile/install/goliath_moveit_config/share/goliath_moveit_config/hook/cmake_prefix_path.sh'
[86.055s] Level 1:colcon.colcon_core.environment:checking '/home/bart/goliath_mobile/install/goliath_moveit_config/bin'
[86.055s] Level 1:colcon.colcon_core.environment:checking '/home/bart/goliath_mobile/install/goliath_moveit_config/lib/pkgconfig/goliath_moveit_config.pc'
[86.056s] Level 1:colcon.colcon_core.environment:checking '/home/bart/goliath_mobile/install/goliath_moveit_config/lib/python3.10/site-packages'
[86.057s] Level 1:colcon.colcon_core.environment:checking '/home/bart/goliath_mobile/install/goliath_moveit_config/bin'
[86.058s] INFO:colcon.colcon_core.shell:Creating package script '/home/bart/goliath_mobile/install/goliath_moveit_config/share/goliath_moveit_config/package.ps1'
[86.060s] INFO:colcon.colcon_core.shell:Creating package descriptor '/home/bart/goliath_mobile/install/goliath_moveit_config/share/goliath_moveit_config/package.dsv'
[86.061s] INFO:colcon.colcon_core.shell:Creating package script '/home/bart/goliath_mobile/install/goliath_moveit_config/share/goliath_moveit_config/package.sh'
[86.062s] INFO:colcon.colcon_core.shell:Creating package script '/home/bart/goliath_mobile/install/goliath_moveit_config/share/goliath_moveit_config/package.bash'
[86.063s] INFO:colcon.colcon_core.shell:Creating package script '/home/bart/goliath_mobile/install/goliath_moveit_config/share/goliath_moveit_config/package.zsh'
[86.064s] Level 1:colcon.colcon_core.environment:create_file_with_runtime_dependencies(/home/bart/goliath_mobile/install/goliath_moveit_config/share/colcon-core/packages/goliath_moveit_config)
[86.066s] INFO:colcon.colcon_ros.task.ament_cmake.build:Building ROS package in '/home/bart/goliath_mobile/src/golitath_mobile/moveit' with build type 'ament_cmake'
[86.067s] INFO:colcon.colcon_cmake.task.cmake.build:Building CMake package in '/home/bart/goliath_mobile/src/golitath_mobile/moveit'
[86.067s] INFO:colcon.colcon_core.shell:Skip shell extension 'powershell' for command environment: Not usable outside of PowerShell
[86.067s] DEBUG:colcon.colcon_core.shell:Skip shell extension 'dsv' for command environment
[86.086s] DEBUG:colcon.colcon_core.event_handler.log_command:Invoked command in '/home/bart/goliath_mobile/build/gripper_controller' returned '0': AMENT_PREFIX_PATH=/home/bart/goliath_mobile/install/ros2_control_demo_testing:/home/bart/goliath_mobile/install/rplidar_ros:/home/bart/goliath_mobile/install/ros2_control_demos:/home/bart/goliath_mobile/install/moveit:/home/bart/goliath_mobile/install/gripper_controller:/home/bart/goliath_mobile/install/goliath_moveit_config:/home/bart/goliath_mobile/install/goliath_controller:/home/bart/goliath_mobile/install/ros2_control_demo_description:/home/bart/goliath_mobile/install/hoverboard_ros2_control:/home/bart/goliath_mobile/install/hoverboard_hardware_interface:/home/bart/goliath_mobile/install/hoverboard_demo_bringup:/home/bart/goliath_mobile/install/hoverboard_demo_description:/home/bart/goliath_mobile/install/gripper_description:/home/bart/goliath_mobile/install/goliath_commander_cpp:/home/bart/goliath_mobile/install/goliath_interfaces:/home/bart/goliath_mobile/install/arm_move_joy:/home/bart/goliath_base/install/hoverboard_demo_bringup:/home/bart/goliath_base/install/hoverboard_demo_description:/opt/ros/humble CMAKE_PREFIX_PATH=/home/bart/goliath_mobile/install/ros2_control_demo_description:/home/bart/goliath_mobile/install/rplidar_ros:/home/bart/goliath_mobile/install/ros2_control_demos:/home/bart/goliath_mobile/install/moveit:/home/bart/goliath_mobile/install/gripper_controller:/home/bart/goliath_mobile/install/goliath_moveit_config:/home/bart/goliath_mobile/install/goliath_controller:/home/bart/goliath_mobile/install/hoverboard_ros2_control:/home/bart/goliath_mobile/install/hoverboard_hardware_interface:/home/bart/goliath_mobile/install/hoverboard_demo_bringup:/home/bart/goliath_mobile/install/hoverboard_demo_description:/home/bart/goliath_mobile/install/goliath_commander_cpp:/home/bart/goliath_mobile/install/goliath_interfaces:/home/bart/goliath_mobile/install/arm_move_joy:/home/bart/goliath_base/install/hoverboard_demo_bringup:/home/bart/goliath_base/install/hoverboard_demo_description:/home/bart/goliath_mobile/install/ros2_control_demo_testing:/home/bart/goliath_mobile/install/gripper_description:/opt/ros/humble /usr/bin/cmake /home/bart/goliath_mobile/src/goliath_gripper/gripper_controller -DAMENT_CMAKE_SYMLINK_INSTALL=1 -DCMAKE_INSTALL_PREFIX=/home/bart/goliath_mobile/install/gripper_controller
[86.090s] DEBUG:colcon.colcon_core.event_handler.log_command:Invoking command in '/home/bart/goliath_mobile/build/gripper_controller': AMENT_PREFIX_PATH=/home/bart/goliath_mobile/install/ros2_control_demo_testing:/home/bart/goliath_mobile/install/rplidar_ros:/home/bart/goliath_mobile/install/ros2_control_demos:/home/bart/goliath_mobile/install/moveit:/home/bart/goliath_mobile/install/gripper_controller:/home/bart/goliath_mobile/install/goliath_moveit_config:/home/bart/goliath_mobile/install/goliath_controller:/home/bart/goliath_mobile/install/ros2_control_demo_description:/home/bart/goliath_mobile/install/hoverboard_ros2_control:/home/bart/goliath_mobile/install/hoverboard_hardware_interface:/home/bart/goliath_mobile/install/hoverboard_demo_bringup:/home/bart/goliath_mobile/install/hoverboard_demo_description:/home/bart/goliath_mobile/install/gripper_description:/home/bart/goliath_mobile/install/goliath_commander_cpp:/home/bart/goliath_mobile/install/goliath_interfaces:/home/bart/goliath_mobile/install/arm_move_joy:/home/bart/goliath_base/install/hoverboard_demo_bringup:/home/bart/goliath_base/install/hoverboard_demo_description:/opt/ros/humble CMAKE_PREFIX_PATH=/home/bart/goliath_mobile/install/ros2_control_demo_description:/home/bart/goliath_mobile/install/rplidar_ros:/home/bart/goliath_mobile/install/ros2_control_demos:/home/bart/goliath_mobile/install/moveit:/home/bart/goliath_mobile/install/gripper_controller:/home/bart/goliath_mobile/install/goliath_moveit_config:/home/bart/goliath_mobile/install/goliath_controller:/home/bart/goliath_mobile/install/hoverboard_ros2_control:/home/bart/goliath_mobile/install/hoverboard_hardware_interface:/home/bart/goliath_mobile/install/hoverboard_demo_bringup:/home/bart/goliath_mobile/install/hoverboard_demo_description:/home/bart/goliath_mobile/install/goliath_commander_cpp:/home/bart/goliath_mobile/install/goliath_interfaces:/home/bart/goliath_mobile/install/arm_move_joy:/home/bart/goliath_base/install/hoverboard_demo_bringup:/home/bart/goliath_base/install/hoverboard_demo_description:/home/bart/goliath_mobile/install/ros2_control_demo_testing:/home/bart/goliath_mobile/install/gripper_description:/opt/ros/humble /usr/bin/cmake --build /home/bart/goliath_mobile/build/gripper_controller -- -j4 -l4
[86.112s] DEBUG:colcon.colcon_core.event_handler.log_command:Invoking command in '/home/bart/goliath_mobile/build/moveit': AMENT_PREFIX_PATH=/home/bart/goliath_mobile/install/ros2_control_demo_testing:/home/bart/goliath_mobile/install/rplidar_ros:/home/bart/goliath_mobile/install/ros2_control_demos:/home/bart/goliath_mobile/install/moveit:/home/bart/goliath_mobile/install/gripper_controller:/home/bart/goliath_mobile/install/goliath_moveit_config:/home/bart/goliath_mobile/install/goliath_controller:/home/bart/goliath_mobile/install/ros2_control_demo_description:/home/bart/goliath_mobile/install/hoverboard_ros2_control:/home/bart/goliath_mobile/install/hoverboard_hardware_interface:/home/bart/goliath_mobile/install/hoverboard_demo_bringup:/home/bart/goliath_mobile/install/hoverboard_demo_description:/home/bart/goliath_mobile/install/gripper_description:/home/bart/goliath_mobile/install/goliath_commander_cpp:/home/bart/goliath_mobile/install/goliath_interfaces:/home/bart/goliath_mobile/install/arm_move_joy:/home/bart/goliath_base/install/hoverboard_demo_bringup:/home/bart/goliath_base/install/hoverboard_demo_description:/opt/ros/humble CMAKE_PREFIX_PATH=/home/bart/goliath_mobile/install/goliath_controller:/home/bart/goliath_mobile/install/ros2_control_demo_description:/home/bart/goliath_mobile/install/rplidar_ros:/home/bart/goliath_mobile/install/ros2_control_demos:/home/bart/goliath_mobile/install/moveit:/home/bart/goliath_mobile/install/gripper_controller:/home/bart/goliath_mobile/install/goliath_moveit_config:/home/bart/goliath_mobile/install/hoverboard_ros2_control:/home/bart/goliath_mobile/install/hoverboard_hardware_interface:/home/bart/goliath_mobile/install/hoverboard_demo_bringup:/home/bart/goliath_mobile/install/hoverboard_demo_description:/home/bart/goliath_mobile/install/goliath_commander_cpp:/home/bart/goliath_mobile/install/goliath_interfaces:/home/bart/goliath_mobile/install/arm_move_joy:/home/bart/goliath_base/install/hoverboard_demo_bringup:/home/bart/goliath_base/install/hoverboard_demo_description:/home/bart/goliath_mobile/install/ros2_control_demo_testing:/home/bart/goliath_mobile/install/gripper_description:/opt/ros/humble LD_LIBRARY_PATH=/home/bart/goliath_mobile/install/goliath_controller/lib:/home/bart/goliath_mobile/install/gripper_controller/lib:/home/bart/goliath_mobile/install/hoverboard_hardware_interface/lib:/home/bart/goliath_mobile/install/goliath_interfaces/lib:/opt/ros/humble/opt/rviz_ogre_vendor/lib:/opt/ros/humble/lib/x86_64-linux-gnu:/opt/ros/humble/lib /usr/bin/cmake /home/bart/goliath_mobile/src/golitath_mobile/moveit -DAMENT_CMAKE_SYMLINK_INSTALL=1 -DCMAKE_INSTALL_PREFIX=/home/bart/goliath_mobile/install/moveit
[87.675s] DEBUG:colcon.colcon_core.event_handler.log_command:Invoked command in '/home/bart/goliath_mobile/build/moveit' returned '0': AMENT_PREFIX_PATH=/home/bart/goliath_mobile/install/ros2_control_demo_testing:/home/bart/goliath_mobile/install/rplidar_ros:/home/bart/goliath_mobile/install/ros2_control_demos:/home/bart/goliath_mobile/install/moveit:/home/bart/goliath_mobile/install/gripper_controller:/home/bart/goliath_mobile/install/goliath_moveit_config:/home/bart/goliath_mobile/install/goliath_controller:/home/bart/goliath_mobile/install/ros2_control_demo_description:/home/bart/goliath_mobile/install/hoverboard_ros2_control:/home/bart/goliath_mobile/install/hoverboard_hardware_interface:/home/bart/goliath_mobile/install/hoverboard_demo_bringup:/home/bart/goliath_mobile/install/hoverboard_demo_description:/home/bart/goliath_mobile/install/gripper_description:/home/bart/goliath_mobile/install/goliath_commander_cpp:/home/bart/goliath_mobile/install/goliath_interfaces:/home/bart/goliath_mobile/install/arm_move_joy:/home/bart/goliath_base/install/hoverboard_demo_bringup:/home/bart/goliath_base/install/hoverboard_demo_description:/opt/ros/humble CMAKE_PREFIX_PATH=/home/bart/goliath_mobile/install/goliath_controller:/home/bart/goliath_mobile/install/ros2_control_demo_description:/home/bart/goliath_mobile/install/rplidar_ros:/home/bart/goliath_mobile/install/ros2_control_demos:/home/bart/goliath_mobile/install/moveit:/home/bart/goliath_mobile/install/gripper_controller:/home/bart/goliath_mobile/install/goliath_moveit_config:/home/bart/goliath_mobile/install/hoverboard_ros2_control:/home/bart/goliath_mobile/install/hoverboard_hardware_interface:/home/bart/goliath_mobile/install/hoverboard_demo_bringup:/home/bart/goliath_mobile/install/hoverboard_demo_description:/home/bart/goliath_mobile/install/goliath_commander_cpp:/home/bart/goliath_mobile/install/goliath_interfaces:/home/bart/goliath_mobile/install/arm_move_joy:/home/bart/goliath_base/install/hoverboard_demo_bringup:/home/bart/goliath_base/install/hoverboard_demo_description:/home/bart/goliath_mobile/install/ros2_control_demo_testing:/home/bart/goliath_mobile/install/gripper_description:/opt/ros/humble LD_LIBRARY_PATH=/home/bart/goliath_mobile/install/goliath_controller/lib:/home/bart/goliath_mobile/install/gripper_controller/lib:/home/bart/goliath_mobile/install/hoverboard_hardware_interface/lib:/home/bart/goliath_mobile/install/goliath_interfaces/lib:/opt/ros/humble/opt/rviz_ogre_vendor/lib:/opt/ros/humble/lib/x86_64-linux-gnu:/opt/ros/humble/lib /usr/bin/cmake /home/bart/goliath_mobile/src/golitath_mobile/moveit -DAMENT_CMAKE_SYMLINK_INSTALL=1 -DCMAKE_INSTALL_PREFIX=/home/bart/goliath_mobile/install/moveit
[87.680s] DEBUG:colcon.colcon_core.event_handler.log_command:Invoking command in '/home/bart/goliath_mobile/build/moveit': AMENT_PREFIX_PATH=/home/bart/goliath_mobile/install/ros2_control_demo_testing:/home/bart/goliath_mobile/install/rplidar_ros:/home/bart/goliath_mobile/install/ros2_control_demos:/home/bart/goliath_mobile/install/moveit:/home/bart/goliath_mobile/install/gripper_controller:/home/bart/goliath_mobile/install/goliath_moveit_config:/home/bart/goliath_mobile/install/goliath_controller:/home/bart/goliath_mobile/install/ros2_control_demo_description:/home/bart/goliath_mobile/install/hoverboard_ros2_control:/home/bart/goliath_mobile/install/hoverboard_hardware_interface:/home/bart/goliath_mobile/install/hoverboard_demo_bringup:/home/bart/goliath_mobile/install/hoverboard_demo_description:/home/bart/goliath_mobile/install/gripper_description:/home/bart/goliath_mobile/install/goliath_commander_cpp:/home/bart/goliath_mobile/install/goliath_interfaces:/home/bart/goliath_mobile/install/arm_move_joy:/home/bart/goliath_base/install/hoverboard_demo_bringup:/home/bart/goliath_base/install/hoverboard_demo_description:/opt/ros/humble CMAKE_PREFIX_PATH=/home/bart/goliath_mobile/install/goliath_controller:/home/bart/goliath_mobile/install/ros2_control_demo_description:/home/bart/goliath_mobile/install/rplidar_ros:/home/bart/goliath_mobile/install/ros2_control_demos:/home/bart/goliath_mobile/install/moveit:/home/bart/goliath_mobile/install/gripper_controller:/home/bart/goliath_mobile/install/goliath_moveit_config:/home/bart/goliath_mobile/install/hoverboard_ros2_control:/home/bart/goliath_mobile/install/hoverboard_hardware_interface:/home/bart/goliath_mobile/install/hoverboard_demo_bringup:/home/bart/goliath_mobile/install/hoverboard_demo_description:/home/bart/goliath_mobile/install/goliath_commander_cpp:/home/bart/goliath_mobile/install/goliath_interfaces:/home/bart/goliath_mobile/install/arm_move_joy:/home/bart/goliath_base/install/hoverboard_demo_bringup:/home/bart/goliath_base/install/hoverboard_demo_description:/home/bart/goliath_mobile/install/ros2_control_demo_testing:/home/bart/goliath_mobile/install/gripper_description:/opt/ros/humble LD_LIBRARY_PATH=/home/bart/goliath_mobile/install/goliath_controller/lib:/home/bart/goliath_mobile/install/gripper_controller/lib:/home/bart/goliath_mobile/install/hoverboard_hardware_interface/lib:/home/bart/goliath_mobile/install/goliath_interfaces/lib:/opt/ros/humble/opt/rviz_ogre_vendor/lib:/opt/ros/humble/lib/x86_64-linux-gnu:/opt/ros/humble/lib /usr/bin/cmake --build /home/bart/goliath_mobile/build/moveit -- -j4 -l4
[87.758s] DEBUG:colcon.colcon_core.event_handler.log_command:Invoked command in '/home/bart/goliath_mobile/build/moveit' returned '0': AMENT_PREFIX_PATH=/home/bart/goliath_mobile/install/ros2_control_demo_testing:/home/bart/goliath_mobile/install/rplidar_ros:/home/bart/goliath_mobile/install/ros2_control_demos:/home/bart/goliath_mobile/install/moveit:/home/bart/goliath_mobile/install/gripper_controller:/home/bart/goliath_mobile/install/goliath_moveit_config:/home/bart/goliath_mobile/install/goliath_controller:/home/bart/goliath_mobile/install/ros2_control_demo_description:/home/bart/goliath_mobile/install/hoverboard_ros2_control:/home/bart/goliath_mobile/install/hoverboard_hardware_interface:/home/bart/goliath_mobile/install/hoverboard_demo_bringup:/home/bart/goliath_mobile/install/hoverboard_demo_description:/home/bart/goliath_mobile/install/gripper_description:/home/bart/goliath_mobile/install/goliath_commander_cpp:/home/bart/goliath_mobile/install/goliath_interfaces:/home/bart/goliath_mobile/install/arm_move_joy:/home/bart/goliath_base/install/hoverboard_demo_bringup:/home/bart/goliath_base/install/hoverboard_demo_description:/opt/ros/humble CMAKE_PREFIX_PATH=/home/bart/goliath_mobile/install/goliath_controller:/home/bart/goliath_mobile/install/ros2_control_demo_description:/home/bart/goliath_mobile/install/rplidar_ros:/home/bart/goliath_mobile/install/ros2_control_demos:/home/bart/goliath_mobile/install/moveit:/home/bart/goliath_mobile/install/gripper_controller:/home/bart/goliath_mobile/install/goliath_moveit_config:/home/bart/goliath_mobile/install/hoverboard_ros2_control:/home/bart/goliath_mobile/install/hoverboard_hardware_interface:/home/bart/goliath_mobile/install/hoverboard_demo_bringup:/home/bart/goliath_mobile/install/hoverboard_demo_description:/home/bart/goliath_mobile/install/goliath_commander_cpp:/home/bart/goliath_mobile/install/goliath_interfaces:/home/bart/goliath_mobile/install/arm_move_joy:/home/bart/goliath_base/install/hoverboard_demo_bringup:/home/bart/goliath_base/install/hoverboard_demo_description:/home/bart/goliath_mobile/install/ros2_control_demo_testing:/home/bart/goliath_mobile/install/gripper_description:/opt/ros/humble LD_LIBRARY_PATH=/home/bart/goliath_mobile/install/goliath_controller/lib:/home/bart/goliath_mobile/install/gripper_controller/lib:/home/bart/goliath_mobile/install/hoverboard_hardware_interface/lib:/home/bart/goliath_mobile/install/goliath_interfaces/lib:/opt/ros/humble/opt/rviz_ogre_vendor/lib:/opt/ros/humble/lib/x86_64-linux-gnu:/opt/ros/humble/lib /usr/bin/cmake --build /home/bart/goliath_mobile/build/moveit -- -j4 -l4
[87.764s] DEBUG:colcon.colcon_core.event_handler.log_command:Invoking command in '/home/bart/goliath_mobile/build/moveit': AMENT_PREFIX_PATH=/home/bart/goliath_mobile/install/ros2_control_demo_testing:/home/bart/goliath_mobile/install/rplidar_ros:/home/bart/goliath_mobile/install/ros2_control_demos:/home/bart/goliath_mobile/install/moveit:/home/bart/goliath_mobile/install/gripper_controller:/home/bart/goliath_mobile/install/goliath_moveit_config:/home/bart/goliath_mobile/install/goliath_controller:/home/bart/goliath_mobile/install/ros2_control_demo_description:/home/bart/goliath_mobile/install/hoverboard_ros2_control:/home/bart/goliath_mobile/install/hoverboard_hardware_interface:/home/bart/goliath_mobile/install/hoverboard_demo_bringup:/home/bart/goliath_mobile/install/hoverboard_demo_description:/home/bart/goliath_mobile/install/gripper_description:/home/bart/goliath_mobile/install/goliath_commander_cpp:/home/bart/goliath_mobile/install/goliath_interfaces:/home/bart/goliath_mobile/install/arm_move_joy:/home/bart/goliath_base/install/hoverboard_demo_bringup:/home/bart/goliath_base/install/hoverboard_demo_description:/opt/ros/humble CMAKE_PREFIX_PATH=/home/bart/goliath_mobile/install/goliath_controller:/home/bart/goliath_mobile/install/ros2_control_demo_description:/home/bart/goliath_mobile/install/rplidar_ros:/home/bart/goliath_mobile/install/ros2_control_demos:/home/bart/goliath_mobile/install/moveit:/home/bart/goliath_mobile/install/gripper_controller:/home/bart/goliath_mobile/install/goliath_moveit_config:/home/bart/goliath_mobile/install/hoverboard_ros2_control:/home/bart/goliath_mobile/install/hoverboard_hardware_interface:/home/bart/goliath_mobile/install/hoverboard_demo_bringup:/home/bart/goliath_mobile/install/hoverboard_demo_description:/home/bart/goliath_mobile/install/goliath_commander_cpp:/home/bart/goliath_mobile/install/goliath_interfaces:/home/bart/goliath_mobile/install/arm_move_joy:/home/bart/goliath_base/install/hoverboard_demo_bringup:/home/bart/goliath_base/install/hoverboard_demo_description:/home/bart/goliath_mobile/install/ros2_control_demo_testing:/home/bart/goliath_mobile/install/gripper_description:/opt/ros/humble LD_LIBRARY_PATH=/home/bart/goliath_mobile/install/goliath_controller/lib:/home/bart/goliath_mobile/install/gripper_controller/lib:/home/bart/goliath_mobile/install/hoverboard_hardware_interface/lib:/home/bart/goliath_mobile/install/goliath_interfaces/lib:/opt/ros/humble/opt/rviz_ogre_vendor/lib:/opt/ros/humble/lib/x86_64-linux-gnu:/opt/ros/humble/lib /usr/bin/cmake --install /home/bart/goliath_mobile/build/moveit
[88.442s] Level 1:colcon.colcon_core.environment:create_environment_scripts_only(moveit)
[88.444s] Level 1:colcon.colcon_core.environment:checking '/home/bart/goliath_mobile/install/moveit' for CMake module files
[88.445s] Level 1:colcon.colcon_core.environment:checking '/home/bart/goliath_mobile/install/moveit' for CMake config files
[88.443s] DEBUG:colcon.colcon_core.event_handler.log_command:Invoked command in '/home/bart/goliath_mobile/build/moveit' returned '0': AMENT_PREFIX_PATH=/home/bart/goliath_mobile/install/ros2_control_demo_testing:/home/bart/goliath_mobile/install/rplidar_ros:/home/bart/goliath_mobile/install/ros2_control_demos:/home/bart/goliath_mobile/install/moveit:/home/bart/goliath_mobile/install/gripper_controller:/home/bart/goliath_mobile/install/goliath_moveit_config:/home/bart/goliath_mobile/install/goliath_controller:/home/bart/goliath_mobile/install/ros2_control_demo_description:/home/bart/goliath_mobile/install/hoverboard_ros2_control:/home/bart/goliath_mobile/install/hoverboard_hardware_interface:/home/bart/goliath_mobile/install/hoverboard_demo_bringup:/home/bart/goliath_mobile/install/hoverboard_demo_description:/home/bart/goliath_mobile/install/gripper_description:/home/bart/goliath_mobile/install/goliath_commander_cpp:/home/bart/goliath_mobile/install/goliath_interfaces:/home/bart/goliath_mobile/install/arm_move_joy:/home/bart/goliath_base/install/hoverboard_demo_bringup:/home/bart/goliath_base/install/hoverboard_demo_description:/opt/ros/humble CMAKE_PREFIX_PATH=/home/bart/goliath_mobile/install/goliath_controller:/home/bart/goliath_mobile/install/ros2_control_demo_description:/home/bart/goliath_mobile/install/rplidar_ros:/home/bart/goliath_mobile/install/ros2_control_demos:/home/bart/goliath_mobile/install/moveit:/home/bart/goliath_mobile/install/gripper_controller:/home/bart/goliath_mobile/install/goliath_moveit_config:/home/bart/goliath_mobile/install/hoverboard_ros2_control:/home/bart/goliath_mobile/install/hoverboard_hardware_interface:/home/bart/goliath_mobile/install/hoverboard_demo_bringup:/home/bart/goliath_mobile/install/hoverboard_demo_description:/home/bart/goliath_mobile/install/goliath_commander_cpp:/home/bart/goliath_mobile/install/goliath_interfaces:/home/bart/goliath_mobile/install/arm_move_joy:/home/bart/goliath_base/install/hoverboard_demo_bringup:/home/bart/goliath_base/install/hoverboard_demo_description:/home/bart/goliath_mobile/install/ros2_control_demo_testing:/home/bart/goliath_mobile/install/gripper_description:/opt/ros/humble LD_LIBRARY_PATH=/home/bart/goliath_mobile/install/goliath_controller/lib:/home/bart/goliath_mobile/install/gripper_controller/lib:/home/bart/goliath_mobile/install/hoverboard_hardware_interface/lib:/home/bart/goliath_mobile/install/goliath_interfaces/lib:/opt/ros/humble/opt/rviz_ogre_vendor/lib:/opt/ros/humble/lib/x86_64-linux-gnu:/opt/ros/humble/lib /usr/bin/cmake --install /home/bart/goliath_mobile/build/moveit
[88.446s] Level 1:colcon.colcon_core.shell:create_environment_hook('moveit', 'cmake_prefix_path')
[88.447s] INFO:colcon.colcon_core.shell:Creating environment hook '/home/bart/goliath_mobile/install/moveit/share/moveit/hook/cmake_prefix_path.ps1'
[88.448s] INFO:colcon.colcon_core.shell:Creating environment descriptor '/home/bart/goliath_mobile/install/moveit/share/moveit/hook/cmake_prefix_path.dsv'
[88.449s] INFO:colcon.colcon_core.shell:Creating environment hook '/home/bart/goliath_mobile/install/moveit/share/moveit/hook/cmake_prefix_path.sh'
[88.451s] Level 1:colcon.colcon_core.environment:checking '/home/bart/goliath_mobile/install/moveit/bin'
[88.451s] Level 1:colcon.colcon_core.environment:checking '/home/bart/goliath_mobile/install/moveit/lib/pkgconfig/moveit.pc'
[88.453s] Level 1:colcon.colcon_core.environment:checking '/home/bart/goliath_mobile/install/moveit/lib/python3.10/site-packages'
[88.454s] Level 1:colcon.colcon_core.environment:checking '/home/bart/goliath_mobile/install/moveit/bin'
[88.455s] INFO:colcon.colcon_core.shell:Creating package script '/home/bart/goliath_mobile/install/moveit/share/moveit/package.ps1'
[88.457s] INFO:colcon.colcon_core.shell:Creating package descriptor '/home/bart/goliath_mobile/install/moveit/share/moveit/package.dsv'
[88.458s] INFO:colcon.colcon_core.shell:Creating package script '/home/bart/goliath_mobile/install/moveit/share/moveit/package.sh'
[88.459s] INFO:colcon.colcon_core.shell:Creating package script '/home/bart/goliath_mobile/install/moveit/share/moveit/package.bash'
[88.460s] INFO:colcon.colcon_core.shell:Creating package script '/home/bart/goliath_mobile/install/moveit/share/moveit/package.zsh'
[88.461s] Level 1:colcon.colcon_core.environment:create_file_with_runtime_dependencies(/home/bart/goliath_mobile/install/moveit/share/colcon-core/packages/moveit)
[88.462s] Level 1:colcon.colcon_core.environment:create_environment_scripts_only(moveit)
[88.463s] Level 1:colcon.colcon_core.environment:checking '/home/bart/goliath_mobile/install/moveit' for CMake module files
[88.464s] Level 1:colcon.colcon_core.environment:checking '/home/bart/goliath_mobile/install/moveit' for CMake config files
[88.465s] Level 1:colcon.colcon_core.shell:create_environment_hook('moveit', 'cmake_prefix_path')
[88.466s] INFO:colcon.colcon_core.shell:Creating environment hook '/home/bart/goliath_mobile/install/moveit/share/moveit/hook/cmake_prefix_path.ps1'
[88.467s] INFO:colcon.colcon_core.shell:Creating environment descriptor '/home/bart/goliath_mobile/install/moveit/share/moveit/hook/cmake_prefix_path.dsv'
[88.468s] INFO:colcon.colcon_core.shell:Creating environment hook '/home/bart/goliath_mobile/install/moveit/share/moveit/hook/cmake_prefix_path.sh'
[88.469s] Level 1:colcon.colcon_core.environment:checking '/home/bart/goliath_mobile/install/moveit/bin'
[88.470s] Level 1:colcon.colcon_core.environment:checking '/home/bart/goliath_mobile/install/moveit/lib/pkgconfig/moveit.pc'
[88.470s] Level 1:colcon.colcon_core.environment:checking '/home/bart/goliath_mobile/install/moveit/lib/python3.10/site-packages'
[88.471s] Level 1:colcon.colcon_core.environment:checking '/home/bart/goliath_mobile/install/moveit/bin'
[88.472s] INFO:colcon.colcon_core.shell:Creating package script '/home/bart/goliath_mobile/install/moveit/share/moveit/package.ps1'
[88.474s] INFO:colcon.colcon_core.shell:Creating package descriptor '/home/bart/goliath_mobile/install/moveit/share/moveit/package.dsv'
[88.475s] INFO:colcon.colcon_core.shell:Creating package script '/home/bart/goliath_mobile/install/moveit/share/moveit/package.sh'
[88.476s] INFO:colcon.colcon_core.shell:Creating package script '/home/bart/goliath_mobile/install/moveit/share/moveit/package.bash'
[88.478s] INFO:colcon.colcon_core.shell:Creating package script '/home/bart/goliath_mobile/install/moveit/share/moveit/package.zsh'
[88.479s] Level 1:colcon.colcon_core.environment:create_file_with_runtime_dependencies(/home/bart/goliath_mobile/install/moveit/share/colcon-core/packages/moveit)
[88.481s] INFO:colcon.colcon_ros.task.ament_cmake.build:Building ROS package in '/home/bart/goliath_mobile/src/golitath_mobile/goliath/ros2_control_demos' with build type 'ament_cmake'
[88.482s] INFO:colcon.colcon_cmake.task.cmake.build:Building CMake package in '/home/bart/goliath_mobile/src/golitath_mobile/goliath/ros2_control_demos'
[88.482s] INFO:colcon.colcon_core.shell:Skip shell extension 'powershell' for command environment: Not usable outside of PowerShell
[88.482s] DEBUG:colcon.colcon_core.shell:Skip shell extension 'dsv' for command environment
[88.529s] DEBUG:colcon.colcon_core.event_handler.log_command:Invoking command in '/home/bart/goliath_mobile/build/ros2_control_demos': AMENT_PREFIX_PATH=/home/bart/goliath_mobile/install/ros2_control_demo_testing:/home/bart/goliath_mobile/install/rplidar_ros:/home/bart/goliath_mobile/install/ros2_control_demos:/home/bart/goliath_mobile/install/moveit:/home/bart/goliath_mobile/install/gripper_controller:/home/bart/goliath_mobile/install/goliath_moveit_config:/home/bart/goliath_mobile/install/goliath_controller:/home/bart/goliath_mobile/install/ros2_control_demo_description:/home/bart/goliath_mobile/install/hoverboard_ros2_control:/home/bart/goliath_mobile/install/hoverboard_hardware_interface:/home/bart/goliath_mobile/install/hoverboard_demo_bringup:/home/bart/goliath_mobile/install/hoverboard_demo_description:/home/bart/goliath_mobile/install/gripper_description:/home/bart/goliath_mobile/install/goliath_commander_cpp:/home/bart/goliath_mobile/install/goliath_interfaces:/home/bart/goliath_mobile/install/arm_move_joy:/home/bart/goliath_base/install/hoverboard_demo_bringup:/home/bart/goliath_base/install/hoverboard_demo_description:/opt/ros/humble CMAKE_PREFIX_PATH=/home/bart/goliath_mobile/install/goliath_controller:/home/bart/goliath_mobile/install/ros2_control_demo_description:/home/bart/goliath_mobile/install/rplidar_ros:/home/bart/goliath_mobile/install/ros2_control_demos:/home/bart/goliath_mobile/install/moveit:/home/bart/goliath_mobile/install/gripper_controller:/home/bart/goliath_mobile/install/goliath_moveit_config:/home/bart/goliath_mobile/install/hoverboard_ros2_control:/home/bart/goliath_mobile/install/hoverboard_hardware_interface:/home/bart/goliath_mobile/install/hoverboard_demo_bringup:/home/bart/goliath_mobile/install/hoverboard_demo_description:/home/bart/goliath_mobile/install/goliath_commander_cpp:/home/bart/goliath_mobile/install/goliath_interfaces:/home/bart/goliath_mobile/install/arm_move_joy:/home/bart/goliath_base/install/hoverboard_demo_bringup:/home/bart/goliath_base/install/hoverboard_demo_description:/home/bart/goliath_mobile/install/ros2_control_demo_testing:/home/bart/goliath_mobile/install/gripper_description:/opt/ros/humble LD_LIBRARY_PATH=/home/bart/goliath_mobile/install/goliath_controller/lib:/home/bart/goliath_mobile/install/gripper_controller/lib:/home/bart/goliath_mobile/install/hoverboard_hardware_interface/lib:/home/bart/goliath_mobile/install/goliath_interfaces/lib:/opt/ros/humble/opt/rviz_ogre_vendor/lib:/opt/ros/humble/lib/x86_64-linux-gnu:/opt/ros/humble/lib /usr/bin/cmake /home/bart/goliath_mobile/src/golitath_mobile/goliath/ros2_control_demos -DAMENT_CMAKE_SYMLINK_INSTALL=1 -DCMAKE_INSTALL_PREFIX=/home/bart/goliath_mobile/install/ros2_control_demos
[90.184s] DEBUG:colcon.colcon_core.event_handler.log_command:Invoked command in '/home/bart/goliath_mobile/build/ros2_control_demos' returned '0': AMENT_PREFIX_PATH=/home/bart/goliath_mobile/install/ros2_control_demo_testing:/home/bart/goliath_mobile/install/rplidar_ros:/home/bart/goliath_mobile/install/ros2_control_demos:/home/bart/goliath_mobile/install/moveit:/home/bart/goliath_mobile/install/gripper_controller:/home/bart/goliath_mobile/install/goliath_moveit_config:/home/bart/goliath_mobile/install/goliath_controller:/home/bart/goliath_mobile/install/ros2_control_demo_description:/home/bart/goliath_mobile/install/hoverboard_ros2_control:/home/bart/goliath_mobile/install/hoverboard_hardware_interface:/home/bart/goliath_mobile/install/hoverboard_demo_bringup:/home/bart/goliath_mobile/install/hoverboard_demo_description:/home/bart/goliath_mobile/install/gripper_description:/home/bart/goliath_mobile/install/goliath_commander_cpp:/home/bart/goliath_mobile/install/goliath_interfaces:/home/bart/goliath_mobile/install/arm_move_joy:/home/bart/goliath_base/install/hoverboard_demo_bringup:/home/bart/goliath_base/install/hoverboard_demo_description:/opt/ros/humble CMAKE_PREFIX_PATH=/home/bart/goliath_mobile/install/goliath_controller:/home/bart/goliath_mobile/install/ros2_control_demo_description:/home/bart/goliath_mobile/install/rplidar_ros:/home/bart/goliath_mobile/install/ros2_control_demos:/home/bart/goliath_mobile/install/moveit:/home/bart/goliath_mobile/install/gripper_controller:/home/bart/goliath_mobile/install/goliath_moveit_config:/home/bart/goliath_mobile/install/hoverboard_ros2_control:/home/bart/goliath_mobile/install/hoverboard_hardware_interface:/home/bart/goliath_mobile/install/hoverboard_demo_bringup:/home/bart/goliath_mobile/install/hoverboard_demo_description:/home/bart/goliath_mobile/install/goliath_commander_cpp:/home/bart/goliath_mobile/install/goliath_interfaces:/home/bart/goliath_mobile/install/arm_move_joy:/home/bart/goliath_base/install/hoverboard_demo_bringup:/home/bart/goliath_base/install/hoverboard_demo_description:/home/bart/goliath_mobile/install/ros2_control_demo_testing:/home/bart/goliath_mobile/install/gripper_description:/opt/ros/humble LD_LIBRARY_PATH=/home/bart/goliath_mobile/install/goliath_controller/lib:/home/bart/goliath_mobile/install/gripper_controller/lib:/home/bart/goliath_mobile/install/hoverboard_hardware_interface/lib:/home/bart/goliath_mobile/install/goliath_interfaces/lib:/opt/ros/humble/opt/rviz_ogre_vendor/lib:/opt/ros/humble/lib/x86_64-linux-gnu:/opt/ros/humble/lib /usr/bin/cmake /home/bart/goliath_mobile/src/golitath_mobile/goliath/ros2_control_demos -DAMENT_CMAKE_SYMLINK_INSTALL=1 -DCMAKE_INSTALL_PREFIX=/home/bart/goliath_mobile/install/ros2_control_demos
[90.187s] DEBUG:colcon.colcon_core.event_handler.log_command:Invoking command in '/home/bart/goliath_mobile/build/ros2_control_demos': AMENT_PREFIX_PATH=/home/bart/goliath_mobile/install/ros2_control_demo_testing:/home/bart/goliath_mobile/install/rplidar_ros:/home/bart/goliath_mobile/install/ros2_control_demos:/home/bart/goliath_mobile/install/moveit:/home/bart/goliath_mobile/install/gripper_controller:/home/bart/goliath_mobile/install/goliath_moveit_config:/home/bart/goliath_mobile/install/goliath_controller:/home/bart/goliath_mobile/install/ros2_control_demo_description:/home/bart/goliath_mobile/install/hoverboard_ros2_control:/home/bart/goliath_mobile/install/hoverboard_hardware_interface:/home/bart/goliath_mobile/install/hoverboard_demo_bringup:/home/bart/goliath_mobile/install/hoverboard_demo_description:/home/bart/goliath_mobile/install/gripper_description:/home/bart/goliath_mobile/install/goliath_commander_cpp:/home/bart/goliath_mobile/install/goliath_interfaces:/home/bart/goliath_mobile/install/arm_move_joy:/home/bart/goliath_base/install/hoverboard_demo_bringup:/home/bart/goliath_base/install/hoverboard_demo_description:/opt/ros/humble CMAKE_PREFIX_PATH=/home/bart/goliath_mobile/install/goliath_controller:/home/bart/goliath_mobile/install/ros2_control_demo_description:/home/bart/goliath_mobile/install/rplidar_ros:/home/bart/goliath_mobile/install/ros2_control_demos:/home/bart/goliath_mobile/install/moveit:/home/bart/goliath_mobile/install/gripper_controller:/home/bart/goliath_mobile/install/goliath_moveit_config:/home/bart/goliath_mobile/install/hoverboard_ros2_control:/home/bart/goliath_mobile/install/hoverboard_hardware_interface:/home/bart/goliath_mobile/install/hoverboard_demo_bringup:/home/bart/goliath_mobile/install/hoverboard_demo_description:/home/bart/goliath_mobile/install/goliath_commander_cpp:/home/bart/goliath_mobile/install/goliath_interfaces:/home/bart/goliath_mobile/install/arm_move_joy:/home/bart/goliath_base/install/hoverboard_demo_bringup:/home/bart/goliath_base/install/hoverboard_demo_description:/home/bart/goliath_mobile/install/ros2_control_demo_testing:/home/bart/goliath_mobile/install/gripper_description:/opt/ros/humble LD_LIBRARY_PATH=/home/bart/goliath_mobile/install/goliath_controller/lib:/home/bart/goliath_mobile/install/gripper_controller/lib:/home/bart/goliath_mobile/install/hoverboard_hardware_interface/lib:/home/bart/goliath_mobile/install/goliath_interfaces/lib:/opt/ros/humble/opt/rviz_ogre_vendor/lib:/opt/ros/humble/lib/x86_64-linux-gnu:/opt/ros/humble/lib /usr/bin/cmake --build /home/bart/goliath_mobile/build/ros2_control_demos -- -j4 -l4
[90.283s] DEBUG:colcon.colcon_core.event_handler.log_command:Invoked command in '/home/bart/goliath_mobile/build/ros2_control_demos' returned '0': AMENT_PREFIX_PATH=/home/bart/goliath_mobile/install/ros2_control_demo_testing:/home/bart/goliath_mobile/install/rplidar_ros:/home/bart/goliath_mobile/install/ros2_control_demos:/home/bart/goliath_mobile/install/moveit:/home/bart/goliath_mobile/install/gripper_controller:/home/bart/goliath_mobile/install/goliath_moveit_config:/home/bart/goliath_mobile/install/goliath_controller:/home/bart/goliath_mobile/install/ros2_control_demo_description:/home/bart/goliath_mobile/install/hoverboard_ros2_control:/home/bart/goliath_mobile/install/hoverboard_hardware_interface:/home/bart/goliath_mobile/install/hoverboard_demo_bringup:/home/bart/goliath_mobile/install/hoverboard_demo_description:/home/bart/goliath_mobile/install/gripper_description:/home/bart/goliath_mobile/install/goliath_commander_cpp:/home/bart/goliath_mobile/install/goliath_interfaces:/home/bart/goliath_mobile/install/arm_move_joy:/home/bart/goliath_base/install/hoverboard_demo_bringup:/home/bart/goliath_base/install/hoverboard_demo_description:/opt/ros/humble CMAKE_PREFIX_PATH=/home/bart/goliath_mobile/install/goliath_controller:/home/bart/goliath_mobile/install/ros2_control_demo_description:/home/bart/goliath_mobile/install/rplidar_ros:/home/bart/goliath_mobile/install/ros2_control_demos:/home/bart/goliath_mobile/install/moveit:/home/bart/goliath_mobile/install/gripper_controller:/home/bart/goliath_mobile/install/goliath_moveit_config:/home/bart/goliath_mobile/install/hoverboard_ros2_control:/home/bart/goliath_mobile/install/hoverboard_hardware_interface:/home/bart/goliath_mobile/install/hoverboard_demo_bringup:/home/bart/goliath_mobile/install/hoverboard_demo_description:/home/bart/goliath_mobile/install/goliath_commander_cpp:/home/bart/goliath_mobile/install/goliath_interfaces:/home/bart/goliath_mobile/install/arm_move_joy:/home/bart/goliath_base/install/hoverboard_demo_bringup:/home/bart/goliath_base/install/hoverboard_demo_description:/home/bart/goliath_mobile/install/ros2_control_demo_testing:/home/bart/goliath_mobile/install/gripper_description:/opt/ros/humble LD_LIBRARY_PATH=/home/bart/goliath_mobile/install/goliath_controller/lib:/home/bart/goliath_mobile/install/gripper_controller/lib:/home/bart/goliath_mobile/install/hoverboard_hardware_interface/lib:/home/bart/goliath_mobile/install/goliath_interfaces/lib:/opt/ros/humble/opt/rviz_ogre_vendor/lib:/opt/ros/humble/lib/x86_64-linux-gnu:/opt/ros/humble/lib /usr/bin/cmake --build /home/bart/goliath_mobile/build/ros2_control_demos -- -j4 -l4
[90.289s] DEBUG:colcon.colcon_core.event_handler.log_command:Invoking command in '/home/bart/goliath_mobile/build/ros2_control_demos': AMENT_PREFIX_PATH=/home/bart/goliath_mobile/install/ros2_control_demo_testing:/home/bart/goliath_mobile/install/rplidar_ros:/home/bart/goliath_mobile/install/ros2_control_demos:/home/bart/goliath_mobile/install/moveit:/home/bart/goliath_mobile/install/gripper_controller:/home/bart/goliath_mobile/install/goliath_moveit_config:/home/bart/goliath_mobile/install/goliath_controller:/home/bart/goliath_mobile/install/ros2_control_demo_description:/home/bart/goliath_mobile/install/hoverboard_ros2_control:/home/bart/goliath_mobile/install/hoverboard_hardware_interface:/home/bart/goliath_mobile/install/hoverboard_demo_bringup:/home/bart/goliath_mobile/install/hoverboard_demo_description:/home/bart/goliath_mobile/install/gripper_description:/home/bart/goliath_mobile/install/goliath_commander_cpp:/home/bart/goliath_mobile/install/goliath_interfaces:/home/bart/goliath_mobile/install/arm_move_joy:/home/bart/goliath_base/install/hoverboard_demo_bringup:/home/bart/goliath_base/install/hoverboard_demo_description:/opt/ros/humble CMAKE_PREFIX_PATH=/home/bart/goliath_mobile/install/goliath_controller:/home/bart/goliath_mobile/install/ros2_control_demo_description:/home/bart/goliath_mobile/install/rplidar_ros:/home/bart/goliath_mobile/install/ros2_control_demos:/home/bart/goliath_mobile/install/moveit:/home/bart/goliath_mobile/install/gripper_controller:/home/bart/goliath_mobile/install/goliath_moveit_config:/home/bart/goliath_mobile/install/hoverboard_ros2_control:/home/bart/goliath_mobile/install/hoverboard_hardware_interface:/home/bart/goliath_mobile/install/hoverboard_demo_bringup:/home/bart/goliath_mobile/install/hoverboard_demo_description:/home/bart/goliath_mobile/install/goliath_commander_cpp:/home/bart/goliath_mobile/install/goliath_interfaces:/home/bart/goliath_mobile/install/arm_move_joy:/home/bart/goliath_base/install/hoverboard_demo_bringup:/home/bart/goliath_base/install/hoverboard_demo_description:/home/bart/goliath_mobile/install/ros2_control_demo_testing:/home/bart/goliath_mobile/install/gripper_description:/opt/ros/humble LD_LIBRARY_PATH=/home/bart/goliath_mobile/install/goliath_controller/lib:/home/bart/goliath_mobile/install/gripper_controller/lib:/home/bart/goliath_mobile/install/hoverboard_hardware_interface/lib:/home/bart/goliath_mobile/install/goliath_interfaces/lib:/opt/ros/humble/opt/rviz_ogre_vendor/lib:/opt/ros/humble/lib/x86_64-linux-gnu:/opt/ros/humble/lib /usr/bin/cmake --install /home/bart/goliath_mobile/build/ros2_control_demos
[90.628s] Level 1:colcon.colcon_core.environment:create_environment_scripts_only(ros2_control_demos)
[90.629s] Level 1:colcon.colcon_core.environment:checking '/home/bart/goliath_mobile/install/ros2_control_demos' for CMake module files
[90.631s] DEBUG:colcon.colcon_core.event_handler.log_command:Invoked command in '/home/bart/goliath_mobile/build/ros2_control_demos' returned '0': AMENT_PREFIX_PATH=/home/bart/goliath_mobile/install/ros2_control_demo_testing:/home/bart/goliath_mobile/install/rplidar_ros:/home/bart/goliath_mobile/install/ros2_control_demos:/home/bart/goliath_mobile/install/moveit:/home/bart/goliath_mobile/install/gripper_controller:/home/bart/goliath_mobile/install/goliath_moveit_config:/home/bart/goliath_mobile/install/goliath_controller:/home/bart/goliath_mobile/install/ros2_control_demo_description:/home/bart/goliath_mobile/install/hoverboard_ros2_control:/home/bart/goliath_mobile/install/hoverboard_hardware_interface:/home/bart/goliath_mobile/install/hoverboard_demo_bringup:/home/bart/goliath_mobile/install/hoverboard_demo_description:/home/bart/goliath_mobile/install/gripper_description:/home/bart/goliath_mobile/install/goliath_commander_cpp:/home/bart/goliath_mobile/install/goliath_interfaces:/home/bart/goliath_mobile/install/arm_move_joy:/home/bart/goliath_base/install/hoverboard_demo_bringup:/home/bart/goliath_base/install/hoverboard_demo_description:/opt/ros/humble CMAKE_PREFIX_PATH=/home/bart/goliath_mobile/install/goliath_controller:/home/bart/goliath_mobile/install/ros2_control_demo_description:/home/bart/goliath_mobile/install/rplidar_ros:/home/bart/goliath_mobile/install/ros2_control_demos:/home/bart/goliath_mobile/install/moveit:/home/bart/goliath_mobile/install/gripper_controller:/home/bart/goliath_mobile/install/goliath_moveit_config:/home/bart/goliath_mobile/install/hoverboard_ros2_control:/home/bart/goliath_mobile/install/hoverboard_hardware_interface:/home/bart/goliath_mobile/install/hoverboard_demo_bringup:/home/bart/goliath_mobile/install/hoverboard_demo_description:/home/bart/goliath_mobile/install/goliath_commander_cpp:/home/bart/goliath_mobile/install/goliath_interfaces:/home/bart/goliath_mobile/install/arm_move_joy:/home/bart/goliath_base/install/hoverboard_demo_bringup:/home/bart/goliath_base/install/hoverboard_demo_description:/home/bart/goliath_mobile/install/ros2_control_demo_testing:/home/bart/goliath_mobile/install/gripper_description:/opt/ros/humble LD_LIBRARY_PATH=/home/bart/goliath_mobile/install/goliath_controller/lib:/home/bart/goliath_mobile/install/gripper_controller/lib:/home/bart/goliath_mobile/install/hoverboard_hardware_interface/lib:/home/bart/goliath_mobile/install/goliath_interfaces/lib:/opt/ros/humble/opt/rviz_ogre_vendor/lib:/opt/ros/humble/lib/x86_64-linux-gnu:/opt/ros/humble/lib /usr/bin/cmake --install /home/bart/goliath_mobile/build/ros2_control_demos
[90.632s] Level 1:colcon.colcon_core.environment:checking '/home/bart/goliath_mobile/install/ros2_control_demos' for CMake config files
[90.633s] Level 1:colcon.colcon_core.shell:create_environment_hook('ros2_control_demos', 'cmake_prefix_path')
[90.633s] INFO:colcon.colcon_core.shell:Creating environment hook '/home/bart/goliath_mobile/install/ros2_control_demos/share/ros2_control_demos/hook/cmake_prefix_path.ps1'
[90.635s] INFO:colcon.colcon_core.shell:Creating environment descriptor '/home/bart/goliath_mobile/install/ros2_control_demos/share/ros2_control_demos/hook/cmake_prefix_path.dsv'
[90.636s] INFO:colcon.colcon_core.shell:Creating environment hook '/home/bart/goliath_mobile/install/ros2_control_demos/share/ros2_control_demos/hook/cmake_prefix_path.sh'
[90.637s] Level 1:colcon.colcon_core.environment:checking '/home/bart/goliath_mobile/install/ros2_control_demos/bin'
[90.638s] Level 1:colcon.colcon_core.environment:checking '/home/bart/goliath_mobile/install/ros2_control_demos/lib/pkgconfig/ros2_control_demos.pc'
[90.638s] Level 1:colcon.colcon_core.environment:checking '/home/bart/goliath_mobile/install/ros2_control_demos/lib/python3.10/site-packages'
[90.639s] Level 1:colcon.colcon_core.environment:checking '/home/bart/goliath_mobile/install/ros2_control_demos/bin'
[90.640s] INFO:colcon.colcon_core.shell:Creating package script '/home/bart/goliath_mobile/install/ros2_control_demos/share/ros2_control_demos/package.ps1'
[90.643s] INFO:colcon.colcon_core.shell:Creating package descriptor '/home/bart/goliath_mobile/install/ros2_control_demos/share/ros2_control_demos/package.dsv'
[90.644s] INFO:colcon.colcon_core.shell:Creating package script '/home/bart/goliath_mobile/install/ros2_control_demos/share/ros2_control_demos/package.sh'
[90.645s] INFO:colcon.colcon_core.shell:Creating package script '/home/bart/goliath_mobile/install/ros2_control_demos/share/ros2_control_demos/package.bash'
[90.647s] INFO:colcon.colcon_core.shell:Creating package script '/home/bart/goliath_mobile/install/ros2_control_demos/share/ros2_control_demos/package.zsh'
[90.648s] Level 1:colcon.colcon_core.environment:create_file_with_runtime_dependencies(/home/bart/goliath_mobile/install/ros2_control_demos/share/colcon-core/packages/ros2_control_demos)
[90.649s] Level 1:colcon.colcon_core.environment:create_environment_scripts_only(ros2_control_demos)
[90.650s] Level 1:colcon.colcon_core.environment:checking '/home/bart/goliath_mobile/install/ros2_control_demos' for CMake module files
[90.651s] Level 1:colcon.colcon_core.environment:checking '/home/bart/goliath_mobile/install/ros2_control_demos' for CMake config files
[90.652s] Level 1:colcon.colcon_core.shell:create_environment_hook('ros2_control_demos', 'cmake_prefix_path')
[90.652s] INFO:colcon.colcon_core.shell:Creating environment hook '/home/bart/goliath_mobile/install/ros2_control_demos/share/ros2_control_demos/hook/cmake_prefix_path.ps1'
[90.654s] INFO:colcon.colcon_core.shell:Creating environment descriptor '/home/bart/goliath_mobile/install/ros2_control_demos/share/ros2_control_demos/hook/cmake_prefix_path.dsv'
[90.655s] INFO:colcon.colcon_core.shell:Creating environment hook '/home/bart/goliath_mobile/install/ros2_control_demos/share/ros2_control_demos/hook/cmake_prefix_path.sh'
[90.656s] Level 1:colcon.colcon_core.environment:checking '/home/bart/goliath_mobile/install/ros2_control_demos/bin'
[90.657s] Level 1:colcon.colcon_core.environment:checking '/home/bart/goliath_mobile/install/ros2_control_demos/lib/pkgconfig/ros2_control_demos.pc'
[90.657s] Level 1:colcon.colcon_core.environment:checking '/home/bart/goliath_mobile/install/ros2_control_demos/lib/python3.10/site-packages'
[90.661s] Level 1:colcon.colcon_core.environment:checking '/home/bart/goliath_mobile/install/ros2_control_demos/bin'
[90.662s] INFO:colcon.colcon_core.shell:Creating package script '/home/bart/goliath_mobile/install/ros2_control_demos/share/ros2_control_demos/package.ps1'
[90.666s] INFO:colcon.colcon_core.shell:Creating package descriptor '/home/bart/goliath_mobile/install/ros2_control_demos/share/ros2_control_demos/package.dsv'
[90.668s] INFO:colcon.colcon_core.shell:Creating package script '/home/bart/goliath_mobile/install/ros2_control_demos/share/ros2_control_demos/package.sh'
[90.669s] INFO:colcon.colcon_core.shell:Creating package script '/home/bart/goliath_mobile/install/ros2_control_demos/share/ros2_control_demos/package.bash'
[90.671s] INFO:colcon.colcon_core.shell:Creating package script '/home/bart/goliath_mobile/install/ros2_control_demos/share/ros2_control_demos/package.zsh'
[90.673s] Level 1:colcon.colcon_core.environment:create_file_with_runtime_dependencies(/home/bart/goliath_mobile/install/ros2_control_demos/share/colcon-core/packages/ros2_control_demos)
[101.996s] DEBUG:colcon.colcon_core.event_handler.log_command:Invoked command in '/home/bart/goliath_mobile/build/gripper_controller' returned '0': AMENT_PREFIX_PATH=/home/bart/goliath_mobile/install/ros2_control_demo_testing:/home/bart/goliath_mobile/install/rplidar_ros:/home/bart/goliath_mobile/install/ros2_control_demos:/home/bart/goliath_mobile/install/moveit:/home/bart/goliath_mobile/install/gripper_controller:/home/bart/goliath_mobile/install/goliath_moveit_config:/home/bart/goliath_mobile/install/goliath_controller:/home/bart/goliath_mobile/install/ros2_control_demo_description:/home/bart/goliath_mobile/install/hoverboard_ros2_control:/home/bart/goliath_mobile/install/hoverboard_hardware_interface:/home/bart/goliath_mobile/install/hoverboard_demo_bringup:/home/bart/goliath_mobile/install/hoverboard_demo_description:/home/bart/goliath_mobile/install/gripper_description:/home/bart/goliath_mobile/install/goliath_commander_cpp:/home/bart/goliath_mobile/install/goliath_interfaces:/home/bart/goliath_mobile/install/arm_move_joy:/home/bart/goliath_base/install/hoverboard_demo_bringup:/home/bart/goliath_base/install/hoverboard_demo_description:/opt/ros/humble CMAKE_PREFIX_PATH=/home/bart/goliath_mobile/install/ros2_control_demo_description:/home/bart/goliath_mobile/install/rplidar_ros:/home/bart/goliath_mobile/install/ros2_control_demos:/home/bart/goliath_mobile/install/moveit:/home/bart/goliath_mobile/install/gripper_controller:/home/bart/goliath_mobile/install/goliath_moveit_config:/home/bart/goliath_mobile/install/goliath_controller:/home/bart/goliath_mobile/install/hoverboard_ros2_control:/home/bart/goliath_mobile/install/hoverboard_hardware_interface:/home/bart/goliath_mobile/install/hoverboard_demo_bringup:/home/bart/goliath_mobile/install/hoverboard_demo_description:/home/bart/goliath_mobile/install/goliath_commander_cpp:/home/bart/goliath_mobile/install/goliath_interfaces:/home/bart/goliath_mobile/install/arm_move_joy:/home/bart/goliath_base/install/hoverboard_demo_bringup:/home/bart/goliath_base/install/hoverboard_demo_description:/home/bart/goliath_mobile/install/ros2_control_demo_testing:/home/bart/goliath_mobile/install/gripper_description:/opt/ros/humble /usr/bin/cmake --build /home/bart/goliath_mobile/build/gripper_controller -- -j4 -l4
[101.999s] DEBUG:colcon.colcon_core.event_handler.log_command:Invoking command in '/home/bart/goliath_mobile/build/gripper_controller': AMENT_PREFIX_PATH=/home/bart/goliath_mobile/install/ros2_control_demo_testing:/home/bart/goliath_mobile/install/rplidar_ros:/home/bart/goliath_mobile/install/ros2_control_demos:/home/bart/goliath_mobile/install/moveit:/home/bart/goliath_mobile/install/gripper_controller:/home/bart/goliath_mobile/install/goliath_moveit_config:/home/bart/goliath_mobile/install/goliath_controller:/home/bart/goliath_mobile/install/ros2_control_demo_description:/home/bart/goliath_mobile/install/hoverboard_ros2_control:/home/bart/goliath_mobile/install/hoverboard_hardware_interface:/home/bart/goliath_mobile/install/hoverboard_demo_bringup:/home/bart/goliath_mobile/install/hoverboard_demo_description:/home/bart/goliath_mobile/install/gripper_description:/home/bart/goliath_mobile/install/goliath_commander_cpp:/home/bart/goliath_mobile/install/goliath_interfaces:/home/bart/goliath_mobile/install/arm_move_joy:/home/bart/goliath_base/install/hoverboard_demo_bringup:/home/bart/goliath_base/install/hoverboard_demo_description:/opt/ros/humble CMAKE_PREFIX_PATH=/home/bart/goliath_mobile/install/ros2_control_demo_description:/home/bart/goliath_mobile/install/rplidar_ros:/home/bart/goliath_mobile/install/ros2_control_demos:/home/bart/goliath_mobile/install/moveit:/home/bart/goliath_mobile/install/gripper_controller:/home/bart/goliath_mobile/install/goliath_moveit_config:/home/bart/goliath_mobile/install/goliath_controller:/home/bart/goliath_mobile/install/hoverboard_ros2_control:/home/bart/goliath_mobile/install/hoverboard_hardware_interface:/home/bart/goliath_mobile/install/hoverboard_demo_bringup:/home/bart/goliath_mobile/install/hoverboard_demo_description:/home/bart/goliath_mobile/install/goliath_commander_cpp:/home/bart/goliath_mobile/install/goliath_interfaces:/home/bart/goliath_mobile/install/arm_move_joy:/home/bart/goliath_base/install/hoverboard_demo_bringup:/home/bart/goliath_base/install/hoverboard_demo_description:/home/bart/goliath_mobile/install/ros2_control_demo_testing:/home/bart/goliath_mobile/install/gripper_description:/opt/ros/humble /usr/bin/cmake --install /home/bart/goliath_mobile/build/gripper_controller
[102.586s] Level 1:colcon.colcon_core.environment:create_environment_scripts_only(gripper_controller)
[102.587s] Level 1:colcon.colcon_core.environment:checking '/home/bart/goliath_mobile/install/gripper_controller' for CMake module files
[102.587s] DEBUG:colcon.colcon_core.event_handler.log_command:Invoked command in '/home/bart/goliath_mobile/build/gripper_controller' returned '0': AMENT_PREFIX_PATH=/home/bart/goliath_mobile/install/ros2_control_demo_testing:/home/bart/goliath_mobile/install/rplidar_ros:/home/bart/goliath_mobile/install/ros2_control_demos:/home/bart/goliath_mobile/install/moveit:/home/bart/goliath_mobile/install/gripper_controller:/home/bart/goliath_mobile/install/goliath_moveit_config:/home/bart/goliath_mobile/install/goliath_controller:/home/bart/goliath_mobile/install/ros2_control_demo_description:/home/bart/goliath_mobile/install/hoverboard_ros2_control:/home/bart/goliath_mobile/install/hoverboard_hardware_interface:/home/bart/goliath_mobile/install/hoverboard_demo_bringup:/home/bart/goliath_mobile/install/hoverboard_demo_description:/home/bart/goliath_mobile/install/gripper_description:/home/bart/goliath_mobile/install/goliath_commander_cpp:/home/bart/goliath_mobile/install/goliath_interfaces:/home/bart/goliath_mobile/install/arm_move_joy:/home/bart/goliath_base/install/hoverboard_demo_bringup:/home/bart/goliath_base/install/hoverboard_demo_description:/opt/ros/humble CMAKE_PREFIX_PATH=/home/bart/goliath_mobile/install/ros2_control_demo_description:/home/bart/goliath_mobile/install/rplidar_ros:/home/bart/goliath_mobile/install/ros2_control_demos:/home/bart/goliath_mobile/install/moveit:/home/bart/goliath_mobile/install/gripper_controller:/home/bart/goliath_mobile/install/goliath_moveit_config:/home/bart/goliath_mobile/install/goliath_controller:/home/bart/goliath_mobile/install/hoverboard_ros2_control:/home/bart/goliath_mobile/install/hoverboard_hardware_interface:/home/bart/goliath_mobile/install/hoverboard_demo_bringup:/home/bart/goliath_mobile/install/hoverboard_demo_description:/home/bart/goliath_mobile/install/goliath_commander_cpp:/home/bart/goliath_mobile/install/goliath_interfaces:/home/bart/goliath_mobile/install/arm_move_joy:/home/bart/goliath_base/install/hoverboard_demo_bringup:/home/bart/goliath_base/install/hoverboard_demo_description:/home/bart/goliath_mobile/install/ros2_control_demo_testing:/home/bart/goliath_mobile/install/gripper_description:/opt/ros/humble /usr/bin/cmake --install /home/bart/goliath_mobile/build/gripper_controller
[102.588s] Level 1:colcon.colcon_core.environment:checking '/home/bart/goliath_mobile/install/gripper_controller' for CMake config files
[102.589s] Level 1:colcon.colcon_core.shell:create_environment_hook('gripper_controller', 'cmake_prefix_path')
[102.589s] INFO:colcon.colcon_core.shell:Creating environment hook '/home/bart/goliath_mobile/install/gripper_controller/share/gripper_controller/hook/cmake_prefix_path.ps1'
[102.590s] INFO:colcon.colcon_core.shell:Creating environment descriptor '/home/bart/goliath_mobile/install/gripper_controller/share/gripper_controller/hook/cmake_prefix_path.dsv'
[102.590s] INFO:colcon.colcon_core.shell:Creating environment hook '/home/bart/goliath_mobile/install/gripper_controller/share/gripper_controller/hook/cmake_prefix_path.sh'
[102.591s] Level 1:colcon.colcon_core.environment:checking '/home/bart/goliath_mobile/install/gripper_controller/lib'
[102.591s] Level 1:colcon.colcon_core.shell:create_environment_hook('gripper_controller', 'ld_library_path_lib')
[102.592s] INFO:colcon.colcon_core.shell:Creating environment hook '/home/bart/goliath_mobile/install/gripper_controller/share/gripper_controller/hook/ld_library_path_lib.ps1'
[102.592s] INFO:colcon.colcon_core.shell:Creating environment descriptor '/home/bart/goliath_mobile/install/gripper_controller/share/gripper_controller/hook/ld_library_path_lib.dsv'
[102.593s] INFO:colcon.colcon_core.shell:Creating environment hook '/home/bart/goliath_mobile/install/gripper_controller/share/gripper_controller/hook/ld_library_path_lib.sh'
[102.594s] Level 1:colcon.colcon_core.environment:checking '/home/bart/goliath_mobile/install/gripper_controller/bin'
[102.594s] Level 1:colcon.colcon_core.environment:checking '/home/bart/goliath_mobile/install/gripper_controller/lib/pkgconfig/gripper_controller.pc'
[102.594s] Level 1:colcon.colcon_core.environment:checking '/home/bart/goliath_mobile/install/gripper_controller/lib/python3.10/site-packages'
[102.595s] Level 1:colcon.colcon_core.environment:checking '/home/bart/goliath_mobile/install/gripper_controller/bin'
[102.595s] INFO:colcon.colcon_core.shell:Creating package script '/home/bart/goliath_mobile/install/gripper_controller/share/gripper_controller/package.ps1'
[102.596s] INFO:colcon.colcon_core.shell:Creating package descriptor '/home/bart/goliath_mobile/install/gripper_controller/share/gripper_controller/package.dsv'
[102.597s] INFO:colcon.colcon_core.shell:Creating package script '/home/bart/goliath_mobile/install/gripper_controller/share/gripper_controller/package.sh'
[102.598s] INFO:colcon.colcon_core.shell:Creating package script '/home/bart/goliath_mobile/install/gripper_controller/share/gripper_controller/package.bash'
[102.598s] INFO:colcon.colcon_core.shell:Creating package script '/home/bart/goliath_mobile/install/gripper_controller/share/gripper_controller/package.zsh'
[102.599s] Level 1:colcon.colcon_core.environment:create_file_with_runtime_dependencies(/home/bart/goliath_mobile/install/gripper_controller/share/colcon-core/packages/gripper_controller)
[102.600s] Level 1:colcon.colcon_core.environment:create_environment_scripts_only(gripper_controller)
[102.600s] Level 1:colcon.colcon_core.environment:checking '/home/bart/goliath_mobile/install/gripper_controller' for CMake module files
[102.601s] Level 1:colcon.colcon_core.environment:checking '/home/bart/goliath_mobile/install/gripper_controller' for CMake config files
[102.602s] Level 1:colcon.colcon_core.shell:create_environment_hook('gripper_controller', 'cmake_prefix_path')
[102.602s] INFO:colcon.colcon_core.shell:Creating environment hook '/home/bart/goliath_mobile/install/gripper_controller/share/gripper_controller/hook/cmake_prefix_path.ps1'
[102.603s] INFO:colcon.colcon_core.shell:Creating environment descriptor '/home/bart/goliath_mobile/install/gripper_controller/share/gripper_controller/hook/cmake_prefix_path.dsv'
[102.603s] INFO:colcon.colcon_core.shell:Creating environment hook '/home/bart/goliath_mobile/install/gripper_controller/share/gripper_controller/hook/cmake_prefix_path.sh'
[102.604s] Level 1:colcon.colcon_core.environment:checking '/home/bart/goliath_mobile/install/gripper_controller/lib'
[102.605s] Level 1:colcon.colcon_core.shell:create_environment_hook('gripper_controller', 'ld_library_path_lib')
[102.605s] INFO:colcon.colcon_core.shell:Creating environment hook '/home/bart/goliath_mobile/install/gripper_controller/share/gripper_controller/hook/ld_library_path_lib.ps1'
[102.606s] INFO:colcon.colcon_core.shell:Creating environment descriptor '/home/bart/goliath_mobile/install/gripper_controller/share/gripper_controller/hook/ld_library_path_lib.dsv'
[102.606s] INFO:colcon.colcon_core.shell:Creating environment hook '/home/bart/goliath_mobile/install/gripper_controller/share/gripper_controller/hook/ld_library_path_lib.sh'
[102.607s] Level 1:colcon.colcon_core.environment:checking '/home/bart/goliath_mobile/install/gripper_controller/bin'
[102.607s] Level 1:colcon.colcon_core.environment:checking '/home/bart/goliath_mobile/install/gripper_controller/lib/pkgconfig/gripper_controller.pc'
[102.607s] Level 1:colcon.colcon_core.environment:checking '/home/bart/goliath_mobile/install/gripper_controller/lib/python3.10/site-packages'
[102.608s] Level 1:colcon.colcon_core.environment:checking '/home/bart/goliath_mobile/install/gripper_controller/bin'
[102.609s] INFO:colcon.colcon_core.shell:Creating package script '/home/bart/goliath_mobile/install/gripper_controller/share/gripper_controller/package.ps1'
[102.610s] INFO:colcon.colcon_core.shell:Creating package descriptor '/home/bart/goliath_mobile/install/gripper_controller/share/gripper_controller/package.dsv'
[102.611s] INFO:colcon.colcon_core.shell:Creating package script '/home/bart/goliath_mobile/install/gripper_controller/share/gripper_controller/package.sh'
[102.612s] INFO:colcon.colcon_core.shell:Creating package script '/home/bart/goliath_mobile/install/gripper_controller/share/gripper_controller/package.bash'
[102.613s] INFO:colcon.colcon_core.shell:Creating package script '/home/bart/goliath_mobile/install/gripper_controller/share/gripper_controller/package.zsh'
[102.614s] Level 1:colcon.colcon_core.environment:create_file_with_runtime_dependencies(/home/bart/goliath_mobile/install/gripper_controller/share/colcon-core/packages/gripper_controller)
[132.507s] DEBUG:colcon.colcon_core.event_handler.log_command:Invoked command in '/home/bart/goliath_mobile/build/goliath_commander_cpp' returned '0': CMAKE_PREFIX_PATH=/home/bart/goliath_mobile/install/goliath_interfaces:/home/bart/goliath_mobile/install/rplidar_ros:/home/bart/goliath_mobile/install/ros2_control_demos:/home/bart/goliath_mobile/install/moveit:/home/bart/goliath_mobile/install/gripper_controller:/home/bart/goliath_mobile/install/goliath_moveit_config:/home/bart/goliath_mobile/install/goliath_controller:/home/bart/goliath_mobile/install/ros2_control_demo_description:/home/bart/goliath_mobile/install/hoverboard_ros2_control:/home/bart/goliath_mobile/install/hoverboard_hardware_interface:/home/bart/goliath_mobile/install/hoverboard_demo_bringup:/home/bart/goliath_mobile/install/hoverboard_demo_description:/home/bart/goliath_mobile/install/goliath_commander_cpp:/home/bart/goliath_mobile/install/arm_move_joy:/home/bart/goliath_base/install/hoverboard_demo_bringup:/home/bart/goliath_base/install/hoverboard_demo_description:/home/bart/goliath_mobile/install/ros2_control_demo_testing:/home/bart/goliath_mobile/install/gripper_description:/opt/ros/humble LD_LIBRARY_PATH=/home/bart/goliath_mobile/install/goliath_interfaces/lib:/home/bart/goliath_mobile/install/gripper_controller/lib:/home/bart/goliath_mobile/install/goliath_controller/lib:/home/bart/goliath_mobile/install/hoverboard_hardware_interface/lib:/opt/ros/humble/opt/rviz_ogre_vendor/lib:/opt/ros/humble/lib/x86_64-linux-gnu:/opt/ros/humble/lib /usr/bin/cmake --build /home/bart/goliath_mobile/build/goliath_commander_cpp -- -j4 -l4
[132.510s] DEBUG:colcon.colcon_core.event_handler.log_command:Invoking command in '/home/bart/goliath_mobile/build/goliath_commander_cpp': CMAKE_PREFIX_PATH=/home/bart/goliath_mobile/install/goliath_interfaces:/home/bart/goliath_mobile/install/rplidar_ros:/home/bart/goliath_mobile/install/ros2_control_demos:/home/bart/goliath_mobile/install/moveit:/home/bart/goliath_mobile/install/gripper_controller:/home/bart/goliath_mobile/install/goliath_moveit_config:/home/bart/goliath_mobile/install/goliath_controller:/home/bart/goliath_mobile/install/ros2_control_demo_description:/home/bart/goliath_mobile/install/hoverboard_ros2_control:/home/bart/goliath_mobile/install/hoverboard_hardware_interface:/home/bart/goliath_mobile/install/hoverboard_demo_bringup:/home/bart/goliath_mobile/install/hoverboard_demo_description:/home/bart/goliath_mobile/install/goliath_commander_cpp:/home/bart/goliath_mobile/install/arm_move_joy:/home/bart/goliath_base/install/hoverboard_demo_bringup:/home/bart/goliath_base/install/hoverboard_demo_description:/home/bart/goliath_mobile/install/ros2_control_demo_testing:/home/bart/goliath_mobile/install/gripper_description:/opt/ros/humble LD_LIBRARY_PATH=/home/bart/goliath_mobile/install/goliath_interfaces/lib:/home/bart/goliath_mobile/install/gripper_controller/lib:/home/bart/goliath_mobile/install/goliath_controller/lib:/home/bart/goliath_mobile/install/hoverboard_hardware_interface/lib:/opt/ros/humble/opt/rviz_ogre_vendor/lib:/opt/ros/humble/lib/x86_64-linux-gnu:/opt/ros/humble/lib /usr/bin/cmake --install /home/bart/goliath_mobile/build/goliath_commander_cpp
[132.731s] Level 1:colcon.colcon_core.environment:create_environment_scripts_only(goliath_commander_cpp)
[132.732s] Level 1:colcon.colcon_core.environment:checking '/home/bart/goliath_mobile/install/goliath_commander_cpp' for CMake module files
[132.733s] DEBUG:colcon.colcon_core.event_handler.log_command:Invoked command in '/home/bart/goliath_mobile/build/goliath_commander_cpp' returned '0': CMAKE_PREFIX_PATH=/home/bart/goliath_mobile/install/goliath_interfaces:/home/bart/goliath_mobile/install/rplidar_ros:/home/bart/goliath_mobile/install/ros2_control_demos:/home/bart/goliath_mobile/install/moveit:/home/bart/goliath_mobile/install/gripper_controller:/home/bart/goliath_mobile/install/goliath_moveit_config:/home/bart/goliath_mobile/install/goliath_controller:/home/bart/goliath_mobile/install/ros2_control_demo_description:/home/bart/goliath_mobile/install/hoverboard_ros2_control:/home/bart/goliath_mobile/install/hoverboard_hardware_interface:/home/bart/goliath_mobile/install/hoverboard_demo_bringup:/home/bart/goliath_mobile/install/hoverboard_demo_description:/home/bart/goliath_mobile/install/goliath_commander_cpp:/home/bart/goliath_mobile/install/arm_move_joy:/home/bart/goliath_base/install/hoverboard_demo_bringup:/home/bart/goliath_base/install/hoverboard_demo_description:/home/bart/goliath_mobile/install/ros2_control_demo_testing:/home/bart/goliath_mobile/install/gripper_description:/opt/ros/humble LD_LIBRARY_PATH=/home/bart/goliath_mobile/install/goliath_interfaces/lib:/home/bart/goliath_mobile/install/gripper_controller/lib:/home/bart/goliath_mobile/install/goliath_controller/lib:/home/bart/goliath_mobile/install/hoverboard_hardware_interface/lib:/opt/ros/humble/opt/rviz_ogre_vendor/lib:/opt/ros/humble/lib/x86_64-linux-gnu:/opt/ros/humble/lib /usr/bin/cmake --install /home/bart/goliath_mobile/build/goliath_commander_cpp
[132.734s] Level 1:colcon.colcon_core.environment:checking '/home/bart/goliath_mobile/install/goliath_commander_cpp' for CMake config files
[132.734s] Level 1:colcon.colcon_core.shell:create_environment_hook('goliath_commander_cpp', 'cmake_prefix_path')
[132.735s] INFO:colcon.colcon_core.shell:Creating environment hook '/home/bart/goliath_mobile/install/goliath_commander_cpp/share/goliath_commander_cpp/hook/cmake_prefix_path.ps1'
[132.736s] INFO:colcon.colcon_core.shell:Creating environment descriptor '/home/bart/goliath_mobile/install/goliath_commander_cpp/share/goliath_commander_cpp/hook/cmake_prefix_path.dsv'
[132.736s] INFO:colcon.colcon_core.shell:Creating environment hook '/home/bart/goliath_mobile/install/goliath_commander_cpp/share/goliath_commander_cpp/hook/cmake_prefix_path.sh'
[132.737s] Level 1:colcon.colcon_core.environment:checking '/home/bart/goliath_mobile/install/goliath_commander_cpp/lib'
[132.737s] Level 1:colcon.colcon_core.environment:checking '/home/bart/goliath_mobile/install/goliath_commander_cpp/bin'
[132.738s] Level 1:colcon.colcon_core.environment:checking '/home/bart/goliath_mobile/install/goliath_commander_cpp/lib/pkgconfig/goliath_commander_cpp.pc'
[132.738s] Level 1:colcon.colcon_core.environment:checking '/home/bart/goliath_mobile/install/goliath_commander_cpp/lib/python3.10/site-packages'
[132.739s] Level 1:colcon.colcon_core.environment:checking '/home/bart/goliath_mobile/install/goliath_commander_cpp/bin'
[132.740s] INFO:colcon.colcon_core.shell:Creating package script '/home/bart/goliath_mobile/install/goliath_commander_cpp/share/goliath_commander_cpp/package.ps1'
[132.741s] INFO:colcon.colcon_core.shell:Creating package descriptor '/home/bart/goliath_mobile/install/goliath_commander_cpp/share/goliath_commander_cpp/package.dsv'
[132.742s] INFO:colcon.colcon_core.shell:Creating package script '/home/bart/goliath_mobile/install/goliath_commander_cpp/share/goliath_commander_cpp/package.sh'
[132.742s] INFO:colcon.colcon_core.shell:Creating package script '/home/bart/goliath_mobile/install/goliath_commander_cpp/share/goliath_commander_cpp/package.bash'
[132.743s] INFO:colcon.colcon_core.shell:Creating package script '/home/bart/goliath_mobile/install/goliath_commander_cpp/share/goliath_commander_cpp/package.zsh'
[132.744s] Level 1:colcon.colcon_core.environment:create_file_with_runtime_dependencies(/home/bart/goliath_mobile/install/goliath_commander_cpp/share/colcon-core/packages/goliath_commander_cpp)
[132.745s] Level 1:colcon.colcon_core.environment:create_environment_scripts_only(goliath_commander_cpp)
[132.746s] Level 1:colcon.colcon_core.environment:checking '/home/bart/goliath_mobile/install/goliath_commander_cpp' for CMake module files
[132.746s] Level 1:colcon.colcon_core.environment:checking '/home/bart/goliath_mobile/install/goliath_commander_cpp' for CMake config files
[132.747s] Level 1:colcon.colcon_core.shell:create_environment_hook('goliath_commander_cpp', 'cmake_prefix_path')
[132.747s] INFO:colcon.colcon_core.shell:Creating environment hook '/home/bart/goliath_mobile/install/goliath_commander_cpp/share/goliath_commander_cpp/hook/cmake_prefix_path.ps1'
[132.748s] INFO:colcon.colcon_core.shell:Creating environment descriptor '/home/bart/goliath_mobile/install/goliath_commander_cpp/share/goliath_commander_cpp/hook/cmake_prefix_path.dsv'
[132.748s] INFO:colcon.colcon_core.shell:Creating environment hook '/home/bart/goliath_mobile/install/goliath_commander_cpp/share/goliath_commander_cpp/hook/cmake_prefix_path.sh'
[132.749s] Level 1:colcon.colcon_core.environment:checking '/home/bart/goliath_mobile/install/goliath_commander_cpp/lib'
[132.749s] Level 1:colcon.colcon_core.environment:checking '/home/bart/goliath_mobile/install/goliath_commander_cpp/bin'
[132.749s] Level 1:colcon.colcon_core.environment:checking '/home/bart/goliath_mobile/install/goliath_commander_cpp/lib/pkgconfig/goliath_commander_cpp.pc'
[132.750s] Level 1:colcon.colcon_core.environment:checking '/home/bart/goliath_mobile/install/goliath_commander_cpp/lib/python3.10/site-packages'
[132.750s] Level 1:colcon.colcon_core.environment:checking '/home/bart/goliath_mobile/install/goliath_commander_cpp/bin'
[132.751s] INFO:colcon.colcon_core.shell:Creating package script '/home/bart/goliath_mobile/install/goliath_commander_cpp/share/goliath_commander_cpp/package.ps1'
[132.752s] INFO:colcon.colcon_core.shell:Creating package descriptor '/home/bart/goliath_mobile/install/goliath_commander_cpp/share/goliath_commander_cpp/package.dsv'
[132.753s] INFO:colcon.colcon_core.shell:Creating package script '/home/bart/goliath_mobile/install/goliath_commander_cpp/share/goliath_commander_cpp/package.sh'
[132.753s] INFO:colcon.colcon_core.shell:Creating package script '/home/bart/goliath_mobile/install/goliath_commander_cpp/share/goliath_commander_cpp/package.bash'
[132.754s] INFO:colcon.colcon_core.shell:Creating package script '/home/bart/goliath_mobile/install/goliath_commander_cpp/share/goliath_commander_cpp/package.zsh'
[132.755s] Level 1:colcon.colcon_core.environment:create_file_with_runtime_dependencies(/home/bart/goliath_mobile/install/goliath_commander_cpp/share/colcon-core/packages/goliath_commander_cpp)
[378.273s] DEBUG:colcon.colcon_core.event_handler.log_command:Invoked command in '/home/bart/goliath_mobile/build/arm_move_joy' returned '0': CMAKE_PREFIX_PATH=${CMAKE_PREFIX_PATH}:/home/bart/goliath_mobile/install/ros2_control_demo_testing:/home/bart/goliath_mobile/install/gripper_description:/opt/ros/humble /usr/bin/cmake --build /home/bart/goliath_mobile/build/arm_move_joy -- -j4 -l4
[378.277s] DEBUG:colcon.colcon_core.event_handler.log_command:Invoking command in '/home/bart/goliath_mobile/build/arm_move_joy': CMAKE_PREFIX_PATH=${CMAKE_PREFIX_PATH}:/home/bart/goliath_mobile/install/ros2_control_demo_testing:/home/bart/goliath_mobile/install/gripper_description:/opt/ros/humble /usr/bin/cmake --install /home/bart/goliath_mobile/build/arm_move_joy
[378.484s] Level 1:colcon.colcon_core.environment:create_environment_scripts_only(arm_move_joy)
[378.485s] DEBUG:colcon.colcon_core.event_handler.log_command:Invoked command in '/home/bart/goliath_mobile/build/arm_move_joy' returned '0': CMAKE_PREFIX_PATH=${CMAKE_PREFIX_PATH}:/home/bart/goliath_mobile/install/ros2_control_demo_testing:/home/bart/goliath_mobile/install/gripper_description:/opt/ros/humble /usr/bin/cmake --install /home/bart/goliath_mobile/build/arm_move_joy
[378.485s] Level 1:colcon.colcon_core.environment:checking '/home/bart/goliath_mobile/install/arm_move_joy' for CMake module files
[378.486s] Level 1:colcon.colcon_core.environment:checking '/home/bart/goliath_mobile/install/arm_move_joy' for CMake config files
[378.487s] Level 1:colcon.colcon_core.shell:create_environment_hook('arm_move_joy', 'cmake_prefix_path')
[378.487s] INFO:colcon.colcon_core.shell:Creating environment hook '/home/bart/goliath_mobile/install/arm_move_joy/share/arm_move_joy/hook/cmake_prefix_path.ps1'
[378.487s] INFO:colcon.colcon_core.shell:Creating environment descriptor '/home/bart/goliath_mobile/install/arm_move_joy/share/arm_move_joy/hook/cmake_prefix_path.dsv'
[378.488s] INFO:colcon.colcon_core.shell:Creating environment hook '/home/bart/goliath_mobile/install/arm_move_joy/share/arm_move_joy/hook/cmake_prefix_path.sh'
[378.489s] Level 1:colcon.colcon_core.environment:checking '/home/bart/goliath_mobile/install/arm_move_joy/lib'
[378.489s] Level 1:colcon.colcon_core.environment:checking '/home/bart/goliath_mobile/install/arm_move_joy/bin'
[378.489s] Level 1:colcon.colcon_core.environment:checking '/home/bart/goliath_mobile/install/arm_move_joy/lib/pkgconfig/arm_move_joy.pc'
[378.489s] Level 1:colcon.colcon_core.environment:checking '/home/bart/goliath_mobile/install/arm_move_joy/lib/python3.10/site-packages'
[378.490s] Level 1:colcon.colcon_core.environment:checking '/home/bart/goliath_mobile/install/arm_move_joy/bin'
[378.490s] INFO:colcon.colcon_core.shell:Creating package script '/home/bart/goliath_mobile/install/arm_move_joy/share/arm_move_joy/package.ps1'
[378.491s] INFO:colcon.colcon_core.shell:Creating package descriptor '/home/bart/goliath_mobile/install/arm_move_joy/share/arm_move_joy/package.dsv'
[378.491s] INFO:colcon.colcon_core.shell:Creating package script '/home/bart/goliath_mobile/install/arm_move_joy/share/arm_move_joy/package.sh'
[378.492s] INFO:colcon.colcon_core.shell:Creating package script '/home/bart/goliath_mobile/install/arm_move_joy/share/arm_move_joy/package.bash'
[378.492s] INFO:colcon.colcon_core.shell:Creating package script '/home/bart/goliath_mobile/install/arm_move_joy/share/arm_move_joy/package.zsh'
[378.493s] Level 1:colcon.colcon_core.environment:create_file_with_runtime_dependencies(/home/bart/goliath_mobile/install/arm_move_joy/share/colcon-core/packages/arm_move_joy)
[378.494s] Level 1:colcon.colcon_core.environment:create_environment_scripts_only(arm_move_joy)
[378.494s] Level 1:colcon.colcon_core.environment:checking '/home/bart/goliath_mobile/install/arm_move_joy' for CMake module files
[378.494s] Level 1:colcon.colcon_core.environment:checking '/home/bart/goliath_mobile/install/arm_move_joy' for CMake config files
[378.495s] Level 1:colcon.colcon_core.shell:create_environment_hook('arm_move_joy', 'cmake_prefix_path')
[378.495s] INFO:colcon.colcon_core.shell:Creating environment hook '/home/bart/goliath_mobile/install/arm_move_joy/share/arm_move_joy/hook/cmake_prefix_path.ps1'
[378.496s] INFO:colcon.colcon_core.shell:Creating environment descriptor '/home/bart/goliath_mobile/install/arm_move_joy/share/arm_move_joy/hook/cmake_prefix_path.dsv'
[378.496s] INFO:colcon.colcon_core.shell:Creating environment hook '/home/bart/goliath_mobile/install/arm_move_joy/share/arm_move_joy/hook/cmake_prefix_path.sh'
[378.497s] Level 1:colcon.colcon_core.environment:checking '/home/bart/goliath_mobile/install/arm_move_joy/lib'
[378.497s] Level 1:colcon.colcon_core.environment:checking '/home/bart/goliath_mobile/install/arm_move_joy/bin'
[378.497s] Level 1:colcon.colcon_core.environment:checking '/home/bart/goliath_mobile/install/arm_move_joy/lib/pkgconfig/arm_move_joy.pc'
[378.497s] Level 1:colcon.colcon_core.environment:checking '/home/bart/goliath_mobile/install/arm_move_joy/lib/python3.10/site-packages'
[378.498s] Level 1:colcon.colcon_core.environment:checking '/home/bart/goliath_mobile/install/arm_move_joy/bin'
[378.498s] INFO:colcon.colcon_core.shell:Creating package script '/home/bart/goliath_mobile/install/arm_move_joy/share/arm_move_joy/package.ps1'
[378.499s] INFO:colcon.colcon_core.shell:Creating package descriptor '/home/bart/goliath_mobile/install/arm_move_joy/share/arm_move_joy/package.dsv'
[378.500s] INFO:colcon.colcon_core.shell:Creating package script '/home/bart/goliath_mobile/install/arm_move_joy/share/arm_move_joy/package.sh'
[378.501s] INFO:colcon.colcon_core.shell:Creating package script '/home/bart/goliath_mobile/install/arm_move_joy/share/arm_move_joy/package.bash'
[378.501s] INFO:colcon.colcon_core.shell:Creating package script '/home/bart/goliath_mobile/install/arm_move_joy/share/arm_move_joy/package.zsh'
[378.502s] Level 1:colcon.colcon_core.environment:create_file_with_runtime_dependencies(/home/bart/goliath_mobile/install/arm_move_joy/share/colcon-core/packages/arm_move_joy)
[378.502s] DEBUG:colcon.colcon_parallel_executor.executor.parallel:closing loop
[378.503s] DEBUG:colcon.colcon_parallel_executor.executor.parallel:loop closed
[378.503s] DEBUG:colcon.colcon_parallel_executor.executor.parallel:run_until_complete finished with '0'
[378.503s] DEBUG:colcon.colcon_core.event_reactor:joining thread
[378.535s] INFO:colcon.colcon_core.plugin_system:Skipping extension 'colcon_notification.desktop_notification.terminal_notifier': Not used on non-Darwin systems
[378.536s] INFO:colcon.colcon_core.plugin_system:Skipping extension 'colcon_notification.desktop_notification.win32': Not used on non-Windows systems
[378.536s] INFO:colcon.colcon_notification.desktop_notification:Sending desktop notification using 'notify2'
[378.624s] DEBUG:colcon.colcon_core.event_reactor:joined thread
[378.625s] INFO:colcon.colcon_core.shell:Creating prefix script '/home/bart/goliath_mobile/install/local_setup.ps1'
[378.627s] INFO:colcon.colcon_core.shell:Creating prefix util module '/home/bart/goliath_mobile/install/_local_setup_util_ps1.py'
[378.632s] INFO:colcon.colcon_core.shell:Creating prefix chain script '/home/bart/goliath_mobile/install/setup.ps1'
[378.635s] INFO:colcon.colcon_core.shell:Creating prefix script '/home/bart/goliath_mobile/install/local_setup.sh'
[378.636s] INFO:colcon.colcon_core.shell:Creating prefix util module '/home/bart/goliath_mobile/install/_local_setup_util_sh.py'
[378.637s] INFO:colcon.colcon_core.shell:Creating prefix chain script '/home/bart/goliath_mobile/install/setup.sh'
[378.642s] INFO:colcon.colcon_core.shell:Creating prefix script '/home/bart/goliath_mobile/install/local_setup.bash'
[378.644s] INFO:colcon.colcon_core.shell:Creating prefix chain script '/home/bart/goliath_mobile/install/setup.bash'
[378.650s] INFO:colcon.colcon_core.shell:Creating prefix script '/home/bart/goliath_mobile/install/local_setup.zsh'
[378.652s] INFO:colcon.colcon_core.shell:Creating prefix chain script '/home/bart/goliath_mobile/install/setup.zsh'
