[0.163s] DEBUG:colcon:Command line arguments: ['/usr/bin/colcon', 'build', '--symlink-install']
[0.163s] DEBUG:colcon:Parsed command line arguments: Namespace(log_base=None, log_level=None, verb_name='build', build_base='build', install_base='install', merge_install=False, symlink_install=True, test_result_base=None, continue_on_error=False, executor='parallel', parallel_workers=4, event_handlers=None, ignore_user_meta=False, metas=['./colcon.meta'], base_paths=['.'], packages_ignore=None, packages_ignore_regex=None, paths=None, packages_up_to=None, packages_up_to_regex=None, packages_above=None, packages_above_and_dependencies=None, packages_above_depth=None, packages_select_by_dep=None, packages_skip_by_dep=None, packages_skip_up_to=None, packages_select_build_failed=False, packages_skip_build_finished=False, packages_select_test_failures=False, packages_skip_test_passed=False, packages_select=None, packages_skip=None, packages_select_regex=None, packages_skip_regex=None, packages_start=None, packages_end=None, allow_overriding=[], cmake_args=None, cmake_target=None, cmake_target_skip_unavailable=False, cmake_clean_cache=False, cmake_clean_first=False, cmake_force_configure=False, ament_cmake_args=None, catkin_cmake_args=None, catkin_skip_building_tests=False, mixin_files=None, mixin=None, verb_parser=<colcon_mixin.mixin.mixin_argument.MixinArgumentDecorator object at 0x776faf65b5b0>, verb_extension=<colcon_core.verb.build.BuildVerb object at 0x776faf7a0430>, main=<bound method BuildVerb.main of <colcon_core.verb.build.BuildVerb object at 0x776faf7a0430>>, mixin_verb=('build',))
[0.428s] Level 1:colcon.colcon_core.package_discovery:discover_packages(colcon_meta) check parameters
[0.428s] Level 1:colcon.colcon_core.package_discovery:discover_packages(recursive) check parameters
[0.428s] Level 1:colcon.colcon_core.package_discovery:discover_packages(ignore) check parameters
[0.428s] Level 1:colcon.colcon_core.package_discovery:discover_packages(path) check parameters
[0.428s] Level 1:colcon.colcon_core.package_discovery:discover_packages(colcon_meta) discover
[0.429s] Level 1:colcon.colcon_core.package_discovery:discover_packages(recursive) discover
[0.429s] INFO:colcon.colcon_core.package_discovery:Crawling recursively for packages in '/home/bart/goliath_mobile'
[0.429s] Level 1:colcon.colcon_core.package_identification:_identify(.) by extensions ['ignore', 'ignore_ament_install']
[0.432s] Level 1:colcon.colcon_core.package_identification:_identify(.) by extension 'ignore'
[0.432s] Level 1:colcon.colcon_core.package_identification:_identify(.) by extension 'ignore_ament_install'
[0.432s] Level 1:colcon.colcon_core.package_identification:_identify(.) by extensions ['colcon_pkg']
[0.432s] Level 1:colcon.colcon_core.package_identification:_identify(.) by extension 'colcon_pkg'
[0.432s] Level 1:colcon.colcon_core.package_identification:_identify(.) by extensions ['colcon_meta']
[0.432s] Level 1:colcon.colcon_core.package_identification:_identify(.) by extension 'colcon_meta'
[0.433s] Level 1:colcon.colcon_core.package_identification:_identify(.) by extensions ['ros']
[0.433s] Level 1:colcon.colcon_core.package_identification:_identify(.) by extension 'ros'
[0.448s] Level 1:colcon.colcon_core.package_identification:_identify(.) by extensions ['cmake', 'python']
[0.448s] Level 1:colcon.colcon_core.package_identification:_identify(.) by extension 'cmake'
[0.448s] Level 1:colcon.colcon_core.package_identification:_identify(.) by extension 'python'
[0.449s] Level 1:colcon.colcon_core.package_identification:_identify(.) by extensions ['python_setup_py']
[0.449s] Level 1:colcon.colcon_core.package_identification:_identify(.) by extension 'python_setup_py'
[0.449s] Level 1:colcon.colcon_core.package_identification:_identify(build) by extensions ['ignore', 'ignore_ament_install']
[0.449s] Level 1:colcon.colcon_core.package_identification:_identify(build) by extension 'ignore'
[0.449s] Level 1:colcon.colcon_core.package_identification:_identify(build) ignored
[0.449s] Level 1:colcon.colcon_core.package_identification:_identify(install) by extensions ['ignore', 'ignore_ament_install']
[0.449s] Level 1:colcon.colcon_core.package_identification:_identify(install) by extension 'ignore'
[0.449s] Level 1:colcon.colcon_core.package_identification:_identify(install) ignored
[0.449s] Level 1:colcon.colcon_core.package_identification:_identify(log) by extensions ['ignore', 'ignore_ament_install']
[0.450s] Level 1:colcon.colcon_core.package_identification:_identify(log) by extension 'ignore'
[0.450s] Level 1:colcon.colcon_core.package_identification:_identify(log) ignored
[0.450s] Level 1:colcon.colcon_core.package_identification:_identify(src) by extensions ['ignore', 'ignore_ament_install']
[0.450s] Level 1:colcon.colcon_core.package_identification:_identify(src) by extension 'ignore'
[0.450s] Level 1:colcon.colcon_core.package_identification:_identify(src) by extension 'ignore_ament_install'
[0.450s] Level 1:colcon.colcon_core.package_identification:_identify(src) by extensions ['colcon_pkg']
[0.450s] Level 1:colcon.colcon_core.package_identification:_identify(src) by extension 'colcon_pkg'
[0.450s] Level 1:colcon.colcon_core.package_identification:_identify(src) by extensions ['colcon_meta']
[0.451s] Level 1:colcon.colcon_core.package_identification:_identify(src) by extension 'colcon_meta'
[0.451s] Level 1:colcon.colcon_core.package_identification:_identify(src) by extensions ['ros']
[0.451s] Level 1:colcon.colcon_core.package_identification:_identify(src) by extension 'ros'
[0.451s] Level 1:colcon.colcon_core.package_identification:_identify(src) by extensions ['cmake', 'python']
[0.451s] Level 1:colcon.colcon_core.package_identification:_identify(src) by extension 'cmake'
[0.451s] Level 1:colcon.colcon_core.package_identification:_identify(src) by extension 'python'
[0.451s] Level 1:colcon.colcon_core.package_identification:_identify(src) by extensions ['python_setup_py']
[0.451s] Level 1:colcon.colcon_core.package_identification:_identify(src) by extension 'python_setup_py'
[0.451s] Level 1:colcon.colcon_core.package_identification:_identify(src/goliath_gripper) by extensions ['ignore', 'ignore_ament_install']
[0.451s] Level 1:colcon.colcon_core.package_identification:_identify(src/goliath_gripper) by extension 'ignore'
[0.451s] Level 1:colcon.colcon_core.package_identification:_identify(src/goliath_gripper) by extension 'ignore_ament_install'
[0.451s] Level 1:colcon.colcon_core.package_identification:_identify(src/goliath_gripper) by extensions ['colcon_pkg']
[0.451s] Level 1:colcon.colcon_core.package_identification:_identify(src/goliath_gripper) by extension 'colcon_pkg'
[0.451s] Level 1:colcon.colcon_core.package_identification:_identify(src/goliath_gripper) by extensions ['colcon_meta']
[0.452s] Level 1:colcon.colcon_core.package_identification:_identify(src/goliath_gripper) by extension 'colcon_meta'
[0.452s] Level 1:colcon.colcon_core.package_identification:_identify(src/goliath_gripper) by extensions ['ros']
[0.452s] Level 1:colcon.colcon_core.package_identification:_identify(src/goliath_gripper) by extension 'ros'
[0.452s] Level 1:colcon.colcon_core.package_identification:_identify(src/goliath_gripper) by extensions ['cmake', 'python']
[0.452s] Level 1:colcon.colcon_core.package_identification:_identify(src/goliath_gripper) by extension 'cmake'
[0.452s] Level 1:colcon.colcon_core.package_identification:_identify(src/goliath_gripper) by extension 'python'
[0.452s] Level 1:colcon.colcon_core.package_identification:_identify(src/goliath_gripper) by extensions ['python_setup_py']
[0.452s] Level 1:colcon.colcon_core.package_identification:_identify(src/goliath_gripper) by extension 'python_setup_py'
[0.452s] Level 1:colcon.colcon_core.package_identification:_identify(src/goliath_gripper/gripper_controller) by extensions ['ignore', 'ignore_ament_install']
[0.452s] Level 1:colcon.colcon_core.package_identification:_identify(src/goliath_gripper/gripper_controller) by extension 'ignore'
[0.452s] Level 1:colcon.colcon_core.package_identification:_identify(src/goliath_gripper/gripper_controller) by extension 'ignore_ament_install'
[0.452s] Level 1:colcon.colcon_core.package_identification:_identify(src/goliath_gripper/gripper_controller) by extensions ['colcon_pkg']
[0.452s] Level 1:colcon.colcon_core.package_identification:_identify(src/goliath_gripper/gripper_controller) by extension 'colcon_pkg'
[0.452s] Level 1:colcon.colcon_core.package_identification:_identify(src/goliath_gripper/gripper_controller) by extensions ['colcon_meta']
[0.453s] Level 1:colcon.colcon_core.package_identification:_identify(src/goliath_gripper/gripper_controller) by extension 'colcon_meta'
[0.453s] Level 1:colcon.colcon_core.package_identification:_identify(src/goliath_gripper/gripper_controller) by extensions ['ros']
[0.453s] Level 1:colcon.colcon_core.package_identification:_identify(src/goliath_gripper/gripper_controller) by extension 'ros'
[0.457s] DEBUG:colcon.colcon_core.package_identification:Package 'src/goliath_gripper/gripper_controller' with type 'ros.ament_cmake' and name 'gripper_controller'
[0.458s] Level 1:colcon.colcon_core.package_identification:_identify(src/goliath_gripper/gripper_description) by extensions ['ignore', 'ignore_ament_install']
[0.458s] Level 1:colcon.colcon_core.package_identification:_identify(src/goliath_gripper/gripper_description) by extension 'ignore'
[0.458s] Level 1:colcon.colcon_core.package_identification:_identify(src/goliath_gripper/gripper_description) by extension 'ignore_ament_install'
[0.458s] Level 1:colcon.colcon_core.package_identification:_identify(src/goliath_gripper/gripper_description) by extensions ['colcon_pkg']
[0.458s] Level 1:colcon.colcon_core.package_identification:_identify(src/goliath_gripper/gripper_description) by extension 'colcon_pkg'
[0.458s] Level 1:colcon.colcon_core.package_identification:_identify(src/goliath_gripper/gripper_description) by extensions ['colcon_meta']
[0.458s] Level 1:colcon.colcon_core.package_identification:_identify(src/goliath_gripper/gripper_description) by extension 'colcon_meta'
[0.458s] Level 1:colcon.colcon_core.package_identification:_identify(src/goliath_gripper/gripper_description) by extensions ['ros']
[0.458s] Level 1:colcon.colcon_core.package_identification:_identify(src/goliath_gripper/gripper_description) by extension 'ros'
[0.459s] DEBUG:colcon.colcon_core.package_identification:Package 'src/goliath_gripper/gripper_description' with type 'ros.ament_python' and name 'gripper_description'
[0.460s] Level 1:colcon.colcon_core.package_identification:_identify(src/goliath_moveit_config) by extensions ['ignore', 'ignore_ament_install']
[0.460s] Level 1:colcon.colcon_core.package_identification:_identify(src/goliath_moveit_config) by extension 'ignore'
[0.460s] Level 1:colcon.colcon_core.package_identification:_identify(src/goliath_moveit_config) by extension 'ignore_ament_install'
[0.460s] Level 1:colcon.colcon_core.package_identification:_identify(src/goliath_moveit_config) by extensions ['colcon_pkg']
[0.460s] Level 1:colcon.colcon_core.package_identification:_identify(src/goliath_moveit_config) by extension 'colcon_pkg'
[0.460s] Level 1:colcon.colcon_core.package_identification:_identify(src/goliath_moveit_config) by extensions ['colcon_meta']
[0.460s] Level 1:colcon.colcon_core.package_identification:_identify(src/goliath_moveit_config) by extension 'colcon_meta'
[0.460s] Level 1:colcon.colcon_core.package_identification:_identify(src/goliath_moveit_config) by extensions ['ros']
[0.460s] Level 1:colcon.colcon_core.package_identification:_identify(src/goliath_moveit_config) by extension 'ros'
[0.461s] DEBUG:colcon.colcon_core.package_identification:Package 'src/goliath_moveit_config' with type 'ros.ament_cmake' and name 'goliath_moveit_config'
[0.461s] Level 1:colcon.colcon_core.package_identification:_identify(src/golitath_mobile) by extensions ['ignore', 'ignore_ament_install']
[0.461s] Level 1:colcon.colcon_core.package_identification:_identify(src/golitath_mobile) by extension 'ignore'
[0.462s] Level 1:colcon.colcon_core.package_identification:_identify(src/golitath_mobile) by extension 'ignore_ament_install'
[0.462s] Level 1:colcon.colcon_core.package_identification:_identify(src/golitath_mobile) by extensions ['colcon_pkg']
[0.462s] Level 1:colcon.colcon_core.package_identification:_identify(src/golitath_mobile) by extension 'colcon_pkg'
[0.462s] Level 1:colcon.colcon_core.package_identification:_identify(src/golitath_mobile) by extensions ['colcon_meta']
[0.462s] Level 1:colcon.colcon_core.package_identification:_identify(src/golitath_mobile) by extension 'colcon_meta'
[0.462s] Level 1:colcon.colcon_core.package_identification:_identify(src/golitath_mobile) by extensions ['ros']
[0.462s] Level 1:colcon.colcon_core.package_identification:_identify(src/golitath_mobile) by extension 'ros'
[0.462s] Level 1:colcon.colcon_core.package_identification:_identify(src/golitath_mobile) by extensions ['cmake', 'python']
[0.462s] Level 1:colcon.colcon_core.package_identification:_identify(src/golitath_mobile) by extension 'cmake'
[0.462s] Level 1:colcon.colcon_core.package_identification:_identify(src/golitath_mobile) by extension 'python'
[0.462s] Level 1:colcon.colcon_core.package_identification:_identify(src/golitath_mobile) by extensions ['python_setup_py']
[0.462s] Level 1:colcon.colcon_core.package_identification:_identify(src/golitath_mobile) by extension 'python_setup_py'
[0.462s] Level 1:colcon.colcon_core.package_identification:_identify(src/golitath_mobile/goliath) by extensions ['ignore', 'ignore_ament_install']
[0.462s] Level 1:colcon.colcon_core.package_identification:_identify(src/golitath_mobile/goliath) by extension 'ignore'
[0.463s] Level 1:colcon.colcon_core.package_identification:_identify(src/golitath_mobile/goliath) by extension 'ignore_ament_install'
[0.463s] Level 1:colcon.colcon_core.package_identification:_identify(src/golitath_mobile/goliath) by extensions ['colcon_pkg']
[0.463s] Level 1:colcon.colcon_core.package_identification:_identify(src/golitath_mobile/goliath) by extension 'colcon_pkg'
[0.463s] Level 1:colcon.colcon_core.package_identification:_identify(src/golitath_mobile/goliath) by extensions ['colcon_meta']
[0.463s] Level 1:colcon.colcon_core.package_identification:_identify(src/golitath_mobile/goliath) by extension 'colcon_meta'
[0.463s] Level 1:colcon.colcon_core.package_identification:_identify(src/golitath_mobile/goliath) by extensions ['ros']
[0.463s] Level 1:colcon.colcon_core.package_identification:_identify(src/golitath_mobile/goliath) by extension 'ros'
[0.463s] Level 1:colcon.colcon_core.package_identification:_identify(src/golitath_mobile/goliath) by extensions ['cmake', 'python']
[0.463s] Level 1:colcon.colcon_core.package_identification:_identify(src/golitath_mobile/goliath) by extension 'cmake'
[0.463s] Level 1:colcon.colcon_core.package_identification:_identify(src/golitath_mobile/goliath) by extension 'python'
[0.463s] Level 1:colcon.colcon_core.package_identification:_identify(src/golitath_mobile/goliath) by extensions ['python_setup_py']
[0.463s] Level 1:colcon.colcon_core.package_identification:_identify(src/golitath_mobile/goliath) by extension 'python_setup_py'
[0.463s] Level 1:colcon.colcon_core.package_identification:_identify(src/golitath_mobile/goliath/arm_move_joy) by extensions ['ignore', 'ignore_ament_install']
[0.463s] Level 1:colcon.colcon_core.package_identification:_identify(src/golitath_mobile/goliath/arm_move_joy) by extension 'ignore'
[0.463s] Level 1:colcon.colcon_core.package_identification:_identify(src/golitath_mobile/goliath/arm_move_joy) by extension 'ignore_ament_install'
[0.464s] Level 1:colcon.colcon_core.package_identification:_identify(src/golitath_mobile/goliath/arm_move_joy) by extensions ['colcon_pkg']
[0.464s] Level 1:colcon.colcon_core.package_identification:_identify(src/golitath_mobile/goliath/arm_move_joy) by extension 'colcon_pkg'
[0.464s] Level 1:colcon.colcon_core.package_identification:_identify(src/golitath_mobile/goliath/arm_move_joy) by extensions ['colcon_meta']
[0.464s] Level 1:colcon.colcon_core.package_identification:_identify(src/golitath_mobile/goliath/arm_move_joy) by extension 'colcon_meta'
[0.464s] Level 1:colcon.colcon_core.package_identification:_identify(src/golitath_mobile/goliath/arm_move_joy) by extensions ['ros']
[0.464s] Level 1:colcon.colcon_core.package_identification:_identify(src/golitath_mobile/goliath/arm_move_joy) by extension 'ros'
[0.465s] DEBUG:colcon.colcon_core.package_identification:Package 'src/golitath_mobile/goliath/arm_move_joy' with type 'ros.ament_cmake' and name 'arm_move_joy'
[0.465s] Level 1:colcon.colcon_core.package_identification:_identify(src/golitath_mobile/goliath/goliath_commander_cpp) by extensions ['ignore', 'ignore_ament_install']
[0.465s] Level 1:colcon.colcon_core.package_identification:_identify(src/golitath_mobile/goliath/goliath_commander_cpp) by extension 'ignore'
[0.465s] Level 1:colcon.colcon_core.package_identification:_identify(src/golitath_mobile/goliath/goliath_commander_cpp) by extension 'ignore_ament_install'
[0.465s] Level 1:colcon.colcon_core.package_identification:_identify(src/golitath_mobile/goliath/goliath_commander_cpp) by extensions ['colcon_pkg']
[0.465s] Level 1:colcon.colcon_core.package_identification:_identify(src/golitath_mobile/goliath/goliath_commander_cpp) by extension 'colcon_pkg'
[0.466s] Level 1:colcon.colcon_core.package_identification:_identify(src/golitath_mobile/goliath/goliath_commander_cpp) by extensions ['colcon_meta']
[0.466s] Level 1:colcon.colcon_core.package_identification:_identify(src/golitath_mobile/goliath/goliath_commander_cpp) by extension 'colcon_meta'
[0.466s] Level 1:colcon.colcon_core.package_identification:_identify(src/golitath_mobile/goliath/goliath_commander_cpp) by extensions ['ros']
[0.466s] Level 1:colcon.colcon_core.package_identification:_identify(src/golitath_mobile/goliath/goliath_commander_cpp) by extension 'ros'
[0.470s] DEBUG:colcon.colcon_core.package_identification:Package 'src/golitath_mobile/goliath/goliath_commander_cpp' with type 'ros.ament_cmake' and name 'goliath_commander_cpp'
[0.471s] Level 1:colcon.colcon_core.package_identification:_identify(src/golitath_mobile/goliath/goliath_controller) by extensions ['ignore', 'ignore_ament_install']
[0.471s] Level 1:colcon.colcon_core.package_identification:_identify(src/golitath_mobile/goliath/goliath_controller) by extension 'ignore'
[0.471s] Level 1:colcon.colcon_core.package_identification:_identify(src/golitath_mobile/goliath/goliath_controller) by extension 'ignore_ament_install'
[0.471s] Level 1:colcon.colcon_core.package_identification:_identify(src/golitath_mobile/goliath/goliath_controller) by extensions ['colcon_pkg']
[0.471s] Level 1:colcon.colcon_core.package_identification:_identify(src/golitath_mobile/goliath/goliath_controller) by extension 'colcon_pkg'
[0.471s] Level 1:colcon.colcon_core.package_identification:_identify(src/golitath_mobile/goliath/goliath_controller) by extensions ['colcon_meta']
[0.472s] Level 1:colcon.colcon_core.package_identification:_identify(src/golitath_mobile/goliath/goliath_controller) by extension 'colcon_meta'
[0.472s] Level 1:colcon.colcon_core.package_identification:_identify(src/golitath_mobile/goliath/goliath_controller) by extensions ['ros']
[0.472s] Level 1:colcon.colcon_core.package_identification:_identify(src/golitath_mobile/goliath/goliath_controller) by extension 'ros'
[0.474s] DEBUG:colcon.colcon_core.package_identification:Package 'src/golitath_mobile/goliath/goliath_controller' with type 'ros.ament_cmake' and name 'goliath_controller'
[0.474s] Level 1:colcon.colcon_core.package_identification:_identify(src/golitath_mobile/goliath/goliath_interfaces) by extensions ['ignore', 'ignore_ament_install']
[0.475s] Level 1:colcon.colcon_core.package_identification:_identify(src/golitath_mobile/goliath/goliath_interfaces) by extension 'ignore'
[0.475s] Level 1:colcon.colcon_core.package_identification:_identify(src/golitath_mobile/goliath/goliath_interfaces) by extension 'ignore_ament_install'
[0.475s] Level 1:colcon.colcon_core.package_identification:_identify(src/golitath_mobile/goliath/goliath_interfaces) by extensions ['colcon_pkg']
[0.475s] Level 1:colcon.colcon_core.package_identification:_identify(src/golitath_mobile/goliath/goliath_interfaces) by extension 'colcon_pkg'
[0.475s] Level 1:colcon.colcon_core.package_identification:_identify(src/golitath_mobile/goliath/goliath_interfaces) by extensions ['colcon_meta']
[0.475s] Level 1:colcon.colcon_core.package_identification:_identify(src/golitath_mobile/goliath/goliath_interfaces) by extension 'colcon_meta'
[0.475s] Level 1:colcon.colcon_core.package_identification:_identify(src/golitath_mobile/goliath/goliath_interfaces) by extensions ['ros']
[0.475s] Level 1:colcon.colcon_core.package_identification:_identify(src/golitath_mobile/goliath/goliath_interfaces) by extension 'ros'
[0.476s] DEBUG:colcon.colcon_core.package_identification:Package 'src/golitath_mobile/goliath/goliath_interfaces' with type 'ros.ament_cmake' and name 'goliath_interfaces'
[0.476s] Level 1:colcon.colcon_core.package_identification:_identify(src/golitath_mobile/goliath/ros2_control_demo_description) by extensions ['ignore', 'ignore_ament_install']
[0.476s] Level 1:colcon.colcon_core.package_identification:_identify(src/golitath_mobile/goliath/ros2_control_demo_description) by extension 'ignore'
[0.476s] Level 1:colcon.colcon_core.package_identification:_identify(src/golitath_mobile/goliath/ros2_control_demo_description) by extension 'ignore_ament_install'
[0.476s] Level 1:colcon.colcon_core.package_identification:_identify(src/golitath_mobile/goliath/ros2_control_demo_description) by extensions ['colcon_pkg']
[0.476s] Level 1:colcon.colcon_core.package_identification:_identify(src/golitath_mobile/goliath/ros2_control_demo_description) by extension 'colcon_pkg'
[0.476s] Level 1:colcon.colcon_core.package_identification:_identify(src/golitath_mobile/goliath/ros2_control_demo_description) by extensions ['colcon_meta']
[0.476s] Level 1:colcon.colcon_core.package_identification:_identify(src/golitath_mobile/goliath/ros2_control_demo_description) by extension 'colcon_meta'
[0.476s] Level 1:colcon.colcon_core.package_identification:_identify(src/golitath_mobile/goliath/ros2_control_demo_description) by extensions ['ros']
[0.477s] Level 1:colcon.colcon_core.package_identification:_identify(src/golitath_mobile/goliath/ros2_control_demo_description) by extension 'ros'
[0.477s] DEBUG:colcon.colcon_core.package_identification:Package 'src/golitath_mobile/goliath/ros2_control_demo_description' with type 'ros.ament_cmake' and name 'ros2_control_demo_description'
[0.477s] Level 1:colcon.colcon_core.package_identification:_identify(src/golitath_mobile/goliath/ros2_control_demo_testing) by extensions ['ignore', 'ignore_ament_install']
[0.477s] Level 1:colcon.colcon_core.package_identification:_identify(src/golitath_mobile/goliath/ros2_control_demo_testing) by extension 'ignore'
[0.478s] Level 1:colcon.colcon_core.package_identification:_identify(src/golitath_mobile/goliath/ros2_control_demo_testing) by extension 'ignore_ament_install'
[0.478s] Level 1:colcon.colcon_core.package_identification:_identify(src/golitath_mobile/goliath/ros2_control_demo_testing) by extensions ['colcon_pkg']
[0.478s] Level 1:colcon.colcon_core.package_identification:_identify(src/golitath_mobile/goliath/ros2_control_demo_testing) by extension 'colcon_pkg'
[0.478s] Level 1:colcon.colcon_core.package_identification:_identify(src/golitath_mobile/goliath/ros2_control_demo_testing) by extensions ['colcon_meta']
[0.478s] Level 1:colcon.colcon_core.package_identification:_identify(src/golitath_mobile/goliath/ros2_control_demo_testing) by extension 'colcon_meta'
[0.478s] Level 1:colcon.colcon_core.package_identification:_identify(src/golitath_mobile/goliath/ros2_control_demo_testing) by extensions ['ros']
[0.478s] Level 1:colcon.colcon_core.package_identification:_identify(src/golitath_mobile/goliath/ros2_control_demo_testing) by extension 'ros'
[0.479s] DEBUG:colcon.colcon_core.package_identification:Package 'src/golitath_mobile/goliath/ros2_control_demo_testing' with type 'ros.ament_python' and name 'ros2_control_demo_testing'
[0.479s] Level 1:colcon.colcon_core.package_identification:_identify(src/golitath_mobile/goliath/ros2_control_demos) by extensions ['ignore', 'ignore_ament_install']
[0.479s] Level 1:colcon.colcon_core.package_identification:_identify(src/golitath_mobile/goliath/ros2_control_demos) by extension 'ignore'
[0.479s] Level 1:colcon.colcon_core.package_identification:_identify(src/golitath_mobile/goliath/ros2_control_demos) by extension 'ignore_ament_install'
[0.479s] Level 1:colcon.colcon_core.package_identification:_identify(src/golitath_mobile/goliath/ros2_control_demos) by extensions ['colcon_pkg']
[0.479s] Level 1:colcon.colcon_core.package_identification:_identify(src/golitath_mobile/goliath/ros2_control_demos) by extension 'colcon_pkg'
[0.479s] Level 1:colcon.colcon_core.package_identification:_identify(src/golitath_mobile/goliath/ros2_control_demos) by extensions ['colcon_meta']
[0.479s] Level 1:colcon.colcon_core.package_identification:_identify(src/golitath_mobile/goliath/ros2_control_demos) by extension 'colcon_meta'
[0.479s] Level 1:colcon.colcon_core.package_identification:_identify(src/golitath_mobile/goliath/ros2_control_demos) by extensions ['ros']
[0.479s] Level 1:colcon.colcon_core.package_identification:_identify(src/golitath_mobile/goliath/ros2_control_demos) by extension 'ros'
[0.495s] DEBUG:colcon.colcon_core.package_identification:Package 'src/golitath_mobile/goliath/ros2_control_demos' with type 'ros.ament_cmake' and name 'ros2_control_demos'
[0.496s] Level 1:colcon.colcon_core.package_identification:_identify(src/golitath_mobile/hoverboard_ros2_control) by extensions ['ignore', 'ignore_ament_install']
[0.496s] Level 1:colcon.colcon_core.package_identification:_identify(src/golitath_mobile/hoverboard_ros2_control) by extension 'ignore'
[0.496s] Level 1:colcon.colcon_core.package_identification:_identify(src/golitath_mobile/hoverboard_ros2_control) by extension 'ignore_ament_install'
[0.496s] Level 1:colcon.colcon_core.package_identification:_identify(src/golitath_mobile/hoverboard_ros2_control) by extensions ['colcon_pkg']
[0.496s] Level 1:colcon.colcon_core.package_identification:_identify(src/golitath_mobile/hoverboard_ros2_control) by extension 'colcon_pkg'
[0.496s] Level 1:colcon.colcon_core.package_identification:_identify(src/golitath_mobile/hoverboard_ros2_control) by extensions ['colcon_meta']
[0.496s] Level 1:colcon.colcon_core.package_identification:_identify(src/golitath_mobile/hoverboard_ros2_control) by extension 'colcon_meta'
[0.496s] Level 1:colcon.colcon_core.package_identification:_identify(src/golitath_mobile/hoverboard_ros2_control) by extensions ['ros']
[0.496s] Level 1:colcon.colcon_core.package_identification:_identify(src/golitath_mobile/hoverboard_ros2_control) by extension 'ros'
[0.496s] Level 1:colcon.colcon_core.package_identification:_identify(src/golitath_mobile/hoverboard_ros2_control) by extensions ['cmake', 'python']
[0.497s] Level 1:colcon.colcon_core.package_identification:_identify(src/golitath_mobile/hoverboard_ros2_control) by extension 'cmake'
[0.497s] Level 1:colcon.colcon_core.package_identification:_identify(src/golitath_mobile/hoverboard_ros2_control) by extension 'python'
[0.497s] Level 1:colcon.colcon_core.package_identification:_identify(src/golitath_mobile/hoverboard_ros2_control) by extensions ['python_setup_py']
[0.497s] Level 1:colcon.colcon_core.package_identification:_identify(src/golitath_mobile/hoverboard_ros2_control) by extension 'python_setup_py'
[0.497s] Level 1:colcon.colcon_core.package_identification:_identify(src/golitath_mobile/hoverboard_ros2_control/hoverboard_demo_bringup) by extensions ['ignore', 'ignore_ament_install']
[0.497s] Level 1:colcon.colcon_core.package_identification:_identify(src/golitath_mobile/hoverboard_ros2_control/hoverboard_demo_bringup) by extension 'ignore'
[0.497s] Level 1:colcon.colcon_core.package_identification:_identify(src/golitath_mobile/hoverboard_ros2_control/hoverboard_demo_bringup) by extension 'ignore_ament_install'
[0.497s] Level 1:colcon.colcon_core.package_identification:_identify(src/golitath_mobile/hoverboard_ros2_control/hoverboard_demo_bringup) by extensions ['colcon_pkg']
[0.497s] Level 1:colcon.colcon_core.package_identification:_identify(src/golitath_mobile/hoverboard_ros2_control/hoverboard_demo_bringup) by extension 'colcon_pkg'
[0.497s] Level 1:colcon.colcon_core.package_identification:_identify(src/golitath_mobile/hoverboard_ros2_control/hoverboard_demo_bringup) by extensions ['colcon_meta']
[0.497s] Level 1:colcon.colcon_core.package_identification:_identify(src/golitath_mobile/hoverboard_ros2_control/hoverboard_demo_bringup) by extension 'colcon_meta'
[0.497s] Level 1:colcon.colcon_core.package_identification:_identify(src/golitath_mobile/hoverboard_ros2_control/hoverboard_demo_bringup) by extensions ['ros']
[0.497s] Level 1:colcon.colcon_core.package_identification:_identify(src/golitath_mobile/hoverboard_ros2_control/hoverboard_demo_bringup) by extension 'ros'
[0.498s] DEBUG:colcon.colcon_core.package_identification:Package 'src/golitath_mobile/hoverboard_ros2_control/hoverboard_demo_bringup' with type 'ros.ament_cmake' and name 'hoverboard_demo_bringup'
[0.498s] Level 1:colcon.colcon_core.package_identification:_identify(src/golitath_mobile/hoverboard_ros2_control/hoverboard_demo_description) by extensions ['ignore', 'ignore_ament_install']
[0.498s] Level 1:colcon.colcon_core.package_identification:_identify(src/golitath_mobile/hoverboard_ros2_control/hoverboard_demo_description) by extension 'ignore'
[0.499s] Level 1:colcon.colcon_core.package_identification:_identify(src/golitath_mobile/hoverboard_ros2_control/hoverboard_demo_description) by extension 'ignore_ament_install'
[0.499s] Level 1:colcon.colcon_core.package_identification:_identify(src/golitath_mobile/hoverboard_ros2_control/hoverboard_demo_description) by extensions ['colcon_pkg']
[0.499s] Level 1:colcon.colcon_core.package_identification:_identify(src/golitath_mobile/hoverboard_ros2_control/hoverboard_demo_description) by extension 'colcon_pkg'
[0.499s] Level 1:colcon.colcon_core.package_identification:_identify(src/golitath_mobile/hoverboard_ros2_control/hoverboard_demo_description) by extensions ['colcon_meta']
[0.499s] Level 1:colcon.colcon_core.package_identification:_identify(src/golitath_mobile/hoverboard_ros2_control/hoverboard_demo_description) by extension 'colcon_meta'
[0.499s] Level 1:colcon.colcon_core.package_identification:_identify(src/golitath_mobile/hoverboard_ros2_control/hoverboard_demo_description) by extensions ['ros']
[0.499s] Level 1:colcon.colcon_core.package_identification:_identify(src/golitath_mobile/hoverboard_ros2_control/hoverboard_demo_description) by extension 'ros'
[0.500s] DEBUG:colcon.colcon_core.package_identification:Package 'src/golitath_mobile/hoverboard_ros2_control/hoverboard_demo_description' with type 'ros.ament_cmake' and name 'hoverboard_demo_description'
[0.500s] Level 1:colcon.colcon_core.package_identification:_identify(src/golitath_mobile/hoverboard_ros2_control/hoverboard_hardware_interface) by extensions ['ignore', 'ignore_ament_install']
[0.500s] Level 1:colcon.colcon_core.package_identification:_identify(src/golitath_mobile/hoverboard_ros2_control/hoverboard_hardware_interface) by extension 'ignore'
[0.500s] Level 1:colcon.colcon_core.package_identification:_identify(src/golitath_mobile/hoverboard_ros2_control/hoverboard_hardware_interface) by extension 'ignore_ament_install'
[0.500s] Level 1:colcon.colcon_core.package_identification:_identify(src/golitath_mobile/hoverboard_ros2_control/hoverboard_hardware_interface) by extensions ['colcon_pkg']
[0.500s] Level 1:colcon.colcon_core.package_identification:_identify(src/golitath_mobile/hoverboard_ros2_control/hoverboard_hardware_interface) by extension 'colcon_pkg'
[0.500s] Level 1:colcon.colcon_core.package_identification:_identify(src/golitath_mobile/hoverboard_ros2_control/hoverboard_hardware_interface) by extensions ['colcon_meta']
[0.500s] Level 1:colcon.colcon_core.package_identification:_identify(src/golitath_mobile/hoverboard_ros2_control/hoverboard_hardware_interface) by extension 'colcon_meta'
[0.500s] Level 1:colcon.colcon_core.package_identification:_identify(src/golitath_mobile/hoverboard_ros2_control/hoverboard_hardware_interface) by extensions ['ros']
[0.500s] Level 1:colcon.colcon_core.package_identification:_identify(src/golitath_mobile/hoverboard_ros2_control/hoverboard_hardware_interface) by extension 'ros'
[0.503s] DEBUG:colcon.colcon_core.package_identification:Package 'src/golitath_mobile/hoverboard_ros2_control/hoverboard_hardware_interface' with type 'ros.ament_cmake' and name 'hoverboard_hardware_interface'
[0.503s] Level 1:colcon.colcon_core.package_identification:_identify(src/golitath_mobile/hoverboard_ros2_control/hoverboard_ros2_control) by extensions ['ignore', 'ignore_ament_install']
[0.503s] Level 1:colcon.colcon_core.package_identification:_identify(src/golitath_mobile/hoverboard_ros2_control/hoverboard_ros2_control) by extension 'ignore'
[0.504s] Level 1:colcon.colcon_core.package_identification:_identify(src/golitath_mobile/hoverboard_ros2_control/hoverboard_ros2_control) by extension 'ignore_ament_install'
[0.504s] Level 1:colcon.colcon_core.package_identification:_identify(src/golitath_mobile/hoverboard_ros2_control/hoverboard_ros2_control) by extensions ['colcon_pkg']
[0.504s] Level 1:colcon.colcon_core.package_identification:_identify(src/golitath_mobile/hoverboard_ros2_control/hoverboard_ros2_control) by extension 'colcon_pkg'
[0.504s] Level 1:colcon.colcon_core.package_identification:_identify(src/golitath_mobile/hoverboard_ros2_control/hoverboard_ros2_control) by extensions ['colcon_meta']
[0.504s] Level 1:colcon.colcon_core.package_identification:_identify(src/golitath_mobile/hoverboard_ros2_control/hoverboard_ros2_control) by extension 'colcon_meta'
[0.504s] Level 1:colcon.colcon_core.package_identification:_identify(src/golitath_mobile/hoverboard_ros2_control/hoverboard_ros2_control) by extensions ['ros']
[0.504s] Level 1:colcon.colcon_core.package_identification:_identify(src/golitath_mobile/hoverboard_ros2_control/hoverboard_ros2_control) by extension 'ros'
[0.505s] DEBUG:colcon.colcon_core.package_identification:Package 'src/golitath_mobile/hoverboard_ros2_control/hoverboard_ros2_control' with type 'ros.ament_cmake' and name 'hoverboard_ros2_control'
[0.505s] Level 1:colcon.colcon_core.package_identification:_identify(src/rplidar_ros) by extensions ['ignore', 'ignore_ament_install']
[0.505s] Level 1:colcon.colcon_core.package_identification:_identify(src/rplidar_ros) by extension 'ignore'
[0.505s] Level 1:colcon.colcon_core.package_identification:_identify(src/rplidar_ros) by extension 'ignore_ament_install'
[0.505s] Level 1:colcon.colcon_core.package_identification:_identify(src/rplidar_ros) by extensions ['colcon_pkg']
[0.505s] Level 1:colcon.colcon_core.package_identification:_identify(src/rplidar_ros) by extension 'colcon_pkg'
[0.505s] Level 1:colcon.colcon_core.package_identification:_identify(src/rplidar_ros) by extensions ['colcon_meta']
[0.505s] Level 1:colcon.colcon_core.package_identification:_identify(src/rplidar_ros) by extension 'colcon_meta'
[0.505s] Level 1:colcon.colcon_core.package_identification:_identify(src/rplidar_ros) by extensions ['ros']
[0.505s] Level 1:colcon.colcon_core.package_identification:_identify(src/rplidar_ros) by extension 'ros'
[0.506s] DEBUG:colcon.colcon_core.package_identification:Package 'src/rplidar_ros' with type 'ros.ament_cmake' and name 'rplidar_ros'
[0.507s] Level 1:colcon.colcon_core.package_discovery:discover_packages(recursive) using defaults
[0.507s] Level 1:colcon.colcon_core.package_discovery:discover_packages(ignore) discover
[0.507s] Level 1:colcon.colcon_core.package_discovery:discover_packages(ignore) using defaults
[0.507s] Level 1:colcon.colcon_core.package_discovery:discover_packages(path) discover
[0.507s] Level 1:colcon.colcon_core.package_discovery:discover_packages(path) using defaults
[0.541s] Level 1:colcon.colcon_core.package_discovery:discover_packages(prefix_path) check parameters
[0.541s] Level 1:colcon.colcon_core.package_discovery:discover_packages(prefix_path) discover
[0.545s] DEBUG:colcon.colcon_installed_package_information.package_discovery:Found 16 installed packages in /home/bart/goliath_mobile/install
[0.545s] DEBUG:colcon.colcon_installed_package_information.package_discovery:Found 2 installed packages in /home/bart/goliath_base/install
[0.548s] DEBUG:colcon.colcon_installed_package_information.package_discovery:Found 468 installed packages in /opt/ros/humble
[0.552s] Level 1:colcon.colcon_core.package_discovery:discover_packages(prefix_path) using defaults
[0.638s] WARNING:colcon.colcon_core.package_selection:Some selected packages are already built in one or more underlay workspaces:
	'goliath_controller' is in: /home/bart/goliath_mobile/install/goliath_controller
If a package in a merged underlay workspace is overridden and it installs headers, then all packages in the overlay must sort their include directories by workspace order. Failure to do so may result in build failures or undefined behavior at run time.
If the overridden package is used by another package in any underlay, then the overriding package in the overlay must be API and ABI compatible or undefined behavior at run time may occur.

If you understand the risks and want to override a package anyways, add the following to the command line:
	--allow-overriding goliath_controller

This may be promoted to an error in a future release of colcon-override-check.
[0.639s] Level 5:colcon.colcon_core.verb:set package 'arm_move_joy' build argument 'cmake_args' from command line to 'None'
[0.639s] Level 5:colcon.colcon_core.verb:set package 'arm_move_joy' build argument 'cmake_target' from command line to 'None'
[0.639s] Level 5:colcon.colcon_core.verb:set package 'arm_move_joy' build argument 'cmake_target_skip_unavailable' from command line to 'False'
[0.639s] Level 5:colcon.colcon_core.verb:set package 'arm_move_joy' build argument 'cmake_clean_cache' from command line to 'False'
[0.639s] Level 5:colcon.colcon_core.verb:set package 'arm_move_joy' build argument 'cmake_clean_first' from command line to 'False'
[0.639s] Level 5:colcon.colcon_core.verb:set package 'arm_move_joy' build argument 'cmake_force_configure' from command line to 'False'
[0.639s] Level 5:colcon.colcon_core.verb:set package 'arm_move_joy' build argument 'ament_cmake_args' from command line to 'None'
[0.639s] Level 5:colcon.colcon_core.verb:set package 'arm_move_joy' build argument 'catkin_cmake_args' from command line to 'None'
[0.639s] Level 5:colcon.colcon_core.verb:set package 'arm_move_joy' build argument 'catkin_skip_building_tests' from command line to 'False'
[0.640s] DEBUG:colcon.colcon_core.verb:Building package 'arm_move_joy' with the following arguments: {'ament_cmake_args': None, 'build_base': '/home/bart/goliath_mobile/build/arm_move_joy', 'catkin_cmake_args': None, 'catkin_skip_building_tests': False, 'cmake_args': None, 'cmake_clean_cache': False, 'cmake_clean_first': False, 'cmake_force_configure': False, 'cmake_target': None, 'cmake_target_skip_unavailable': False, 'install_base': '/home/bart/goliath_mobile/install/arm_move_joy', 'merge_install': False, 'path': '/home/bart/goliath_mobile/src/golitath_mobile/goliath/arm_move_joy', 'symlink_install': True, 'test_result_base': None}
[0.640s] Level 5:colcon.colcon_core.verb:set package 'goliath_interfaces' build argument 'cmake_args' from command line to 'None'
[0.640s] Level 5:colcon.colcon_core.verb:set package 'goliath_interfaces' build argument 'cmake_target' from command line to 'None'
[0.640s] Level 5:colcon.colcon_core.verb:set package 'goliath_interfaces' build argument 'cmake_target_skip_unavailable' from command line to 'False'
[0.640s] Level 5:colcon.colcon_core.verb:set package 'goliath_interfaces' build argument 'cmake_clean_cache' from command line to 'False'
[0.640s] Level 5:colcon.colcon_core.verb:set package 'goliath_interfaces' build argument 'cmake_clean_first' from command line to 'False'
[0.640s] Level 5:colcon.colcon_core.verb:set package 'goliath_interfaces' build argument 'cmake_force_configure' from command line to 'False'
[0.640s] Level 5:colcon.colcon_core.verb:set package 'goliath_interfaces' build argument 'ament_cmake_args' from command line to 'None'
[0.640s] Level 5:colcon.colcon_core.verb:set package 'goliath_interfaces' build argument 'catkin_cmake_args' from command line to 'None'
[0.640s] Level 5:colcon.colcon_core.verb:set package 'goliath_interfaces' build argument 'catkin_skip_building_tests' from command line to 'False'
[0.640s] DEBUG:colcon.colcon_core.verb:Building package 'goliath_interfaces' with the following arguments: {'ament_cmake_args': None, 'build_base': '/home/bart/goliath_mobile/build/goliath_interfaces', 'catkin_cmake_args': None, 'catkin_skip_building_tests': False, 'cmake_args': None, 'cmake_clean_cache': False, 'cmake_clean_first': False, 'cmake_force_configure': False, 'cmake_target': None, 'cmake_target_skip_unavailable': False, 'install_base': '/home/bart/goliath_mobile/install/goliath_interfaces', 'merge_install': False, 'path': '/home/bart/goliath_mobile/src/golitath_mobile/goliath/goliath_interfaces', 'symlink_install': True, 'test_result_base': None}
[0.641s] Level 5:colcon.colcon_core.verb:set package 'gripper_description' build argument 'cmake_args' from command line to 'None'
[0.641s] Level 5:colcon.colcon_core.verb:set package 'gripper_description' build argument 'cmake_target' from command line to 'None'
[0.641s] Level 5:colcon.colcon_core.verb:set package 'gripper_description' build argument 'cmake_target_skip_unavailable' from command line to 'False'
[0.641s] Level 5:colcon.colcon_core.verb:set package 'gripper_description' build argument 'cmake_clean_cache' from command line to 'False'
[0.641s] Level 5:colcon.colcon_core.verb:set package 'gripper_description' build argument 'cmake_clean_first' from command line to 'False'
[0.641s] Level 5:colcon.colcon_core.verb:set package 'gripper_description' build argument 'cmake_force_configure' from command line to 'False'
[0.641s] Level 5:colcon.colcon_core.verb:set package 'gripper_description' build argument 'ament_cmake_args' from command line to 'None'
[0.641s] Level 5:colcon.colcon_core.verb:set package 'gripper_description' build argument 'catkin_cmake_args' from command line to 'None'
[0.641s] Level 5:colcon.colcon_core.verb:set package 'gripper_description' build argument 'catkin_skip_building_tests' from command line to 'False'
[0.641s] DEBUG:colcon.colcon_core.verb:Building package 'gripper_description' with the following arguments: {'ament_cmake_args': None, 'build_base': '/home/bart/goliath_mobile/build/gripper_description', 'catkin_cmake_args': None, 'catkin_skip_building_tests': False, 'cmake_args': None, 'cmake_clean_cache': False, 'cmake_clean_first': False, 'cmake_force_configure': False, 'cmake_target': None, 'cmake_target_skip_unavailable': False, 'install_base': '/home/bart/goliath_mobile/install/gripper_description', 'merge_install': False, 'path': '/home/bart/goliath_mobile/src/goliath_gripper/gripper_description', 'symlink_install': True, 'test_result_base': None}
[0.642s] Level 5:colcon.colcon_core.verb:set package 'hoverboard_demo_description' build argument 'cmake_args' from command line to 'None'
[0.642s] Level 5:colcon.colcon_core.verb:set package 'hoverboard_demo_description' build argument 'cmake_target' from command line to 'None'
[0.642s] Level 5:colcon.colcon_core.verb:set package 'hoverboard_demo_description' build argument 'cmake_target_skip_unavailable' from command line to 'False'
[0.642s] Level 5:colcon.colcon_core.verb:set package 'hoverboard_demo_description' build argument 'cmake_clean_cache' from command line to 'False'
[0.642s] Level 5:colcon.colcon_core.verb:set package 'hoverboard_demo_description' build argument 'cmake_clean_first' from command line to 'False'
[0.642s] Level 5:colcon.colcon_core.verb:set package 'hoverboard_demo_description' build argument 'cmake_force_configure' from command line to 'False'
[0.642s] Level 5:colcon.colcon_core.verb:set package 'hoverboard_demo_description' build argument 'ament_cmake_args' from command line to 'None'
[0.642s] Level 5:colcon.colcon_core.verb:set package 'hoverboard_demo_description' build argument 'catkin_cmake_args' from command line to 'None'
[0.642s] Level 5:colcon.colcon_core.verb:set package 'hoverboard_demo_description' build argument 'catkin_skip_building_tests' from command line to 'False'
[0.642s] DEBUG:colcon.colcon_core.verb:Building package 'hoverboard_demo_description' with the following arguments: {'ament_cmake_args': None, 'build_base': '/home/bart/goliath_mobile/build/hoverboard_demo_description', 'catkin_cmake_args': None, 'catkin_skip_building_tests': False, 'cmake_args': None, 'cmake_clean_cache': False, 'cmake_clean_first': False, 'cmake_force_configure': False, 'cmake_target': None, 'cmake_target_skip_unavailable': False, 'install_base': '/home/bart/goliath_mobile/install/hoverboard_demo_description', 'merge_install': False, 'path': '/home/bart/goliath_mobile/src/golitath_mobile/hoverboard_ros2_control/hoverboard_demo_description', 'symlink_install': True, 'test_result_base': None}
[0.642s] Level 5:colcon.colcon_core.verb:set package 'hoverboard_hardware_interface' build argument 'cmake_args' from command line to 'None'
[0.643s] Level 5:colcon.colcon_core.verb:set package 'hoverboard_hardware_interface' build argument 'cmake_target' from command line to 'None'
[0.643s] Level 5:colcon.colcon_core.verb:set package 'hoverboard_hardware_interface' build argument 'cmake_target_skip_unavailable' from command line to 'False'
[0.643s] Level 5:colcon.colcon_core.verb:set package 'hoverboard_hardware_interface' build argument 'cmake_clean_cache' from command line to 'False'
[0.643s] Level 5:colcon.colcon_core.verb:set package 'hoverboard_hardware_interface' build argument 'cmake_clean_first' from command line to 'False'
[0.643s] Level 5:colcon.colcon_core.verb:set package 'hoverboard_hardware_interface' build argument 'cmake_force_configure' from command line to 'False'
[0.643s] Level 5:colcon.colcon_core.verb:set package 'hoverboard_hardware_interface' build argument 'ament_cmake_args' from command line to 'None'
[0.643s] Level 5:colcon.colcon_core.verb:set package 'hoverboard_hardware_interface' build argument 'catkin_cmake_args' from command line to 'None'
[0.643s] Level 5:colcon.colcon_core.verb:set package 'hoverboard_hardware_interface' build argument 'catkin_skip_building_tests' from command line to 'False'
[0.643s] DEBUG:colcon.colcon_core.verb:Building package 'hoverboard_hardware_interface' with the following arguments: {'ament_cmake_args': None, 'build_base': '/home/bart/goliath_mobile/build/hoverboard_hardware_interface', 'catkin_cmake_args': None, 'catkin_skip_building_tests': False, 'cmake_args': None, 'cmake_clean_cache': False, 'cmake_clean_first': False, 'cmake_force_configure': False, 'cmake_target': None, 'cmake_target_skip_unavailable': False, 'install_base': '/home/bart/goliath_mobile/install/hoverboard_hardware_interface', 'merge_install': False, 'path': '/home/bart/goliath_mobile/src/golitath_mobile/hoverboard_ros2_control/hoverboard_hardware_interface', 'symlink_install': True, 'test_result_base': None}
[0.643s] Level 5:colcon.colcon_core.verb:set package 'hoverboard_ros2_control' build argument 'cmake_args' from command line to 'None'
[0.643s] Level 5:colcon.colcon_core.verb:set package 'hoverboard_ros2_control' build argument 'cmake_target' from command line to 'None'
[0.643s] Level 5:colcon.colcon_core.verb:set package 'hoverboard_ros2_control' build argument 'cmake_target_skip_unavailable' from command line to 'False'
[0.643s] Level 5:colcon.colcon_core.verb:set package 'hoverboard_ros2_control' build argument 'cmake_clean_cache' from command line to 'False'
[0.643s] Level 5:colcon.colcon_core.verb:set package 'hoverboard_ros2_control' build argument 'cmake_clean_first' from command line to 'False'
[0.644s] Level 5:colcon.colcon_core.verb:set package 'hoverboard_ros2_control' build argument 'cmake_force_configure' from command line to 'False'
[0.644s] Level 5:colcon.colcon_core.verb:set package 'hoverboard_ros2_control' build argument 'ament_cmake_args' from command line to 'None'
[0.644s] Level 5:colcon.colcon_core.verb:set package 'hoverboard_ros2_control' build argument 'catkin_cmake_args' from command line to 'None'
[0.644s] Level 5:colcon.colcon_core.verb:set package 'hoverboard_ros2_control' build argument 'catkin_skip_building_tests' from command line to 'False'
[0.644s] DEBUG:colcon.colcon_core.verb:Building package 'hoverboard_ros2_control' with the following arguments: {'ament_cmake_args': None, 'build_base': '/home/bart/goliath_mobile/build/hoverboard_ros2_control', 'catkin_cmake_args': None, 'catkin_skip_building_tests': False, 'cmake_args': None, 'cmake_clean_cache': False, 'cmake_clean_first': False, 'cmake_force_configure': False, 'cmake_target': None, 'cmake_target_skip_unavailable': False, 'install_base': '/home/bart/goliath_mobile/install/hoverboard_ros2_control', 'merge_install': False, 'path': '/home/bart/goliath_mobile/src/golitath_mobile/hoverboard_ros2_control/hoverboard_ros2_control', 'symlink_install': True, 'test_result_base': None}
[0.644s] Level 5:colcon.colcon_core.verb:set package 'ros2_control_demo_description' build argument 'cmake_args' from command line to 'None'
[0.644s] Level 5:colcon.colcon_core.verb:set package 'ros2_control_demo_description' build argument 'cmake_target' from command line to 'None'
[0.644s] Level 5:colcon.colcon_core.verb:set package 'ros2_control_demo_description' build argument 'cmake_target_skip_unavailable' from command line to 'False'
[0.644s] Level 5:colcon.colcon_core.verb:set package 'ros2_control_demo_description' build argument 'cmake_clean_cache' from command line to 'False'
[0.644s] Level 5:colcon.colcon_core.verb:set package 'ros2_control_demo_description' build argument 'cmake_clean_first' from command line to 'False'
[0.644s] Level 5:colcon.colcon_core.verb:set package 'ros2_control_demo_description' build argument 'cmake_force_configure' from command line to 'False'
[0.644s] Level 5:colcon.colcon_core.verb:set package 'ros2_control_demo_description' build argument 'ament_cmake_args' from command line to 'None'
[0.644s] Level 5:colcon.colcon_core.verb:set package 'ros2_control_demo_description' build argument 'catkin_cmake_args' from command line to 'None'
[0.644s] Level 5:colcon.colcon_core.verb:set package 'ros2_control_demo_description' build argument 'catkin_skip_building_tests' from command line to 'False'
[0.644s] DEBUG:colcon.colcon_core.verb:Building package 'ros2_control_demo_description' with the following arguments: {'ament_cmake_args': None, 'build_base': '/home/bart/goliath_mobile/build/ros2_control_demo_description', 'catkin_cmake_args': None, 'catkin_skip_building_tests': False, 'cmake_args': None, 'cmake_clean_cache': False, 'cmake_clean_first': False, 'cmake_force_configure': False, 'cmake_target': None, 'cmake_target_skip_unavailable': False, 'install_base': '/home/bart/goliath_mobile/install/ros2_control_demo_description', 'merge_install': False, 'path': '/home/bart/goliath_mobile/src/golitath_mobile/goliath/ros2_control_demo_description', 'symlink_install': True, 'test_result_base': None}
[0.645s] Level 5:colcon.colcon_core.verb:set package 'ros2_control_demo_testing' build argument 'cmake_args' from command line to 'None'
[0.645s] Level 5:colcon.colcon_core.verb:set package 'ros2_control_demo_testing' build argument 'cmake_target' from command line to 'None'
[0.645s] Level 5:colcon.colcon_core.verb:set package 'ros2_control_demo_testing' build argument 'cmake_target_skip_unavailable' from command line to 'False'
[0.645s] Level 5:colcon.colcon_core.verb:set package 'ros2_control_demo_testing' build argument 'cmake_clean_cache' from command line to 'False'
[0.645s] Level 5:colcon.colcon_core.verb:set package 'ros2_control_demo_testing' build argument 'cmake_clean_first' from command line to 'False'
[0.645s] Level 5:colcon.colcon_core.verb:set package 'ros2_control_demo_testing' build argument 'cmake_force_configure' from command line to 'False'
[0.645s] Level 5:colcon.colcon_core.verb:set package 'ros2_control_demo_testing' build argument 'ament_cmake_args' from command line to 'None'
[0.645s] Level 5:colcon.colcon_core.verb:set package 'ros2_control_demo_testing' build argument 'catkin_cmake_args' from command line to 'None'
[0.645s] Level 5:colcon.colcon_core.verb:set package 'ros2_control_demo_testing' build argument 'catkin_skip_building_tests' from command line to 'False'
[0.645s] DEBUG:colcon.colcon_core.verb:Building package 'ros2_control_demo_testing' with the following arguments: {'ament_cmake_args': None, 'build_base': '/home/bart/goliath_mobile/build/ros2_control_demo_testing', 'catkin_cmake_args': None, 'catkin_skip_building_tests': False, 'cmake_args': None, 'cmake_clean_cache': False, 'cmake_clean_first': False, 'cmake_force_configure': False, 'cmake_target': None, 'cmake_target_skip_unavailable': False, 'install_base': '/home/bart/goliath_mobile/install/ros2_control_demo_testing', 'merge_install': False, 'path': '/home/bart/goliath_mobile/src/golitath_mobile/goliath/ros2_control_demo_testing', 'symlink_install': True, 'test_result_base': None}
[0.646s] Level 5:colcon.colcon_core.verb:set package 'rplidar_ros' build argument 'cmake_args' from command line to 'None'
[0.646s] Level 5:colcon.colcon_core.verb:set package 'rplidar_ros' build argument 'cmake_target' from command line to 'None'
[0.646s] Level 5:colcon.colcon_core.verb:set package 'rplidar_ros' build argument 'cmake_target_skip_unavailable' from command line to 'False'
[0.646s] Level 5:colcon.colcon_core.verb:set package 'rplidar_ros' build argument 'cmake_clean_cache' from command line to 'False'
[0.646s] Level 5:colcon.colcon_core.verb:set package 'rplidar_ros' build argument 'cmake_clean_first' from command line to 'False'
[0.646s] Level 5:colcon.colcon_core.verb:set package 'rplidar_ros' build argument 'cmake_force_configure' from command line to 'False'
[0.646s] Level 5:colcon.colcon_core.verb:set package 'rplidar_ros' build argument 'ament_cmake_args' from command line to 'None'
[0.646s] Level 5:colcon.colcon_core.verb:set package 'rplidar_ros' build argument 'catkin_cmake_args' from command line to 'None'
[0.646s] Level 5:colcon.colcon_core.verb:set package 'rplidar_ros' build argument 'catkin_skip_building_tests' from command line to 'False'
[0.646s] DEBUG:colcon.colcon_core.verb:Building package 'rplidar_ros' with the following arguments: {'ament_cmake_args': None, 'build_base': '/home/bart/goliath_mobile/build/rplidar_ros', 'catkin_cmake_args': None, 'catkin_skip_building_tests': False, 'cmake_args': None, 'cmake_clean_cache': False, 'cmake_clean_first': False, 'cmake_force_configure': False, 'cmake_target': None, 'cmake_target_skip_unavailable': False, 'install_base': '/home/bart/goliath_mobile/install/rplidar_ros', 'merge_install': False, 'path': '/home/bart/goliath_mobile/src/rplidar_ros', 'symlink_install': True, 'test_result_base': None}
[0.647s] Level 5:colcon.colcon_core.verb:set package 'goliath_commander_cpp' build argument 'cmake_args' from command line to 'None'
[0.647s] Level 5:colcon.colcon_core.verb:set package 'goliath_commander_cpp' build argument 'cmake_target' from command line to 'None'
[0.647s] Level 5:colcon.colcon_core.verb:set package 'goliath_commander_cpp' build argument 'cmake_target_skip_unavailable' from command line to 'False'
[0.647s] Level 5:colcon.colcon_core.verb:set package 'goliath_commander_cpp' build argument 'cmake_clean_cache' from command line to 'False'
[0.647s] Level 5:colcon.colcon_core.verb:set package 'goliath_commander_cpp' build argument 'cmake_clean_first' from command line to 'False'
[0.647s] Level 5:colcon.colcon_core.verb:set package 'goliath_commander_cpp' build argument 'cmake_force_configure' from command line to 'False'
[0.647s] Level 5:colcon.colcon_core.verb:set package 'goliath_commander_cpp' build argument 'ament_cmake_args' from command line to 'None'
[0.647s] Level 5:colcon.colcon_core.verb:set package 'goliath_commander_cpp' build argument 'catkin_cmake_args' from command line to 'None'
[0.647s] Level 5:colcon.colcon_core.verb:set package 'goliath_commander_cpp' build argument 'catkin_skip_building_tests' from command line to 'False'
[0.647s] DEBUG:colcon.colcon_core.verb:Building package 'goliath_commander_cpp' with the following arguments: {'ament_cmake_args': None, 'build_base': '/home/bart/goliath_mobile/build/goliath_commander_cpp', 'catkin_cmake_args': None, 'catkin_skip_building_tests': False, 'cmake_args': None, 'cmake_clean_cache': False, 'cmake_clean_first': False, 'cmake_force_configure': False, 'cmake_target': None, 'cmake_target_skip_unavailable': False, 'install_base': '/home/bart/goliath_mobile/install/goliath_commander_cpp', 'merge_install': False, 'path': '/home/bart/goliath_mobile/src/golitath_mobile/goliath/goliath_commander_cpp', 'symlink_install': True, 'test_result_base': None}
[0.647s] Level 5:colcon.colcon_core.verb:set package 'goliath_controller' build argument 'cmake_args' from command line to 'None'
[0.647s] Level 5:colcon.colcon_core.verb:set package 'goliath_controller' build argument 'cmake_target' from command line to 'None'
[0.647s] Level 5:colcon.colcon_core.verb:set package 'goliath_controller' build argument 'cmake_target_skip_unavailable' from command line to 'False'
[0.647s] Level 5:colcon.colcon_core.verb:set package 'goliath_controller' build argument 'cmake_clean_cache' from command line to 'False'
[0.647s] Level 5:colcon.colcon_core.verb:set package 'goliath_controller' build argument 'cmake_clean_first' from command line to 'False'
[0.648s] Level 5:colcon.colcon_core.verb:set package 'goliath_controller' build argument 'cmake_force_configure' from command line to 'False'
[0.648s] Level 5:colcon.colcon_core.verb:set package 'goliath_controller' build argument 'ament_cmake_args' from command line to 'None'
[0.648s] Level 5:colcon.colcon_core.verb:set package 'goliath_controller' build argument 'catkin_cmake_args' from command line to 'None'
[0.648s] Level 5:colcon.colcon_core.verb:set package 'goliath_controller' build argument 'catkin_skip_building_tests' from command line to 'False'
[0.648s] DEBUG:colcon.colcon_core.verb:Building package 'goliath_controller' with the following arguments: {'ament_cmake_args': None, 'build_base': '/home/bart/goliath_mobile/build/goliath_controller', 'catkin_cmake_args': None, 'catkin_skip_building_tests': False, 'cmake_args': None, 'cmake_clean_cache': False, 'cmake_clean_first': False, 'cmake_force_configure': False, 'cmake_target': None, 'cmake_target_skip_unavailable': False, 'install_base': '/home/bart/goliath_mobile/install/goliath_controller', 'merge_install': False, 'path': '/home/bart/goliath_mobile/src/golitath_mobile/goliath/goliath_controller', 'symlink_install': True, 'test_result_base': None}
[0.648s] Level 5:colcon.colcon_core.verb:set package 'gripper_controller' build argument 'cmake_args' from command line to 'None'
[0.648s] Level 5:colcon.colcon_core.verb:set package 'gripper_controller' build argument 'cmake_target' from command line to 'None'
[0.648s] Level 5:colcon.colcon_core.verb:set package 'gripper_controller' build argument 'cmake_target_skip_unavailable' from command line to 'False'
[0.648s] Level 5:colcon.colcon_core.verb:set package 'gripper_controller' build argument 'cmake_clean_cache' from command line to 'False'
[0.648s] Level 5:colcon.colcon_core.verb:set package 'gripper_controller' build argument 'cmake_clean_first' from command line to 'False'
[0.648s] Level 5:colcon.colcon_core.verb:set package 'gripper_controller' build argument 'cmake_force_configure' from command line to 'False'
[0.648s] Level 5:colcon.colcon_core.verb:set package 'gripper_controller' build argument 'ament_cmake_args' from command line to 'None'
[0.648s] Level 5:colcon.colcon_core.verb:set package 'gripper_controller' build argument 'catkin_cmake_args' from command line to 'None'
[0.648s] Level 5:colcon.colcon_core.verb:set package 'gripper_controller' build argument 'catkin_skip_building_tests' from command line to 'False'
[0.649s] DEBUG:colcon.colcon_core.verb:Building package 'gripper_controller' with the following arguments: {'ament_cmake_args': None, 'build_base': '/home/bart/goliath_mobile/build/gripper_controller', 'catkin_cmake_args': None, 'catkin_skip_building_tests': False, 'cmake_args': None, 'cmake_clean_cache': False, 'cmake_clean_first': False, 'cmake_force_configure': False, 'cmake_target': None, 'cmake_target_skip_unavailable': False, 'install_base': '/home/bart/goliath_mobile/install/gripper_controller', 'merge_install': False, 'path': '/home/bart/goliath_mobile/src/goliath_gripper/gripper_controller', 'symlink_install': True, 'test_result_base': None}
[0.649s] Level 5:colcon.colcon_core.verb:set package 'hoverboard_demo_bringup' build argument 'cmake_args' from command line to 'None'
[0.649s] Level 5:colcon.colcon_core.verb:set package 'hoverboard_demo_bringup' build argument 'cmake_target' from command line to 'None'
[0.649s] Level 5:colcon.colcon_core.verb:set package 'hoverboard_demo_bringup' build argument 'cmake_target_skip_unavailable' from command line to 'False'
[0.649s] Level 5:colcon.colcon_core.verb:set package 'hoverboard_demo_bringup' build argument 'cmake_clean_cache' from command line to 'False'
[0.649s] Level 5:colcon.colcon_core.verb:set package 'hoverboard_demo_bringup' build argument 'cmake_clean_first' from command line to 'False'
[0.649s] Level 5:colcon.colcon_core.verb:set package 'hoverboard_demo_bringup' build argument 'cmake_force_configure' from command line to 'False'
[0.649s] Level 5:colcon.colcon_core.verb:set package 'hoverboard_demo_bringup' build argument 'ament_cmake_args' from command line to 'None'
[0.649s] Level 5:colcon.colcon_core.verb:set package 'hoverboard_demo_bringup' build argument 'catkin_cmake_args' from command line to 'None'
[0.649s] Level 5:colcon.colcon_core.verb:set package 'hoverboard_demo_bringup' build argument 'catkin_skip_building_tests' from command line to 'False'
[0.649s] DEBUG:colcon.colcon_core.verb:Building package 'hoverboard_demo_bringup' with the following arguments: {'ament_cmake_args': None, 'build_base': '/home/bart/goliath_mobile/build/hoverboard_demo_bringup', 'catkin_cmake_args': None, 'catkin_skip_building_tests': False, 'cmake_args': None, 'cmake_clean_cache': False, 'cmake_clean_first': False, 'cmake_force_configure': False, 'cmake_target': None, 'cmake_target_skip_unavailable': False, 'install_base': '/home/bart/goliath_mobile/install/hoverboard_demo_bringup', 'merge_install': False, 'path': '/home/bart/goliath_mobile/src/golitath_mobile/hoverboard_ros2_control/hoverboard_demo_bringup', 'symlink_install': True, 'test_result_base': None}
[0.650s] Level 5:colcon.colcon_core.verb:set package 'goliath_moveit_config' build argument 'cmake_args' from command line to 'None'
[0.650s] Level 5:colcon.colcon_core.verb:set package 'goliath_moveit_config' build argument 'cmake_target' from command line to 'None'
[0.650s] Level 5:colcon.colcon_core.verb:set package 'goliath_moveit_config' build argument 'cmake_target_skip_unavailable' from command line to 'False'
[0.650s] Level 5:colcon.colcon_core.verb:set package 'goliath_moveit_config' build argument 'cmake_clean_cache' from command line to 'False'
[0.650s] Level 5:colcon.colcon_core.verb:set package 'goliath_moveit_config' build argument 'cmake_clean_first' from command line to 'False'
[0.650s] Level 5:colcon.colcon_core.verb:set package 'goliath_moveit_config' build argument 'cmake_force_configure' from command line to 'False'
[0.650s] Level 5:colcon.colcon_core.verb:set package 'goliath_moveit_config' build argument 'ament_cmake_args' from command line to 'None'
[0.650s] Level 5:colcon.colcon_core.verb:set package 'goliath_moveit_config' build argument 'catkin_cmake_args' from command line to 'None'
[0.650s] Level 5:colcon.colcon_core.verb:set package 'goliath_moveit_config' build argument 'catkin_skip_building_tests' from command line to 'False'
[0.650s] DEBUG:colcon.colcon_core.verb:Building package 'goliath_moveit_config' with the following arguments: {'ament_cmake_args': None, 'build_base': '/home/bart/goliath_mobile/build/goliath_moveit_config', 'catkin_cmake_args': None, 'catkin_skip_building_tests': False, 'cmake_args': None, 'cmake_clean_cache': False, 'cmake_clean_first': False, 'cmake_force_configure': False, 'cmake_target': None, 'cmake_target_skip_unavailable': False, 'install_base': '/home/bart/goliath_mobile/install/goliath_moveit_config', 'merge_install': False, 'path': '/home/bart/goliath_mobile/src/goliath_moveit_config', 'symlink_install': True, 'test_result_base': None}
[0.651s] Level 5:colcon.colcon_core.verb:set package 'ros2_control_demos' build argument 'cmake_args' from command line to 'None'
[0.651s] Level 5:colcon.colcon_core.verb:set package 'ros2_control_demos' build argument 'cmake_target' from command line to 'None'
[0.651s] Level 5:colcon.colcon_core.verb:set package 'ros2_control_demos' build argument 'cmake_target_skip_unavailable' from command line to 'False'
[0.651s] Level 5:colcon.colcon_core.verb:set package 'ros2_control_demos' build argument 'cmake_clean_cache' from command line to 'False'
[0.651s] Level 5:colcon.colcon_core.verb:set package 'ros2_control_demos' build argument 'cmake_clean_first' from command line to 'False'
[0.651s] Level 5:colcon.colcon_core.verb:set package 'ros2_control_demos' build argument 'cmake_force_configure' from command line to 'False'
[0.651s] Level 5:colcon.colcon_core.verb:set package 'ros2_control_demos' build argument 'ament_cmake_args' from command line to 'None'
[0.651s] Level 5:colcon.colcon_core.verb:set package 'ros2_control_demos' build argument 'catkin_cmake_args' from command line to 'None'
[0.651s] Level 5:colcon.colcon_core.verb:set package 'ros2_control_demos' build argument 'catkin_skip_building_tests' from command line to 'False'
[0.651s] DEBUG:colcon.colcon_core.verb:Building package 'ros2_control_demos' with the following arguments: {'ament_cmake_args': None, 'build_base': '/home/bart/goliath_mobile/build/ros2_control_demos', 'catkin_cmake_args': None, 'catkin_skip_building_tests': False, 'cmake_args': None, 'cmake_clean_cache': False, 'cmake_clean_first': False, 'cmake_force_configure': False, 'cmake_target': None, 'cmake_target_skip_unavailable': False, 'install_base': '/home/bart/goliath_mobile/install/ros2_control_demos', 'merge_install': False, 'path': '/home/bart/goliath_mobile/src/golitath_mobile/goliath/ros2_control_demos', 'symlink_install': True, 'test_result_base': None}
[0.651s] INFO:colcon.colcon_core.executor:Executing jobs using 'parallel' executor
[0.653s] DEBUG:colcon.colcon_parallel_executor.executor.parallel:run_until_complete
[0.653s] INFO:colcon.colcon_ros.task.ament_cmake.build:Building ROS package in '/home/bart/goliath_mobile/src/golitath_mobile/goliath/ros2_control_demo_description' with build type 'ament_cmake'
[0.653s] INFO:colcon.colcon_cmake.task.cmake.build:Building CMake package in '/home/bart/goliath_mobile/src/golitath_mobile/goliath/ros2_control_demo_description'
[0.657s] INFO:colcon.colcon_core.plugin_system:Skipping extension 'colcon_core.shell.bat': Not used on non-Windows systems
[0.658s] INFO:colcon.colcon_core.shell:Skip shell extension 'powershell' for command environment: Not usable outside of PowerShell
[0.658s] DEBUG:colcon.colcon_core.shell:Skip shell extension 'dsv' for command environment
[0.665s] INFO:colcon.colcon_ros.task.ament_python.build:Building ROS package in '/home/bart/goliath_mobile/src/golitath_mobile/goliath/ros2_control_demo_testing' with build type 'ament_python'
[0.665s] Level 1:colcon.colcon_core.shell:create_environment_hook('ros2_control_demo_testing', 'ament_prefix_path')
[0.666s] INFO:colcon.colcon_core.shell:Creating environment hook '/home/bart/goliath_mobile/install/ros2_control_demo_testing/share/ros2_control_demo_testing/hook/ament_prefix_path.ps1'
[0.669s] INFO:colcon.colcon_core.shell:Creating environment descriptor '/home/bart/goliath_mobile/install/ros2_control_demo_testing/share/ros2_control_demo_testing/hook/ament_prefix_path.dsv'
[0.671s] INFO:colcon.colcon_core.shell:Creating environment hook '/home/bart/goliath_mobile/install/ros2_control_demo_testing/share/ros2_control_demo_testing/hook/ament_prefix_path.sh'
[0.673s] INFO:colcon.colcon_core.shell:Skip shell extension 'powershell' for command environment: Not usable outside of PowerShell
[0.674s] DEBUG:colcon.colcon_core.shell:Skip shell extension 'dsv' for command environment
[0.681s] INFO:colcon.colcon_ros.task.ament_cmake.build:Building ROS package in '/home/bart/goliath_mobile/src/golitath_mobile/goliath/goliath_interfaces' with build type 'ament_cmake'
[0.681s] INFO:colcon.colcon_cmake.task.cmake.build:Building CMake package in '/home/bart/goliath_mobile/src/golitath_mobile/goliath/goliath_interfaces'
[0.681s] INFO:colcon.colcon_core.shell:Skip shell extension 'powershell' for command environment: Not usable outside of PowerShell
[0.682s] DEBUG:colcon.colcon_core.shell:Skip shell extension 'dsv' for command environment
[0.690s] INFO:colcon.colcon_ros.task.ament_cmake.build:Building ROS package in '/home/bart/goliath_mobile/src/golitath_mobile/hoverboard_ros2_control/hoverboard_demo_description' with build type 'ament_cmake'
[0.690s] INFO:colcon.colcon_cmake.task.cmake.build:Building CMake package in '/home/bart/goliath_mobile/src/golitath_mobile/hoverboard_ros2_control/hoverboard_demo_description'
[0.691s] INFO:colcon.colcon_core.shell:Skip shell extension 'powershell' for command environment: Not usable outside of PowerShell
[0.691s] DEBUG:colcon.colcon_core.shell:Skip shell extension 'dsv' for command environment
[0.713s] DEBUG:colcon.colcon_core.event_handler.log_command:Invoking command in '/home/bart/goliath_mobile/build/ros2_control_demo_description': CMAKE_PREFIX_PATH=${CMAKE_PREFIX_PATH}:/home/bart/goliath_mobile/install/ros2_control_demo_testing:/home/bart/goliath_mobile/install/gripper_description:/opt/ros/humble /usr/bin/cmake --build /home/bart/goliath_mobile/build/ros2_control_demo_description -- -j4 -l4
[1.129s] INFO:colcon.colcon_core.task.python.build:Building Python package in '/home/bart/goliath_mobile/src/golitath_mobile/goliath/ros2_control_demo_testing'
[1.129s] INFO:colcon.colcon_core.shell:Skip shell extension 'powershell' for command environment: Not usable outside of PowerShell
[1.129s] DEBUG:colcon.colcon_core.shell:Skip shell extension 'dsv' for command environment
[1.143s] DEBUG:colcon.colcon_core.event_handler.log_command:Invoking command in '/home/bart/goliath_mobile/build/goliath_interfaces': CMAKE_PREFIX_PATH=${CMAKE_PREFIX_PATH}:/home/bart/goliath_mobile/install/ros2_control_demo_testing:/home/bart/goliath_mobile/install/gripper_description:/opt/ros/humble /usr/bin/cmake --build /home/bart/goliath_mobile/build/goliath_interfaces -- -j4 -l4
[1.147s] DEBUG:colcon.colcon_core.event_handler.log_command:Invoking command in '/home/bart/goliath_mobile/build/hoverboard_demo_description': CMAKE_PREFIX_PATH=${CMAKE_PREFIX_PATH}:/home/bart/goliath_mobile/install/ros2_control_demo_testing:/home/bart/goliath_mobile/install/gripper_description:/opt/ros/humble /usr/bin/cmake --build /home/bart/goliath_mobile/build/hoverboard_demo_description -- -j4 -l4
[1.150s] DEBUG:colcon.colcon_core.event_handler.log_command:Invoked command in '/home/bart/goliath_mobile/build/ros2_control_demo_description' returned '0': CMAKE_PREFIX_PATH=${CMAKE_PREFIX_PATH}:/home/bart/goliath_mobile/install/ros2_control_demo_testing:/home/bart/goliath_mobile/install/gripper_description:/opt/ros/humble /usr/bin/cmake --build /home/bart/goliath_mobile/build/ros2_control_demo_description -- -j4 -l4
[1.172s] DEBUG:colcon.colcon_core.event_handler.log_command:Invoking command in '/home/bart/goliath_mobile/build/ros2_control_demo_description': CMAKE_PREFIX_PATH=${CMAKE_PREFIX_PATH}:/home/bart/goliath_mobile/install/ros2_control_demo_testing:/home/bart/goliath_mobile/install/gripper_description:/opt/ros/humble /usr/bin/cmake --install /home/bart/goliath_mobile/build/ros2_control_demo_description
[1.236s] Level 1:colcon.colcon_core.environment:create_environment_scripts_only(ros2_control_demo_description)
[1.248s] DEBUG:colcon.colcon_core.event_handler.log_command:Invoked command in '/home/bart/goliath_mobile/build/ros2_control_demo_description' returned '0': CMAKE_PREFIX_PATH=${CMAKE_PREFIX_PATH}:/home/bart/goliath_mobile/install/ros2_control_demo_testing:/home/bart/goliath_mobile/install/gripper_description:/opt/ros/humble /usr/bin/cmake --install /home/bart/goliath_mobile/build/ros2_control_demo_description
[1.253s] Level 1:colcon.colcon_core.environment:checking '/home/bart/goliath_mobile/install/ros2_control_demo_description' for CMake module files
[1.257s] Level 1:colcon.colcon_core.environment:checking '/home/bart/goliath_mobile/install/ros2_control_demo_description' for CMake config files
[1.260s] Level 1:colcon.colcon_core.shell:create_environment_hook('ros2_control_demo_description', 'cmake_prefix_path')
[1.261s] INFO:colcon.colcon_core.shell:Creating environment hook '/home/bart/goliath_mobile/install/ros2_control_demo_description/share/ros2_control_demo_description/hook/cmake_prefix_path.ps1'
[1.263s] INFO:colcon.colcon_core.shell:Creating environment descriptor '/home/bart/goliath_mobile/install/ros2_control_demo_description/share/ros2_control_demo_description/hook/cmake_prefix_path.dsv'
[1.270s] INFO:colcon.colcon_core.shell:Creating environment hook '/home/bart/goliath_mobile/install/ros2_control_demo_description/share/ros2_control_demo_description/hook/cmake_prefix_path.sh'
[1.271s] Level 1:colcon.colcon_core.environment:checking '/home/bart/goliath_mobile/install/ros2_control_demo_description/bin'
[1.272s] Level 1:colcon.colcon_core.environment:checking '/home/bart/goliath_mobile/install/ros2_control_demo_description/lib/pkgconfig/ros2_control_demo_description.pc'
[1.272s] Level 1:colcon.colcon_core.environment:checking '/home/bart/goliath_mobile/install/ros2_control_demo_description/lib/python3.10/site-packages'
[1.273s] Level 1:colcon.colcon_core.environment:checking '/home/bart/goliath_mobile/install/ros2_control_demo_description/bin'
[1.274s] INFO:colcon.colcon_core.shell:Creating package script '/home/bart/goliath_mobile/install/ros2_control_demo_description/share/ros2_control_demo_description/package.ps1'
[1.278s] INFO:colcon.colcon_core.shell:Creating package descriptor '/home/bart/goliath_mobile/install/ros2_control_demo_description/share/ros2_control_demo_description/package.dsv'
[1.279s] INFO:colcon.colcon_core.shell:Creating package script '/home/bart/goliath_mobile/install/ros2_control_demo_description/share/ros2_control_demo_description/package.sh'
[1.282s] INFO:colcon.colcon_core.shell:Creating package script '/home/bart/goliath_mobile/install/ros2_control_demo_description/share/ros2_control_demo_description/package.bash'
[1.289s] INFO:colcon.colcon_core.shell:Creating package script '/home/bart/goliath_mobile/install/ros2_control_demo_description/share/ros2_control_demo_description/package.zsh'
[1.291s] Level 1:colcon.colcon_core.environment:create_file_with_runtime_dependencies(/home/bart/goliath_mobile/install/ros2_control_demo_description/share/colcon-core/packages/ros2_control_demo_description)
[1.292s] Level 1:colcon.colcon_core.environment:create_environment_scripts_only(ros2_control_demo_description)
[1.293s] Level 1:colcon.colcon_core.environment:checking '/home/bart/goliath_mobile/install/ros2_control_demo_description' for CMake module files
[1.294s] Level 1:colcon.colcon_core.environment:checking '/home/bart/goliath_mobile/install/ros2_control_demo_description' for CMake config files
[1.299s] Level 1:colcon.colcon_core.shell:create_environment_hook('ros2_control_demo_description', 'cmake_prefix_path')
[1.300s] INFO:colcon.colcon_core.shell:Creating environment hook '/home/bart/goliath_mobile/install/ros2_control_demo_description/share/ros2_control_demo_description/hook/cmake_prefix_path.ps1'
[1.301s] INFO:colcon.colcon_core.shell:Creating environment descriptor '/home/bart/goliath_mobile/install/ros2_control_demo_description/share/ros2_control_demo_description/hook/cmake_prefix_path.dsv'
[1.305s] INFO:colcon.colcon_core.shell:Creating environment hook '/home/bart/goliath_mobile/install/ros2_control_demo_description/share/ros2_control_demo_description/hook/cmake_prefix_path.sh'
[1.308s] Level 1:colcon.colcon_core.environment:checking '/home/bart/goliath_mobile/install/ros2_control_demo_description/bin'
[1.308s] Level 1:colcon.colcon_core.environment:checking '/home/bart/goliath_mobile/install/ros2_control_demo_description/lib/pkgconfig/ros2_control_demo_description.pc'
[1.309s] Level 1:colcon.colcon_core.environment:checking '/home/bart/goliath_mobile/install/ros2_control_demo_description/lib/python3.10/site-packages'
[1.310s] Level 1:colcon.colcon_core.environment:checking '/home/bart/goliath_mobile/install/ros2_control_demo_description/bin'
[1.310s] INFO:colcon.colcon_core.shell:Creating package script '/home/bart/goliath_mobile/install/ros2_control_demo_description/share/ros2_control_demo_description/package.ps1'
[1.312s] INFO:colcon.colcon_core.shell:Creating package descriptor '/home/bart/goliath_mobile/install/ros2_control_demo_description/share/ros2_control_demo_description/package.dsv'
[1.314s] INFO:colcon.colcon_core.shell:Creating package script '/home/bart/goliath_mobile/install/ros2_control_demo_description/share/ros2_control_demo_description/package.sh'
[1.315s] INFO:colcon.colcon_core.shell:Creating package script '/home/bart/goliath_mobile/install/ros2_control_demo_description/share/ros2_control_demo_description/package.bash'
[1.316s] INFO:colcon.colcon_core.shell:Creating package script '/home/bart/goliath_mobile/install/ros2_control_demo_description/share/ros2_control_demo_description/package.zsh'
[1.318s] Level 1:colcon.colcon_core.environment:create_file_with_runtime_dependencies(/home/bart/goliath_mobile/install/ros2_control_demo_description/share/colcon-core/packages/ros2_control_demo_description)
[1.320s] INFO:colcon.colcon_ros.task.ament_cmake.build:Building ROS package in '/home/bart/goliath_mobile/src/golitath_mobile/goliath/arm_move_joy' with build type 'ament_cmake'
[1.321s] INFO:colcon.colcon_cmake.task.cmake.build:Building CMake package in '/home/bart/goliath_mobile/src/golitath_mobile/goliath/arm_move_joy'
[1.321s] INFO:colcon.colcon_core.shell:Skip shell extension 'powershell' for command environment: Not usable outside of PowerShell
[1.322s] DEBUG:colcon.colcon_core.shell:Skip shell extension 'dsv' for command environment
[1.381s] DEBUG:colcon.colcon_core.event_handler.log_command:Invoking command in '/home/bart/goliath_mobile/build/arm_move_joy': CMAKE_PREFIX_PATH=${CMAKE_PREFIX_PATH}:/home/bart/goliath_mobile/install/ros2_control_demo_testing:/home/bart/goliath_mobile/install/gripper_description:/opt/ros/humble /usr/bin/cmake --build /home/bart/goliath_mobile/build/arm_move_joy -- -j4 -l4
[1.383s] DEBUG:colcon.colcon_core.event_handler.log_command:Invoked command in '/home/bart/goliath_mobile/build/hoverboard_demo_description' returned '0': CMAKE_PREFIX_PATH=${CMAKE_PREFIX_PATH}:/home/bart/goliath_mobile/install/ros2_control_demo_testing:/home/bart/goliath_mobile/install/gripper_description:/opt/ros/humble /usr/bin/cmake --build /home/bart/goliath_mobile/build/hoverboard_demo_description -- -j4 -l4
[1.399s] DEBUG:colcon.colcon_core.event_handler.log_command:Invoking command in '/home/bart/goliath_mobile/build/hoverboard_demo_description': CMAKE_PREFIX_PATH=${CMAKE_PREFIX_PATH}:/home/bart/goliath_mobile/install/ros2_control_demo_testing:/home/bart/goliath_mobile/install/gripper_description:/opt/ros/humble /usr/bin/cmake --install /home/bart/goliath_mobile/build/hoverboard_demo_description
[1.496s] Level 1:colcon.colcon_core.environment:create_environment_scripts_only(hoverboard_demo_description)
[1.497s] Level 1:colcon.colcon_core.environment:checking '/home/bart/goliath_mobile/install/hoverboard_demo_description' for CMake module files
[1.500s] DEBUG:colcon.colcon_core.event_handler.log_command:Invoked command in '/home/bart/goliath_mobile/build/hoverboard_demo_description' returned '0': CMAKE_PREFIX_PATH=${CMAKE_PREFIX_PATH}:/home/bart/goliath_mobile/install/ros2_control_demo_testing:/home/bart/goliath_mobile/install/gripper_description:/opt/ros/humble /usr/bin/cmake --install /home/bart/goliath_mobile/build/hoverboard_demo_description
[1.507s] Level 1:colcon.colcon_core.environment:checking '/home/bart/goliath_mobile/install/hoverboard_demo_description' for CMake config files
[1.509s] Level 1:colcon.colcon_core.shell:create_environment_hook('hoverboard_demo_description', 'cmake_prefix_path')
[1.510s] INFO:colcon.colcon_core.shell:Creating environment hook '/home/bart/goliath_mobile/install/hoverboard_demo_description/share/hoverboard_demo_description/hook/cmake_prefix_path.ps1'
[1.514s] INFO:colcon.colcon_core.shell:Creating environment descriptor '/home/bart/goliath_mobile/install/hoverboard_demo_description/share/hoverboard_demo_description/hook/cmake_prefix_path.dsv'
[1.515s] INFO:colcon.colcon_core.shell:Creating environment hook '/home/bart/goliath_mobile/install/hoverboard_demo_description/share/hoverboard_demo_description/hook/cmake_prefix_path.sh'
[1.517s] Level 1:colcon.colcon_core.environment:checking '/home/bart/goliath_mobile/install/hoverboard_demo_description/bin'
[1.517s] Level 1:colcon.colcon_core.environment:checking '/home/bart/goliath_mobile/install/hoverboard_demo_description/lib/pkgconfig/hoverboard_demo_description.pc'
[1.520s] Level 1:colcon.colcon_core.environment:checking '/home/bart/goliath_mobile/install/hoverboard_demo_description/lib/python3.10/site-packages'
[1.521s] Level 1:colcon.colcon_core.environment:checking '/home/bart/goliath_mobile/install/hoverboard_demo_description/bin'
[1.525s] INFO:colcon.colcon_core.shell:Creating package script '/home/bart/goliath_mobile/install/hoverboard_demo_description/share/hoverboard_demo_description/package.ps1'
[1.527s] INFO:colcon.colcon_core.shell:Creating package descriptor '/home/bart/goliath_mobile/install/hoverboard_demo_description/share/hoverboard_demo_description/package.dsv'
[1.528s] INFO:colcon.colcon_core.shell:Creating package script '/home/bart/goliath_mobile/install/hoverboard_demo_description/share/hoverboard_demo_description/package.sh'
[1.529s] INFO:colcon.colcon_core.shell:Creating package script '/home/bart/goliath_mobile/install/hoverboard_demo_description/share/hoverboard_demo_description/package.bash'
[1.536s] INFO:colcon.colcon_core.shell:Creating package script '/home/bart/goliath_mobile/install/hoverboard_demo_description/share/hoverboard_demo_description/package.zsh'
[1.539s] Level 1:colcon.colcon_core.environment:create_file_with_runtime_dependencies(/home/bart/goliath_mobile/install/hoverboard_demo_description/share/colcon-core/packages/hoverboard_demo_description)
[1.542s] Level 1:colcon.colcon_core.environment:create_environment_scripts_only(hoverboard_demo_description)
[1.542s] Level 1:colcon.colcon_core.environment:checking '/home/bart/goliath_mobile/install/hoverboard_demo_description' for CMake module files
[1.544s] Level 1:colcon.colcon_core.environment:checking '/home/bart/goliath_mobile/install/hoverboard_demo_description' for CMake config files
[1.545s] Level 1:colcon.colcon_core.shell:create_environment_hook('hoverboard_demo_description', 'cmake_prefix_path')
[1.546s] INFO:colcon.colcon_core.shell:Creating environment hook '/home/bart/goliath_mobile/install/hoverboard_demo_description/share/hoverboard_demo_description/hook/cmake_prefix_path.ps1'
[1.547s] INFO:colcon.colcon_core.shell:Creating environment descriptor '/home/bart/goliath_mobile/install/hoverboard_demo_description/share/hoverboard_demo_description/hook/cmake_prefix_path.dsv'
[1.548s] INFO:colcon.colcon_core.shell:Creating environment hook '/home/bart/goliath_mobile/install/hoverboard_demo_description/share/hoverboard_demo_description/hook/cmake_prefix_path.sh'
[1.550s] Level 1:colcon.colcon_core.environment:checking '/home/bart/goliath_mobile/install/hoverboard_demo_description/bin'
[1.550s] Level 1:colcon.colcon_core.environment:checking '/home/bart/goliath_mobile/install/hoverboard_demo_description/lib/pkgconfig/hoverboard_demo_description.pc'
[1.552s] Level 1:colcon.colcon_core.environment:checking '/home/bart/goliath_mobile/install/hoverboard_demo_description/lib/python3.10/site-packages'
[1.553s] Level 1:colcon.colcon_core.environment:checking '/home/bart/goliath_mobile/install/hoverboard_demo_description/bin'
[1.554s] INFO:colcon.colcon_core.shell:Creating package script '/home/bart/goliath_mobile/install/hoverboard_demo_description/share/hoverboard_demo_description/package.ps1'
[1.556s] INFO:colcon.colcon_core.shell:Creating package descriptor '/home/bart/goliath_mobile/install/hoverboard_demo_description/share/hoverboard_demo_description/package.dsv'
[1.557s] INFO:colcon.colcon_core.shell:Creating package script '/home/bart/goliath_mobile/install/hoverboard_demo_description/share/hoverboard_demo_description/package.sh'
[1.558s] INFO:colcon.colcon_core.shell:Creating package script '/home/bart/goliath_mobile/install/hoverboard_demo_description/share/hoverboard_demo_description/package.bash'
[1.559s] INFO:colcon.colcon_core.shell:Creating package script '/home/bart/goliath_mobile/install/hoverboard_demo_description/share/hoverboard_demo_description/package.zsh'
[1.561s] Level 1:colcon.colcon_core.environment:create_file_with_runtime_dependencies(/home/bart/goliath_mobile/install/hoverboard_demo_description/share/colcon-core/packages/hoverboard_demo_description)
[1.563s] INFO:colcon.colcon_ros.task.ament_python.build:Building ROS package in '/home/bart/goliath_mobile/src/goliath_gripper/gripper_description' with build type 'ament_python'
[1.563s] Level 1:colcon.colcon_core.shell:create_environment_hook('gripper_description', 'ament_prefix_path')
[1.564s] INFO:colcon.colcon_core.shell:Creating environment hook '/home/bart/goliath_mobile/install/gripper_description/share/gripper_description/hook/ament_prefix_path.ps1'
[1.565s] INFO:colcon.colcon_core.shell:Creating environment descriptor '/home/bart/goliath_mobile/install/gripper_description/share/gripper_description/hook/ament_prefix_path.dsv'
[1.566s] INFO:colcon.colcon_core.shell:Creating environment hook '/home/bart/goliath_mobile/install/gripper_description/share/gripper_description/hook/ament_prefix_path.sh'
[1.567s] INFO:colcon.colcon_core.shell:Skip shell extension 'powershell' for command environment: Not usable outside of PowerShell
[1.568s] DEBUG:colcon.colcon_core.shell:Skip shell extension 'dsv' for command environment
[2.344s] INFO:colcon.colcon_core.task.python.build:Building Python package in '/home/bart/goliath_mobile/src/goliath_gripper/gripper_description'
[2.344s] INFO:colcon.colcon_core.shell:Skip shell extension 'powershell' for command environment: Not usable outside of PowerShell
[2.344s] DEBUG:colcon.colcon_core.shell:Skip shell extension 'dsv' for command environment
[2.357s] DEBUG:colcon.colcon_core.event_handler.log_command:Invoking command in '/home/bart/goliath_mobile/build/ros2_control_demo_testing': PYTHONPATH=/home/bart/goliath_mobile/build/ros2_control_demo_testing/prefix_override:/usr/lib/python3/dist-packages/colcon_core/task/python/colcon_distutils_commands:/home/bart/goliath_mobile/install/ros2_control_demo_testing/lib/python3.10/site-packages:${PYTHONPATH} /usr/bin/python3 -W ignore:setup.py install is deprecated -W ignore:easy_install command is deprecated setup.py develop --editable --build-directory /home/bart/goliath_mobile/build/ros2_control_demo_testing/build --no-deps symlink_data
[2.359s] DEBUG:colcon.colcon_core.event_handler.log_command:Invoked command in '/home/bart/goliath_mobile/build/arm_move_joy' returned '0': CMAKE_PREFIX_PATH=${CMAKE_PREFIX_PATH}:/home/bart/goliath_mobile/install/ros2_control_demo_testing:/home/bart/goliath_mobile/install/gripper_description:/opt/ros/humble /usr/bin/cmake --build /home/bart/goliath_mobile/build/arm_move_joy -- -j4 -l4
[2.360s] DEBUG:colcon.colcon_core.event_handler.log_command:Invoking command in '/home/bart/goliath_mobile/build/arm_move_joy': CMAKE_PREFIX_PATH=${CMAKE_PREFIX_PATH}:/home/bart/goliath_mobile/install/ros2_control_demo_testing:/home/bart/goliath_mobile/install/gripper_description:/opt/ros/humble /usr/bin/cmake --install /home/bart/goliath_mobile/build/arm_move_joy
[2.361s] DEBUG:colcon.colcon_core.event_handler.log_command:Invoked command in '/home/bart/goliath_mobile/build/goliath_interfaces' returned '0': CMAKE_PREFIX_PATH=${CMAKE_PREFIX_PATH}:/home/bart/goliath_mobile/install/ros2_control_demo_testing:/home/bart/goliath_mobile/install/gripper_description:/opt/ros/humble /usr/bin/cmake --build /home/bart/goliath_mobile/build/goliath_interfaces -- -j4 -l4
[2.364s] DEBUG:colcon.colcon_core.event_handler.log_command:Invoking command in '/home/bart/goliath_mobile/build/goliath_interfaces': CMAKE_PREFIX_PATH=${CMAKE_PREFIX_PATH}:/home/bart/goliath_mobile/install/ros2_control_demo_testing:/home/bart/goliath_mobile/install/gripper_description:/opt/ros/humble /usr/bin/cmake --install /home/bart/goliath_mobile/build/goliath_interfaces
[2.406s] Level 1:colcon.colcon_core.environment:create_environment_scripts_only(arm_move_joy)
[2.410s] Level 1:colcon.colcon_core.environment:checking '/home/bart/goliath_mobile/install/arm_move_joy' for CMake module files
[2.411s] DEBUG:colcon.colcon_core.event_handler.log_command:Invoked command in '/home/bart/goliath_mobile/build/arm_move_joy' returned '0': CMAKE_PREFIX_PATH=${CMAKE_PREFIX_PATH}:/home/bart/goliath_mobile/install/ros2_control_demo_testing:/home/bart/goliath_mobile/install/gripper_description:/opt/ros/humble /usr/bin/cmake --install /home/bart/goliath_mobile/build/arm_move_joy
[2.414s] Level 1:colcon.colcon_core.environment:checking '/home/bart/goliath_mobile/install/arm_move_joy' for CMake config files
[2.415s] Level 1:colcon.colcon_core.shell:create_environment_hook('arm_move_joy', 'cmake_prefix_path')
[2.417s] INFO:colcon.colcon_core.shell:Creating environment hook '/home/bart/goliath_mobile/install/arm_move_joy/share/arm_move_joy/hook/cmake_prefix_path.ps1'
[2.421s] INFO:colcon.colcon_core.shell:Creating environment descriptor '/home/bart/goliath_mobile/install/arm_move_joy/share/arm_move_joy/hook/cmake_prefix_path.dsv'
[2.423s] INFO:colcon.colcon_core.shell:Creating environment hook '/home/bart/goliath_mobile/install/arm_move_joy/share/arm_move_joy/hook/cmake_prefix_path.sh'
[2.427s] Level 1:colcon.colcon_core.environment:checking '/home/bart/goliath_mobile/install/arm_move_joy/lib'
[2.429s] Level 1:colcon.colcon_core.environment:checking '/home/bart/goliath_mobile/install/arm_move_joy/bin'
[2.429s] Level 1:colcon.colcon_core.environment:checking '/home/bart/goliath_mobile/install/arm_move_joy/lib/pkgconfig/arm_move_joy.pc'
[2.430s] Level 1:colcon.colcon_core.environment:checking '/home/bart/goliath_mobile/install/arm_move_joy/lib/python3.10/site-packages'
[2.430s] Level 1:colcon.colcon_core.environment:checking '/home/bart/goliath_mobile/install/arm_move_joy/bin'
[2.431s] INFO:colcon.colcon_core.shell:Creating package script '/home/bart/goliath_mobile/install/arm_move_joy/share/arm_move_joy/package.ps1'
[2.433s] INFO:colcon.colcon_core.shell:Creating package descriptor '/home/bart/goliath_mobile/install/arm_move_joy/share/arm_move_joy/package.dsv'
[2.438s] INFO:colcon.colcon_core.shell:Creating package script '/home/bart/goliath_mobile/install/arm_move_joy/share/arm_move_joy/package.sh'
[2.441s] INFO:colcon.colcon_core.shell:Creating package script '/home/bart/goliath_mobile/install/arm_move_joy/share/arm_move_joy/package.bash'
[2.442s] INFO:colcon.colcon_core.shell:Creating package script '/home/bart/goliath_mobile/install/arm_move_joy/share/arm_move_joy/package.zsh'
[2.443s] Level 1:colcon.colcon_core.environment:create_file_with_runtime_dependencies(/home/bart/goliath_mobile/install/arm_move_joy/share/colcon-core/packages/arm_move_joy)
[2.445s] Level 1:colcon.colcon_core.environment:create_environment_scripts_only(arm_move_joy)
[2.445s] Level 1:colcon.colcon_core.environment:checking '/home/bart/goliath_mobile/install/arm_move_joy' for CMake module files
[2.447s] Level 1:colcon.colcon_core.environment:checking '/home/bart/goliath_mobile/install/arm_move_joy' for CMake config files
[2.448s] Level 1:colcon.colcon_core.shell:create_environment_hook('arm_move_joy', 'cmake_prefix_path')
[2.448s] INFO:colcon.colcon_core.shell:Creating environment hook '/home/bart/goliath_mobile/install/arm_move_joy/share/arm_move_joy/hook/cmake_prefix_path.ps1'
[2.449s] INFO:colcon.colcon_core.shell:Creating environment descriptor '/home/bart/goliath_mobile/install/arm_move_joy/share/arm_move_joy/hook/cmake_prefix_path.dsv'
[2.451s] INFO:colcon.colcon_core.shell:Creating environment hook '/home/bart/goliath_mobile/install/arm_move_joy/share/arm_move_joy/hook/cmake_prefix_path.sh'
[2.452s] Level 1:colcon.colcon_core.environment:checking '/home/bart/goliath_mobile/install/arm_move_joy/lib'
[2.453s] Level 1:colcon.colcon_core.environment:checking '/home/bart/goliath_mobile/install/arm_move_joy/bin'
[2.453s] Level 1:colcon.colcon_core.environment:checking '/home/bart/goliath_mobile/install/arm_move_joy/lib/pkgconfig/arm_move_joy.pc'
[2.454s] Level 1:colcon.colcon_core.environment:checking '/home/bart/goliath_mobile/install/arm_move_joy/lib/python3.10/site-packages'
[2.456s] Level 1:colcon.colcon_core.environment:checking '/home/bart/goliath_mobile/install/arm_move_joy/bin'
[2.458s] INFO:colcon.colcon_core.shell:Creating package script '/home/bart/goliath_mobile/install/arm_move_joy/share/arm_move_joy/package.ps1'
[2.461s] INFO:colcon.colcon_core.shell:Creating package descriptor '/home/bart/goliath_mobile/install/arm_move_joy/share/arm_move_joy/package.dsv'
[2.465s] INFO:colcon.colcon_core.shell:Creating package script '/home/bart/goliath_mobile/install/arm_move_joy/share/arm_move_joy/package.sh'
[2.466s] INFO:colcon.colcon_core.shell:Creating package script '/home/bart/goliath_mobile/install/arm_move_joy/share/arm_move_joy/package.bash'
[2.468s] INFO:colcon.colcon_core.shell:Creating package script '/home/bart/goliath_mobile/install/arm_move_joy/share/arm_move_joy/package.zsh'
[2.469s] Level 1:colcon.colcon_core.environment:create_file_with_runtime_dependencies(/home/bart/goliath_mobile/install/arm_move_joy/share/colcon-core/packages/arm_move_joy)
[2.471s] INFO:colcon.colcon_ros.task.ament_cmake.build:Building ROS package in '/home/bart/goliath_mobile/src/golitath_mobile/hoverboard_ros2_control/hoverboard_hardware_interface' with build type 'ament_cmake'
[2.472s] INFO:colcon.colcon_cmake.task.cmake.build:Building CMake package in '/home/bart/goliath_mobile/src/golitath_mobile/hoverboard_ros2_control/hoverboard_hardware_interface'
[2.472s] INFO:colcon.colcon_core.shell:Skip shell extension 'powershell' for command environment: Not usable outside of PowerShell
[2.473s] DEBUG:colcon.colcon_core.shell:Skip shell extension 'dsv' for command environment
[2.497s] DEBUG:colcon.colcon_core.event_handler.log_command:Invoking command in '/home/bart/goliath_mobile/build/hoverboard_hardware_interface': CMAKE_PREFIX_PATH=${CMAKE_PREFIX_PATH}:/home/bart/goliath_mobile/install/ros2_control_demo_testing:/home/bart/goliath_mobile/install/gripper_description:/opt/ros/humble /usr/bin/cmake --build /home/bart/goliath_mobile/build/hoverboard_hardware_interface -- -j4 -l4
[2.575s] Level 1:colcon.colcon_core.environment:create_environment_scripts_only(goliath_interfaces)
[2.576s] Level 1:colcon.colcon_core.environment:checking '/home/bart/goliath_mobile/install/goliath_interfaces' for CMake module files
[2.578s] Level 1:colcon.colcon_core.environment:checking '/home/bart/goliath_mobile/install/goliath_interfaces' for CMake config files
[2.581s] Level 1:colcon.colcon_core.shell:create_environment_hook('goliath_interfaces', 'cmake_prefix_path')
[2.581s] INFO:colcon.colcon_core.shell:Creating environment hook '/home/bart/goliath_mobile/install/goliath_interfaces/share/goliath_interfaces/hook/cmake_prefix_path.ps1'
[2.579s] DEBUG:colcon.colcon_core.event_handler.log_command:Invoked command in '/home/bart/goliath_mobile/build/goliath_interfaces' returned '0': CMAKE_PREFIX_PATH=${CMAKE_PREFIX_PATH}:/home/bart/goliath_mobile/install/ros2_control_demo_testing:/home/bart/goliath_mobile/install/gripper_description:/opt/ros/humble /usr/bin/cmake --install /home/bart/goliath_mobile/build/goliath_interfaces
[2.583s] INFO:colcon.colcon_core.shell:Creating environment descriptor '/home/bart/goliath_mobile/install/goliath_interfaces/share/goliath_interfaces/hook/cmake_prefix_path.dsv'
[2.584s] INFO:colcon.colcon_core.shell:Creating environment hook '/home/bart/goliath_mobile/install/goliath_interfaces/share/goliath_interfaces/hook/cmake_prefix_path.sh'
[2.585s] Level 1:colcon.colcon_core.environment:checking '/home/bart/goliath_mobile/install/goliath_interfaces/lib'
[2.586s] Level 1:colcon.colcon_core.shell:create_environment_hook('goliath_interfaces', 'ld_library_path_lib')
[2.586s] INFO:colcon.colcon_core.shell:Creating environment hook '/home/bart/goliath_mobile/install/goliath_interfaces/share/goliath_interfaces/hook/ld_library_path_lib.ps1'
[2.588s] INFO:colcon.colcon_core.shell:Creating environment descriptor '/home/bart/goliath_mobile/install/goliath_interfaces/share/goliath_interfaces/hook/ld_library_path_lib.dsv'
[2.589s] INFO:colcon.colcon_core.shell:Creating environment hook '/home/bart/goliath_mobile/install/goliath_interfaces/share/goliath_interfaces/hook/ld_library_path_lib.sh'
[2.591s] Level 1:colcon.colcon_core.environment:checking '/home/bart/goliath_mobile/install/goliath_interfaces/bin'
[2.591s] Level 1:colcon.colcon_core.environment:checking '/home/bart/goliath_mobile/install/goliath_interfaces/lib/pkgconfig/goliath_interfaces.pc'
[2.592s] Level 1:colcon.colcon_core.environment:checking '/home/bart/goliath_mobile/install/goliath_interfaces/lib/python3.10/site-packages'
[2.593s] Level 1:colcon.colcon_core.environment:checking '/home/bart/goliath_mobile/install/goliath_interfaces/bin'
[2.594s] INFO:colcon.colcon_core.shell:Creating package script '/home/bart/goliath_mobile/install/goliath_interfaces/share/goliath_interfaces/package.ps1'
[2.595s] INFO:colcon.colcon_core.shell:Creating package descriptor '/home/bart/goliath_mobile/install/goliath_interfaces/share/goliath_interfaces/package.dsv'
[2.596s] INFO:colcon.colcon_core.shell:Creating package script '/home/bart/goliath_mobile/install/goliath_interfaces/share/goliath_interfaces/package.sh'
[2.597s] INFO:colcon.colcon_core.shell:Creating package script '/home/bart/goliath_mobile/install/goliath_interfaces/share/goliath_interfaces/package.bash'
[2.598s] INFO:colcon.colcon_core.shell:Creating package script '/home/bart/goliath_mobile/install/goliath_interfaces/share/goliath_interfaces/package.zsh'
[2.599s] Level 1:colcon.colcon_core.environment:create_file_with_runtime_dependencies(/home/bart/goliath_mobile/install/goliath_interfaces/share/colcon-core/packages/goliath_interfaces)
[2.601s] Level 1:colcon.colcon_core.environment:create_environment_scripts_only(goliath_interfaces)
[2.602s] Level 1:colcon.colcon_core.environment:checking '/home/bart/goliath_mobile/install/goliath_interfaces' for CMake module files
[2.604s] Level 1:colcon.colcon_core.environment:checking '/home/bart/goliath_mobile/install/goliath_interfaces' for CMake config files
[2.607s] Level 1:colcon.colcon_core.shell:create_environment_hook('goliath_interfaces', 'cmake_prefix_path')
[2.608s] INFO:colcon.colcon_core.shell:Creating environment hook '/home/bart/goliath_mobile/install/goliath_interfaces/share/goliath_interfaces/hook/cmake_prefix_path.ps1'
[2.609s] INFO:colcon.colcon_core.shell:Creating environment descriptor '/home/bart/goliath_mobile/install/goliath_interfaces/share/goliath_interfaces/hook/cmake_prefix_path.dsv'
[2.611s] INFO:colcon.colcon_core.shell:Creating environment hook '/home/bart/goliath_mobile/install/goliath_interfaces/share/goliath_interfaces/hook/cmake_prefix_path.sh'
[2.613s] Level 1:colcon.colcon_core.environment:checking '/home/bart/goliath_mobile/install/goliath_interfaces/lib'
[2.613s] Level 1:colcon.colcon_core.shell:create_environment_hook('goliath_interfaces', 'ld_library_path_lib')
[2.614s] INFO:colcon.colcon_core.shell:Creating environment hook '/home/bart/goliath_mobile/install/goliath_interfaces/share/goliath_interfaces/hook/ld_library_path_lib.ps1'
[2.615s] INFO:colcon.colcon_core.shell:Creating environment descriptor '/home/bart/goliath_mobile/install/goliath_interfaces/share/goliath_interfaces/hook/ld_library_path_lib.dsv'
[2.616s] INFO:colcon.colcon_core.shell:Creating environment hook '/home/bart/goliath_mobile/install/goliath_interfaces/share/goliath_interfaces/hook/ld_library_path_lib.sh'
[2.618s] Level 1:colcon.colcon_core.environment:checking '/home/bart/goliath_mobile/install/goliath_interfaces/bin'
[2.618s] Level 1:colcon.colcon_core.environment:checking '/home/bart/goliath_mobile/install/goliath_interfaces/lib/pkgconfig/goliath_interfaces.pc'
[2.618s] Level 1:colcon.colcon_core.environment:checking '/home/bart/goliath_mobile/install/goliath_interfaces/lib/python3.10/site-packages'
[2.619s] Level 1:colcon.colcon_core.environment:checking '/home/bart/goliath_mobile/install/goliath_interfaces/bin'
[2.620s] INFO:colcon.colcon_core.shell:Creating package script '/home/bart/goliath_mobile/install/goliath_interfaces/share/goliath_interfaces/package.ps1'
[2.622s] INFO:colcon.colcon_core.shell:Creating package descriptor '/home/bart/goliath_mobile/install/goliath_interfaces/share/goliath_interfaces/package.dsv'
[2.623s] INFO:colcon.colcon_core.shell:Creating package script '/home/bart/goliath_mobile/install/goliath_interfaces/share/goliath_interfaces/package.sh'
[2.625s] INFO:colcon.colcon_core.shell:Creating package script '/home/bart/goliath_mobile/install/goliath_interfaces/share/goliath_interfaces/package.bash'
[2.626s] INFO:colcon.colcon_core.shell:Creating package script '/home/bart/goliath_mobile/install/goliath_interfaces/share/goliath_interfaces/package.zsh'
[2.627s] Level 1:colcon.colcon_core.environment:create_file_with_runtime_dependencies(/home/bart/goliath_mobile/install/goliath_interfaces/share/colcon-core/packages/goliath_interfaces)
[2.629s] INFO:colcon.colcon_ros.task.ament_cmake.build:Building ROS package in '/home/bart/goliath_mobile/src/golitath_mobile/hoverboard_ros2_control/hoverboard_ros2_control' with build type 'ament_cmake'
[2.629s] INFO:colcon.colcon_cmake.task.cmake.build:Building CMake package in '/home/bart/goliath_mobile/src/golitath_mobile/hoverboard_ros2_control/hoverboard_ros2_control'
[2.630s] INFO:colcon.colcon_core.shell:Skip shell extension 'powershell' for command environment: Not usable outside of PowerShell
[2.630s] DEBUG:colcon.colcon_core.shell:Skip shell extension 'dsv' for command environment
[2.657s] DEBUG:colcon.colcon_core.event_handler.log_command:Invoking command in '/home/bart/goliath_mobile/build/hoverboard_ros2_control': CMAKE_PREFIX_PATH=${CMAKE_PREFIX_PATH}:/home/bart/goliath_mobile/install/ros2_control_demo_testing:/home/bart/goliath_mobile/install/gripper_description:/opt/ros/humble /usr/bin/cmake --build /home/bart/goliath_mobile/build/hoverboard_ros2_control -- -j4 -l4
[2.739s] DEBUG:colcon.colcon_core.event_handler.log_command:Invoked command in '/home/bart/goliath_mobile/build/hoverboard_ros2_control' returned '0': CMAKE_PREFIX_PATH=${CMAKE_PREFIX_PATH}:/home/bart/goliath_mobile/install/ros2_control_demo_testing:/home/bart/goliath_mobile/install/gripper_description:/opt/ros/humble /usr/bin/cmake --build /home/bart/goliath_mobile/build/hoverboard_ros2_control -- -j4 -l4
[2.744s] DEBUG:colcon.colcon_core.event_handler.log_command:Invoking command in '/home/bart/goliath_mobile/build/hoverboard_ros2_control': CMAKE_PREFIX_PATH=${CMAKE_PREFIX_PATH}:/home/bart/goliath_mobile/install/ros2_control_demo_testing:/home/bart/goliath_mobile/install/gripper_description:/opt/ros/humble /usr/bin/cmake --install /home/bart/goliath_mobile/build/hoverboard_ros2_control
[2.786s] DEBUG:colcon.colcon_core.event_handler.log_command:Invoked command in '/home/bart/goliath_mobile/build/hoverboard_hardware_interface' returned '0': CMAKE_PREFIX_PATH=${CMAKE_PREFIX_PATH}:/home/bart/goliath_mobile/install/ros2_control_demo_testing:/home/bart/goliath_mobile/install/gripper_description:/opt/ros/humble /usr/bin/cmake --build /home/bart/goliath_mobile/build/hoverboard_hardware_interface -- -j4 -l4
[2.787s] DEBUG:colcon.colcon_core.event_handler.log_command:Invoking command in '/home/bart/goliath_mobile/build/hoverboard_hardware_interface': CMAKE_PREFIX_PATH=${CMAKE_PREFIX_PATH}:/home/bart/goliath_mobile/install/ros2_control_demo_testing:/home/bart/goliath_mobile/install/gripper_description:/opt/ros/humble /usr/bin/cmake --install /home/bart/goliath_mobile/build/hoverboard_hardware_interface
[2.790s] Level 1:colcon.colcon_core.environment:create_environment_scripts_only(hoverboard_ros2_control)
[2.791s] Level 1:colcon.colcon_core.environment:checking '/home/bart/goliath_mobile/install/hoverboard_ros2_control' for CMake module files
[2.793s] DEBUG:colcon.colcon_core.event_handler.log_command:Invoked command in '/home/bart/goliath_mobile/build/hoverboard_ros2_control' returned '0': CMAKE_PREFIX_PATH=${CMAKE_PREFIX_PATH}:/home/bart/goliath_mobile/install/ros2_control_demo_testing:/home/bart/goliath_mobile/install/gripper_description:/opt/ros/humble /usr/bin/cmake --install /home/bart/goliath_mobile/build/hoverboard_ros2_control
[2.794s] Level 1:colcon.colcon_core.environment:checking '/home/bart/goliath_mobile/install/hoverboard_ros2_control' for CMake config files
[2.794s] Level 1:colcon.colcon_core.shell:create_environment_hook('hoverboard_ros2_control', 'cmake_prefix_path')
[2.795s] INFO:colcon.colcon_core.shell:Creating environment hook '/home/bart/goliath_mobile/install/hoverboard_ros2_control/share/hoverboard_ros2_control/hook/cmake_prefix_path.ps1'
[2.796s] INFO:colcon.colcon_core.shell:Creating environment descriptor '/home/bart/goliath_mobile/install/hoverboard_ros2_control/share/hoverboard_ros2_control/hook/cmake_prefix_path.dsv'
[2.797s] INFO:colcon.colcon_core.shell:Creating environment hook '/home/bart/goliath_mobile/install/hoverboard_ros2_control/share/hoverboard_ros2_control/hook/cmake_prefix_path.sh'
[2.798s] Level 1:colcon.colcon_core.environment:checking '/home/bart/goliath_mobile/install/hoverboard_ros2_control/bin'
[2.799s] Level 1:colcon.colcon_core.environment:checking '/home/bart/goliath_mobile/install/hoverboard_ros2_control/lib/pkgconfig/hoverboard_ros2_control.pc'
[2.799s] Level 1:colcon.colcon_core.environment:checking '/home/bart/goliath_mobile/install/hoverboard_ros2_control/lib/python3.10/site-packages'
[2.800s] Level 1:colcon.colcon_core.environment:checking '/home/bart/goliath_mobile/install/hoverboard_ros2_control/bin'
[2.801s] INFO:colcon.colcon_core.shell:Creating package script '/home/bart/goliath_mobile/install/hoverboard_ros2_control/share/hoverboard_ros2_control/package.ps1'
[2.804s] INFO:colcon.colcon_core.shell:Creating package descriptor '/home/bart/goliath_mobile/install/hoverboard_ros2_control/share/hoverboard_ros2_control/package.dsv'
[2.806s] INFO:colcon.colcon_core.shell:Creating package script '/home/bart/goliath_mobile/install/hoverboard_ros2_control/share/hoverboard_ros2_control/package.sh'
[2.808s] INFO:colcon.colcon_core.shell:Creating package script '/home/bart/goliath_mobile/install/hoverboard_ros2_control/share/hoverboard_ros2_control/package.bash'
[2.811s] INFO:colcon.colcon_core.shell:Creating package script '/home/bart/goliath_mobile/install/hoverboard_ros2_control/share/hoverboard_ros2_control/package.zsh'
[2.812s] Level 1:colcon.colcon_core.environment:create_file_with_runtime_dependencies(/home/bart/goliath_mobile/install/hoverboard_ros2_control/share/colcon-core/packages/hoverboard_ros2_control)
[2.815s] Level 1:colcon.colcon_core.environment:create_environment_scripts_only(hoverboard_ros2_control)
[2.815s] Level 1:colcon.colcon_core.environment:checking '/home/bart/goliath_mobile/install/hoverboard_ros2_control' for CMake module files
[2.819s] Level 1:colcon.colcon_core.environment:checking '/home/bart/goliath_mobile/install/hoverboard_ros2_control' for CMake config files
[2.819s] Level 1:colcon.colcon_core.shell:create_environment_hook('hoverboard_ros2_control', 'cmake_prefix_path')
[2.820s] INFO:colcon.colcon_core.shell:Creating environment hook '/home/bart/goliath_mobile/install/hoverboard_ros2_control/share/hoverboard_ros2_control/hook/cmake_prefix_path.ps1'
[2.821s] INFO:colcon.colcon_core.shell:Creating environment descriptor '/home/bart/goliath_mobile/install/hoverboard_ros2_control/share/hoverboard_ros2_control/hook/cmake_prefix_path.dsv'
[2.823s] INFO:colcon.colcon_core.shell:Creating environment hook '/home/bart/goliath_mobile/install/hoverboard_ros2_control/share/hoverboard_ros2_control/hook/cmake_prefix_path.sh'
[2.825s] Level 1:colcon.colcon_core.environment:checking '/home/bart/goliath_mobile/install/hoverboard_ros2_control/bin'
[2.825s] Level 1:colcon.colcon_core.environment:checking '/home/bart/goliath_mobile/install/hoverboard_ros2_control/lib/pkgconfig/hoverboard_ros2_control.pc'
[2.826s] Level 1:colcon.colcon_core.environment:checking '/home/bart/goliath_mobile/install/hoverboard_ros2_control/lib/python3.10/site-packages'
[2.827s] Level 1:colcon.colcon_core.environment:checking '/home/bart/goliath_mobile/install/hoverboard_ros2_control/bin'
[2.827s] INFO:colcon.colcon_core.shell:Creating package script '/home/bart/goliath_mobile/install/hoverboard_ros2_control/share/hoverboard_ros2_control/package.ps1'
[2.829s] INFO:colcon.colcon_core.shell:Creating package descriptor '/home/bart/goliath_mobile/install/hoverboard_ros2_control/share/hoverboard_ros2_control/package.dsv'
[2.830s] INFO:colcon.colcon_core.shell:Creating package script '/home/bart/goliath_mobile/install/hoverboard_ros2_control/share/hoverboard_ros2_control/package.sh'
[2.831s] INFO:colcon.colcon_core.shell:Creating package script '/home/bart/goliath_mobile/install/hoverboard_ros2_control/share/hoverboard_ros2_control/package.bash'
[2.833s] INFO:colcon.colcon_core.shell:Creating package script '/home/bart/goliath_mobile/install/hoverboard_ros2_control/share/hoverboard_ros2_control/package.zsh'
[2.834s] Level 1:colcon.colcon_core.environment:create_file_with_runtime_dependencies(/home/bart/goliath_mobile/install/hoverboard_ros2_control/share/colcon-core/packages/hoverboard_ros2_control)
[2.834s] INFO:colcon.colcon_ros.task.ament_cmake.build:Building ROS package in '/home/bart/goliath_mobile/src/rplidar_ros' with build type 'ament_cmake'
[2.835s] INFO:colcon.colcon_cmake.task.cmake.build:Building CMake package in '/home/bart/goliath_mobile/src/rplidar_ros'
[2.835s] INFO:colcon.colcon_core.shell:Skip shell extension 'powershell' for command environment: Not usable outside of PowerShell
[2.835s] DEBUG:colcon.colcon_core.shell:Skip shell extension 'dsv' for command environment
[2.861s] Level 1:colcon.colcon_core.environment:create_environment_scripts_only(hoverboard_hardware_interface)
[2.862s] Level 1:colcon.colcon_core.environment:checking '/home/bart/goliath_mobile/install/hoverboard_hardware_interface' for CMake module files
[2.864s] Level 1:colcon.colcon_core.environment:checking '/home/bart/goliath_mobile/install/hoverboard_hardware_interface' for CMake config files
[2.864s] DEBUG:colcon.colcon_core.event_handler.log_command:Invoked command in '/home/bart/goliath_mobile/build/hoverboard_hardware_interface' returned '0': CMAKE_PREFIX_PATH=${CMAKE_PREFIX_PATH}:/home/bart/goliath_mobile/install/ros2_control_demo_testing:/home/bart/goliath_mobile/install/gripper_description:/opt/ros/humble /usr/bin/cmake --install /home/bart/goliath_mobile/build/hoverboard_hardware_interface
[2.865s] Level 1:colcon.colcon_core.shell:create_environment_hook('hoverboard_hardware_interface', 'cmake_prefix_path')
[2.866s] INFO:colcon.colcon_core.shell:Creating environment hook '/home/bart/goliath_mobile/install/hoverboard_hardware_interface/share/hoverboard_hardware_interface/hook/cmake_prefix_path.ps1'
[2.867s] INFO:colcon.colcon_core.shell:Creating environment descriptor '/home/bart/goliath_mobile/install/hoverboard_hardware_interface/share/hoverboard_hardware_interface/hook/cmake_prefix_path.dsv'
[2.868s] INFO:colcon.colcon_core.shell:Creating environment hook '/home/bart/goliath_mobile/install/hoverboard_hardware_interface/share/hoverboard_hardware_interface/hook/cmake_prefix_path.sh'
[2.870s] Level 1:colcon.colcon_core.environment:checking '/home/bart/goliath_mobile/install/hoverboard_hardware_interface/lib'
[2.870s] Level 1:colcon.colcon_core.shell:create_environment_hook('hoverboard_hardware_interface', 'ld_library_path_lib')
[2.871s] INFO:colcon.colcon_core.shell:Creating environment hook '/home/bart/goliath_mobile/install/hoverboard_hardware_interface/share/hoverboard_hardware_interface/hook/ld_library_path_lib.ps1'
[2.873s] INFO:colcon.colcon_core.shell:Creating environment descriptor '/home/bart/goliath_mobile/install/hoverboard_hardware_interface/share/hoverboard_hardware_interface/hook/ld_library_path_lib.dsv'
[2.875s] INFO:colcon.colcon_core.shell:Creating environment hook '/home/bart/goliath_mobile/install/hoverboard_hardware_interface/share/hoverboard_hardware_interface/hook/ld_library_path_lib.sh'
[2.879s] Level 1:colcon.colcon_core.environment:checking '/home/bart/goliath_mobile/install/hoverboard_hardware_interface/bin'
[2.879s] Level 1:colcon.colcon_core.environment:checking '/home/bart/goliath_mobile/install/hoverboard_hardware_interface/lib/pkgconfig/hoverboard_hardware_interface.pc'
[2.880s] Level 1:colcon.colcon_core.environment:checking '/home/bart/goliath_mobile/install/hoverboard_hardware_interface/lib/python3.10/site-packages'
[2.881s] Level 1:colcon.colcon_core.environment:checking '/home/bart/goliath_mobile/install/hoverboard_hardware_interface/bin'
[2.882s] INFO:colcon.colcon_core.shell:Creating package script '/home/bart/goliath_mobile/install/hoverboard_hardware_interface/share/hoverboard_hardware_interface/package.ps1'
[2.884s] INFO:colcon.colcon_core.shell:Creating package descriptor '/home/bart/goliath_mobile/install/hoverboard_hardware_interface/share/hoverboard_hardware_interface/package.dsv'
[2.886s] INFO:colcon.colcon_core.shell:Creating package script '/home/bart/goliath_mobile/install/hoverboard_hardware_interface/share/hoverboard_hardware_interface/package.sh'
[2.887s] INFO:colcon.colcon_core.shell:Creating package script '/home/bart/goliath_mobile/install/hoverboard_hardware_interface/share/hoverboard_hardware_interface/package.bash'
[2.888s] INFO:colcon.colcon_core.shell:Creating package script '/home/bart/goliath_mobile/install/hoverboard_hardware_interface/share/hoverboard_hardware_interface/package.zsh'
[2.889s] Level 1:colcon.colcon_core.environment:create_file_with_runtime_dependencies(/home/bart/goliath_mobile/install/hoverboard_hardware_interface/share/colcon-core/packages/hoverboard_hardware_interface)
[2.891s] Level 1:colcon.colcon_core.environment:create_environment_scripts_only(hoverboard_hardware_interface)
[2.891s] Level 1:colcon.colcon_core.environment:checking '/home/bart/goliath_mobile/install/hoverboard_hardware_interface' for CMake module files
[2.893s] Level 1:colcon.colcon_core.environment:checking '/home/bart/goliath_mobile/install/hoverboard_hardware_interface' for CMake config files
[2.893s] Level 1:colcon.colcon_core.shell:create_environment_hook('hoverboard_hardware_interface', 'cmake_prefix_path')
[2.894s] INFO:colcon.colcon_core.shell:Creating environment hook '/home/bart/goliath_mobile/install/hoverboard_hardware_interface/share/hoverboard_hardware_interface/hook/cmake_prefix_path.ps1'
[2.895s] INFO:colcon.colcon_core.shell:Creating environment descriptor '/home/bart/goliath_mobile/install/hoverboard_hardware_interface/share/hoverboard_hardware_interface/hook/cmake_prefix_path.dsv'
[2.896s] INFO:colcon.colcon_core.shell:Creating environment hook '/home/bart/goliath_mobile/install/hoverboard_hardware_interface/share/hoverboard_hardware_interface/hook/cmake_prefix_path.sh'
[2.898s] Level 1:colcon.colcon_core.environment:checking '/home/bart/goliath_mobile/install/hoverboard_hardware_interface/lib'
[2.898s] Level 1:colcon.colcon_core.shell:create_environment_hook('hoverboard_hardware_interface', 'ld_library_path_lib')
[2.899s] INFO:colcon.colcon_core.shell:Creating environment hook '/home/bart/goliath_mobile/install/hoverboard_hardware_interface/share/hoverboard_hardware_interface/hook/ld_library_path_lib.ps1'
[2.900s] INFO:colcon.colcon_core.shell:Creating environment descriptor '/home/bart/goliath_mobile/install/hoverboard_hardware_interface/share/hoverboard_hardware_interface/hook/ld_library_path_lib.dsv'
[2.901s] INFO:colcon.colcon_core.shell:Creating environment hook '/home/bart/goliath_mobile/install/hoverboard_hardware_interface/share/hoverboard_hardware_interface/hook/ld_library_path_lib.sh'
[2.902s] Level 1:colcon.colcon_core.environment:checking '/home/bart/goliath_mobile/install/hoverboard_hardware_interface/bin'
[2.902s] Level 1:colcon.colcon_core.environment:checking '/home/bart/goliath_mobile/install/hoverboard_hardware_interface/lib/pkgconfig/hoverboard_hardware_interface.pc'
[2.903s] Level 1:colcon.colcon_core.environment:checking '/home/bart/goliath_mobile/install/hoverboard_hardware_interface/lib/python3.10/site-packages'
[2.905s] Level 1:colcon.colcon_core.environment:checking '/home/bart/goliath_mobile/install/hoverboard_hardware_interface/bin'
[2.907s] INFO:colcon.colcon_core.shell:Creating package script '/home/bart/goliath_mobile/install/hoverboard_hardware_interface/share/hoverboard_hardware_interface/package.ps1'
[2.910s] INFO:colcon.colcon_core.shell:Creating package descriptor '/home/bart/goliath_mobile/install/hoverboard_hardware_interface/share/hoverboard_hardware_interface/package.dsv'
[2.912s] INFO:colcon.colcon_core.shell:Creating package script '/home/bart/goliath_mobile/install/hoverboard_hardware_interface/share/hoverboard_hardware_interface/package.sh'
[2.913s] INFO:colcon.colcon_core.shell:Creating package script '/home/bart/goliath_mobile/install/hoverboard_hardware_interface/share/hoverboard_hardware_interface/package.bash'
[2.914s] INFO:colcon.colcon_core.shell:Creating package script '/home/bart/goliath_mobile/install/hoverboard_hardware_interface/share/hoverboard_hardware_interface/package.zsh'
[2.918s] Level 1:colcon.colcon_core.environment:create_file_with_runtime_dependencies(/home/bart/goliath_mobile/install/hoverboard_hardware_interface/share/colcon-core/packages/hoverboard_hardware_interface)
[2.928s] DEBUG:colcon.colcon_core.event_handler.log_command:Invoking command in '/home/bart/goliath_mobile/build/rplidar_ros': CMAKE_PREFIX_PATH=${CMAKE_PREFIX_PATH}:/home/bart/goliath_mobile/install/ros2_control_demo_testing:/home/bart/goliath_mobile/install/gripper_description:/opt/ros/humble /usr/bin/cmake --build /home/bart/goliath_mobile/build/rplidar_ros -- -j4 -l4
[2.930s] INFO:colcon.colcon_ros.task.ament_cmake.build:Building ROS package in '/home/bart/goliath_mobile/src/golitath_mobile/goliath/goliath_commander_cpp' with build type 'ament_cmake'
[2.930s] INFO:colcon.colcon_cmake.task.cmake.build:Building CMake package in '/home/bart/goliath_mobile/src/golitath_mobile/goliath/goliath_commander_cpp'
[2.930s] INFO:colcon.colcon_core.shell:Skip shell extension 'powershell' for command environment: Not usable outside of PowerShell
[2.931s] DEBUG:colcon.colcon_core.shell:Skip shell extension 'dsv' for command environment
[2.963s] DEBUG:colcon.colcon_core.event_handler.log_command:Invoking command in '/home/bart/goliath_mobile/build/goliath_commander_cpp': CMAKE_PREFIX_PATH=/home/bart/goliath_mobile/install/goliath_interfaces:/home/bart/goliath_mobile/install/rplidar_ros:/home/bart/goliath_mobile/install/ros2_control_demos:/home/bart/goliath_mobile/install/moveit:/home/bart/goliath_mobile/install/gripper_controller:/home/bart/goliath_mobile/install/goliath_moveit_config:/home/bart/goliath_mobile/install/goliath_controller:/home/bart/goliath_mobile/install/ros2_control_demo_description:/home/bart/goliath_mobile/install/hoverboard_ros2_control:/home/bart/goliath_mobile/install/hoverboard_hardware_interface:/home/bart/goliath_mobile/install/hoverboard_demo_bringup:/home/bart/goliath_mobile/install/hoverboard_demo_description:/home/bart/goliath_mobile/install/goliath_commander_cpp:/home/bart/goliath_mobile/install/arm_move_joy:/home/bart/goliath_base/install/hoverboard_demo_bringup:/home/bart/goliath_base/install/hoverboard_demo_description:/home/bart/goliath_mobile/install/ros2_control_demo_testing:/home/bart/goliath_mobile/install/gripper_description:/opt/ros/humble LD_LIBRARY_PATH=/home/bart/goliath_mobile/install/goliath_interfaces/lib:/home/bart/goliath_mobile/install/gripper_controller/lib:/home/bart/goliath_mobile/install/goliath_controller/lib:/home/bart/goliath_mobile/install/hoverboard_hardware_interface/lib:/opt/ros/humble/opt/rviz_ogre_vendor/lib:/opt/ros/humble/lib/x86_64-linux-gnu:/opt/ros/humble/lib /usr/bin/cmake --build /home/bart/goliath_mobile/build/goliath_commander_cpp -- -j4 -l4
[3.233s] DEBUG:colcon.colcon_core.event_handler.log_command:Invoked command in '/home/bart/goliath_mobile/build/rplidar_ros' returned '0': CMAKE_PREFIX_PATH=${CMAKE_PREFIX_PATH}:/home/bart/goliath_mobile/install/ros2_control_demo_testing:/home/bart/goliath_mobile/install/gripper_description:/opt/ros/humble /usr/bin/cmake --build /home/bart/goliath_mobile/build/rplidar_ros -- -j4 -l4
[3.239s] DEBUG:colcon.colcon_core.event_handler.log_command:Invoking command in '/home/bart/goliath_mobile/build/rplidar_ros': CMAKE_PREFIX_PATH=${CMAKE_PREFIX_PATH}:/home/bart/goliath_mobile/install/ros2_control_demo_testing:/home/bart/goliath_mobile/install/gripper_description:/opt/ros/humble /usr/bin/cmake --install /home/bart/goliath_mobile/build/rplidar_ros
[3.245s] DEBUG:colcon.colcon_core.event_handler.log_command:Invoked command in '/home/bart/goliath_mobile/build/goliath_commander_cpp' returned '0': CMAKE_PREFIX_PATH=/home/bart/goliath_mobile/install/goliath_interfaces:/home/bart/goliath_mobile/install/rplidar_ros:/home/bart/goliath_mobile/install/ros2_control_demos:/home/bart/goliath_mobile/install/moveit:/home/bart/goliath_mobile/install/gripper_controller:/home/bart/goliath_mobile/install/goliath_moveit_config:/home/bart/goliath_mobile/install/goliath_controller:/home/bart/goliath_mobile/install/ros2_control_demo_description:/home/bart/goliath_mobile/install/hoverboard_ros2_control:/home/bart/goliath_mobile/install/hoverboard_hardware_interface:/home/bart/goliath_mobile/install/hoverboard_demo_bringup:/home/bart/goliath_mobile/install/hoverboard_demo_description:/home/bart/goliath_mobile/install/goliath_commander_cpp:/home/bart/goliath_mobile/install/arm_move_joy:/home/bart/goliath_base/install/hoverboard_demo_bringup:/home/bart/goliath_base/install/hoverboard_demo_description:/home/bart/goliath_mobile/install/ros2_control_demo_testing:/home/bart/goliath_mobile/install/gripper_description:/opt/ros/humble LD_LIBRARY_PATH=/home/bart/goliath_mobile/install/goliath_interfaces/lib:/home/bart/goliath_mobile/install/gripper_controller/lib:/home/bart/goliath_mobile/install/goliath_controller/lib:/home/bart/goliath_mobile/install/hoverboard_hardware_interface/lib:/opt/ros/humble/opt/rviz_ogre_vendor/lib:/opt/ros/humble/lib/x86_64-linux-gnu:/opt/ros/humble/lib /usr/bin/cmake --build /home/bart/goliath_mobile/build/goliath_commander_cpp -- -j4 -l4
[3.254s] DEBUG:colcon.colcon_core.event_handler.log_command:Invoking command in '/home/bart/goliath_mobile/build/goliath_commander_cpp': CMAKE_PREFIX_PATH=/home/bart/goliath_mobile/install/goliath_interfaces:/home/bart/goliath_mobile/install/rplidar_ros:/home/bart/goliath_mobile/install/ros2_control_demos:/home/bart/goliath_mobile/install/moveit:/home/bart/goliath_mobile/install/gripper_controller:/home/bart/goliath_mobile/install/goliath_moveit_config:/home/bart/goliath_mobile/install/goliath_controller:/home/bart/goliath_mobile/install/ros2_control_demo_description:/home/bart/goliath_mobile/install/hoverboard_ros2_control:/home/bart/goliath_mobile/install/hoverboard_hardware_interface:/home/bart/goliath_mobile/install/hoverboard_demo_bringup:/home/bart/goliath_mobile/install/hoverboard_demo_description:/home/bart/goliath_mobile/install/goliath_commander_cpp:/home/bart/goliath_mobile/install/arm_move_joy:/home/bart/goliath_base/install/hoverboard_demo_bringup:/home/bart/goliath_base/install/hoverboard_demo_description:/home/bart/goliath_mobile/install/ros2_control_demo_testing:/home/bart/goliath_mobile/install/gripper_description:/opt/ros/humble LD_LIBRARY_PATH=/home/bart/goliath_mobile/install/goliath_interfaces/lib:/home/bart/goliath_mobile/install/gripper_controller/lib:/home/bart/goliath_mobile/install/goliath_controller/lib:/home/bart/goliath_mobile/install/hoverboard_hardware_interface/lib:/opt/ros/humble/opt/rviz_ogre_vendor/lib:/opt/ros/humble/lib/x86_64-linux-gnu:/opt/ros/humble/lib /usr/bin/cmake --install /home/bart/goliath_mobile/build/goliath_commander_cpp
[3.295s] Level 1:colcon.colcon_core.environment:create_environment_scripts_only(rplidar_ros)
[3.296s] Level 1:colcon.colcon_core.environment:checking '/home/bart/goliath_mobile/install/rplidar_ros' for CMake module files
[3.300s] Level 1:colcon.colcon_core.environment:checking '/home/bart/goliath_mobile/install/rplidar_ros' for CMake config files
[3.301s] DEBUG:colcon.colcon_core.event_handler.log_command:Invoked command in '/home/bart/goliath_mobile/build/rplidar_ros' returned '0': CMAKE_PREFIX_PATH=${CMAKE_PREFIX_PATH}:/home/bart/goliath_mobile/install/ros2_control_demo_testing:/home/bart/goliath_mobile/install/gripper_description:/opt/ros/humble /usr/bin/cmake --install /home/bart/goliath_mobile/build/rplidar_ros
[3.302s] Level 1:colcon.colcon_core.shell:create_environment_hook('rplidar_ros', 'cmake_prefix_path')
[3.303s] INFO:colcon.colcon_core.shell:Creating environment hook '/home/bart/goliath_mobile/install/rplidar_ros/share/rplidar_ros/hook/cmake_prefix_path.ps1'
[3.305s] INFO:colcon.colcon_core.shell:Creating environment descriptor '/home/bart/goliath_mobile/install/rplidar_ros/share/rplidar_ros/hook/cmake_prefix_path.dsv'
[3.308s] INFO:colcon.colcon_core.shell:Creating environment hook '/home/bart/goliath_mobile/install/rplidar_ros/share/rplidar_ros/hook/cmake_prefix_path.sh'
[3.309s] Level 1:colcon.colcon_core.environment:checking '/home/bart/goliath_mobile/install/rplidar_ros/lib'
[3.310s] Level 1:colcon.colcon_core.environment:checking '/home/bart/goliath_mobile/install/rplidar_ros/bin'
[3.310s] Level 1:colcon.colcon_core.environment:checking '/home/bart/goliath_mobile/install/rplidar_ros/lib/pkgconfig/rplidar_ros.pc'
[3.310s] Level 1:colcon.colcon_core.environment:checking '/home/bart/goliath_mobile/install/rplidar_ros/lib/python3.10/site-packages'
[3.311s] Level 1:colcon.colcon_core.environment:checking '/home/bart/goliath_mobile/install/rplidar_ros/bin'
[3.312s] INFO:colcon.colcon_core.shell:Creating package script '/home/bart/goliath_mobile/install/rplidar_ros/share/rplidar_ros/package.ps1'
[3.314s] INFO:colcon.colcon_core.shell:Creating package descriptor '/home/bart/goliath_mobile/install/rplidar_ros/share/rplidar_ros/package.dsv'
[3.316s] INFO:colcon.colcon_core.shell:Creating package script '/home/bart/goliath_mobile/install/rplidar_ros/share/rplidar_ros/package.sh'
[3.317s] INFO:colcon.colcon_core.shell:Creating package script '/home/bart/goliath_mobile/install/rplidar_ros/share/rplidar_ros/package.bash'
[3.318s] INFO:colcon.colcon_core.shell:Creating package script '/home/bart/goliath_mobile/install/rplidar_ros/share/rplidar_ros/package.zsh'
[3.319s] Level 1:colcon.colcon_core.environment:create_file_with_runtime_dependencies(/home/bart/goliath_mobile/install/rplidar_ros/share/colcon-core/packages/rplidar_ros)
[3.320s] Level 1:colcon.colcon_core.environment:create_environment_scripts_only(rplidar_ros)
[3.321s] Level 1:colcon.colcon_core.environment:checking '/home/bart/goliath_mobile/install/rplidar_ros' for CMake module files
[3.323s] Level 1:colcon.colcon_core.environment:checking '/home/bart/goliath_mobile/install/rplidar_ros' for CMake config files
[3.324s] Level 1:colcon.colcon_core.shell:create_environment_hook('rplidar_ros', 'cmake_prefix_path')
[3.325s] INFO:colcon.colcon_core.shell:Creating environment hook '/home/bart/goliath_mobile/install/rplidar_ros/share/rplidar_ros/hook/cmake_prefix_path.ps1'
[3.326s] INFO:colcon.colcon_core.shell:Creating environment descriptor '/home/bart/goliath_mobile/install/rplidar_ros/share/rplidar_ros/hook/cmake_prefix_path.dsv'
[3.329s] INFO:colcon.colcon_core.shell:Creating environment hook '/home/bart/goliath_mobile/install/rplidar_ros/share/rplidar_ros/hook/cmake_prefix_path.sh'
[3.330s] Level 1:colcon.colcon_core.environment:checking '/home/bart/goliath_mobile/install/rplidar_ros/lib'
[3.330s] Level 1:colcon.colcon_core.environment:checking '/home/bart/goliath_mobile/install/rplidar_ros/bin'
[3.331s] Level 1:colcon.colcon_core.environment:checking '/home/bart/goliath_mobile/install/rplidar_ros/lib/pkgconfig/rplidar_ros.pc'
[3.331s] Level 1:colcon.colcon_core.environment:checking '/home/bart/goliath_mobile/install/rplidar_ros/lib/python3.10/site-packages'
[3.332s] Level 1:colcon.colcon_core.environment:checking '/home/bart/goliath_mobile/install/rplidar_ros/bin'
[3.333s] INFO:colcon.colcon_core.shell:Creating package script '/home/bart/goliath_mobile/install/rplidar_ros/share/rplidar_ros/package.ps1'
[3.335s] INFO:colcon.colcon_core.shell:Creating package descriptor '/home/bart/goliath_mobile/install/rplidar_ros/share/rplidar_ros/package.dsv'
[3.336s] INFO:colcon.colcon_core.shell:Creating package script '/home/bart/goliath_mobile/install/rplidar_ros/share/rplidar_ros/package.sh'
[3.338s] INFO:colcon.colcon_core.shell:Creating package script '/home/bart/goliath_mobile/install/rplidar_ros/share/rplidar_ros/package.bash'
[3.339s] INFO:colcon.colcon_core.shell:Creating package script '/home/bart/goliath_mobile/install/rplidar_ros/share/rplidar_ros/package.zsh'
[3.340s] Level 1:colcon.colcon_core.environment:create_file_with_runtime_dependencies(/home/bart/goliath_mobile/install/rplidar_ros/share/colcon-core/packages/rplidar_ros)
[3.341s] INFO:colcon.colcon_ros.task.ament_cmake.build:Building ROS package in '/home/bart/goliath_mobile/src/golitath_mobile/hoverboard_ros2_control/hoverboard_demo_bringup' with build type 'ament_cmake'
[3.341s] INFO:colcon.colcon_cmake.task.cmake.build:Building CMake package in '/home/bart/goliath_mobile/src/golitath_mobile/hoverboard_ros2_control/hoverboard_demo_bringup'
[3.342s] INFO:colcon.colcon_core.shell:Skip shell extension 'powershell' for command environment: Not usable outside of PowerShell
[3.343s] DEBUG:colcon.colcon_core.shell:Skip shell extension 'dsv' for command environment
[3.362s] Level 1:colcon.colcon_core.environment:create_environment_scripts_only(goliath_commander_cpp)
[3.363s] Level 1:colcon.colcon_core.environment:checking '/home/bart/goliath_mobile/install/goliath_commander_cpp' for CMake module files
[3.364s] DEBUG:colcon.colcon_core.event_handler.log_command:Invoked command in '/home/bart/goliath_mobile/build/goliath_commander_cpp' returned '0': CMAKE_PREFIX_PATH=/home/bart/goliath_mobile/install/goliath_interfaces:/home/bart/goliath_mobile/install/rplidar_ros:/home/bart/goliath_mobile/install/ros2_control_demos:/home/bart/goliath_mobile/install/moveit:/home/bart/goliath_mobile/install/gripper_controller:/home/bart/goliath_mobile/install/goliath_moveit_config:/home/bart/goliath_mobile/install/goliath_controller:/home/bart/goliath_mobile/install/ros2_control_demo_description:/home/bart/goliath_mobile/install/hoverboard_ros2_control:/home/bart/goliath_mobile/install/hoverboard_hardware_interface:/home/bart/goliath_mobile/install/hoverboard_demo_bringup:/home/bart/goliath_mobile/install/hoverboard_demo_description:/home/bart/goliath_mobile/install/goliath_commander_cpp:/home/bart/goliath_mobile/install/arm_move_joy:/home/bart/goliath_base/install/hoverboard_demo_bringup:/home/bart/goliath_base/install/hoverboard_demo_description:/home/bart/goliath_mobile/install/ros2_control_demo_testing:/home/bart/goliath_mobile/install/gripper_description:/opt/ros/humble LD_LIBRARY_PATH=/home/bart/goliath_mobile/install/goliath_interfaces/lib:/home/bart/goliath_mobile/install/gripper_controller/lib:/home/bart/goliath_mobile/install/goliath_controller/lib:/home/bart/goliath_mobile/install/hoverboard_hardware_interface/lib:/opt/ros/humble/opt/rviz_ogre_vendor/lib:/opt/ros/humble/lib/x86_64-linux-gnu:/opt/ros/humble/lib /usr/bin/cmake --install /home/bart/goliath_mobile/build/goliath_commander_cpp
[3.365s] Level 1:colcon.colcon_core.environment:checking '/home/bart/goliath_mobile/install/goliath_commander_cpp' for CMake config files
[3.366s] Level 1:colcon.colcon_core.shell:create_environment_hook('goliath_commander_cpp', 'cmake_prefix_path')
[3.367s] INFO:colcon.colcon_core.shell:Creating environment hook '/home/bart/goliath_mobile/install/goliath_commander_cpp/share/goliath_commander_cpp/hook/cmake_prefix_path.ps1'
[3.368s] INFO:colcon.colcon_core.shell:Creating environment descriptor '/home/bart/goliath_mobile/install/goliath_commander_cpp/share/goliath_commander_cpp/hook/cmake_prefix_path.dsv'
[3.369s] INFO:colcon.colcon_core.shell:Creating environment hook '/home/bart/goliath_mobile/install/goliath_commander_cpp/share/goliath_commander_cpp/hook/cmake_prefix_path.sh'
[3.371s] Level 1:colcon.colcon_core.environment:checking '/home/bart/goliath_mobile/install/goliath_commander_cpp/lib'
[3.371s] Level 1:colcon.colcon_core.environment:checking '/home/bart/goliath_mobile/install/goliath_commander_cpp/bin'
[3.371s] Level 1:colcon.colcon_core.environment:checking '/home/bart/goliath_mobile/install/goliath_commander_cpp/lib/pkgconfig/goliath_commander_cpp.pc'
[3.372s] Level 1:colcon.colcon_core.environment:checking '/home/bart/goliath_mobile/install/goliath_commander_cpp/lib/python3.10/site-packages'
[3.373s] Level 1:colcon.colcon_core.environment:checking '/home/bart/goliath_mobile/install/goliath_commander_cpp/bin'
[3.374s] INFO:colcon.colcon_core.shell:Creating package script '/home/bart/goliath_mobile/install/goliath_commander_cpp/share/goliath_commander_cpp/package.ps1'
[3.375s] INFO:colcon.colcon_core.shell:Creating package descriptor '/home/bart/goliath_mobile/install/goliath_commander_cpp/share/goliath_commander_cpp/package.dsv'
[3.377s] INFO:colcon.colcon_core.shell:Creating package script '/home/bart/goliath_mobile/install/goliath_commander_cpp/share/goliath_commander_cpp/package.sh'
[3.380s] INFO:colcon.colcon_core.shell:Creating package script '/home/bart/goliath_mobile/install/goliath_commander_cpp/share/goliath_commander_cpp/package.bash'
[3.381s] INFO:colcon.colcon_core.shell:Creating package script '/home/bart/goliath_mobile/install/goliath_commander_cpp/share/goliath_commander_cpp/package.zsh'
[3.383s] Level 1:colcon.colcon_core.environment:create_file_with_runtime_dependencies(/home/bart/goliath_mobile/install/goliath_commander_cpp/share/colcon-core/packages/goliath_commander_cpp)
[3.384s] Level 1:colcon.colcon_core.environment:create_environment_scripts_only(goliath_commander_cpp)
[3.385s] Level 1:colcon.colcon_core.environment:checking '/home/bart/goliath_mobile/install/goliath_commander_cpp' for CMake module files
[3.386s] Level 1:colcon.colcon_core.environment:checking '/home/bart/goliath_mobile/install/goliath_commander_cpp' for CMake config files
[3.387s] Level 1:colcon.colcon_core.shell:create_environment_hook('goliath_commander_cpp', 'cmake_prefix_path')
[3.388s] INFO:colcon.colcon_core.shell:Creating environment hook '/home/bart/goliath_mobile/install/goliath_commander_cpp/share/goliath_commander_cpp/hook/cmake_prefix_path.ps1'
[3.389s] INFO:colcon.colcon_core.shell:Creating environment descriptor '/home/bart/goliath_mobile/install/goliath_commander_cpp/share/goliath_commander_cpp/hook/cmake_prefix_path.dsv'
[3.389s] INFO:colcon.colcon_core.shell:Creating environment hook '/home/bart/goliath_mobile/install/goliath_commander_cpp/share/goliath_commander_cpp/hook/cmake_prefix_path.sh'
[3.391s] Level 1:colcon.colcon_core.environment:checking '/home/bart/goliath_mobile/install/goliath_commander_cpp/lib'
[3.391s] Level 1:colcon.colcon_core.environment:checking '/home/bart/goliath_mobile/install/goliath_commander_cpp/bin'
[3.391s] Level 1:colcon.colcon_core.environment:checking '/home/bart/goliath_mobile/install/goliath_commander_cpp/lib/pkgconfig/goliath_commander_cpp.pc'
[3.392s] Level 1:colcon.colcon_core.environment:checking '/home/bart/goliath_mobile/install/goliath_commander_cpp/lib/python3.10/site-packages'
[3.393s] Level 1:colcon.colcon_core.environment:checking '/home/bart/goliath_mobile/install/goliath_commander_cpp/bin'
[3.393s] INFO:colcon.colcon_core.shell:Creating package script '/home/bart/goliath_mobile/install/goliath_commander_cpp/share/goliath_commander_cpp/package.ps1'
[3.395s] INFO:colcon.colcon_core.shell:Creating package descriptor '/home/bart/goliath_mobile/install/goliath_commander_cpp/share/goliath_commander_cpp/package.dsv'
[3.397s] INFO:colcon.colcon_core.shell:Creating package script '/home/bart/goliath_mobile/install/goliath_commander_cpp/share/goliath_commander_cpp/package.sh'
[3.398s] INFO:colcon.colcon_core.shell:Creating package script '/home/bart/goliath_mobile/install/goliath_commander_cpp/share/goliath_commander_cpp/package.bash'
[3.399s] INFO:colcon.colcon_core.shell:Creating package script '/home/bart/goliath_mobile/install/goliath_commander_cpp/share/goliath_commander_cpp/package.zsh'
[3.400s] Level 1:colcon.colcon_core.environment:create_file_with_runtime_dependencies(/home/bart/goliath_mobile/install/goliath_commander_cpp/share/colcon-core/packages/goliath_commander_cpp)
[3.418s] DEBUG:colcon.colcon_core.event_handler.log_command:Invoking command in '/home/bart/goliath_mobile/build/hoverboard_demo_bringup': CMAKE_PREFIX_PATH=/home/bart/goliath_mobile/install/hoverboard_demo_description:/home/bart/goliath_mobile/install/rplidar_ros:/home/bart/goliath_mobile/install/ros2_control_demos:/home/bart/goliath_mobile/install/moveit:/home/bart/goliath_mobile/install/gripper_controller:/home/bart/goliath_mobile/install/goliath_moveit_config:/home/bart/goliath_mobile/install/goliath_controller:/home/bart/goliath_mobile/install/ros2_control_demo_description:/home/bart/goliath_mobile/install/hoverboard_ros2_control:/home/bart/goliath_mobile/install/hoverboard_hardware_interface:/home/bart/goliath_mobile/install/hoverboard_demo_bringup:/home/bart/goliath_mobile/install/goliath_commander_cpp:/home/bart/goliath_mobile/install/goliath_interfaces:/home/bart/goliath_mobile/install/arm_move_joy:/home/bart/goliath_base/install/hoverboard_demo_bringup:/home/bart/goliath_base/install/hoverboard_demo_description:/home/bart/goliath_mobile/install/ros2_control_demo_testing:/home/bart/goliath_mobile/install/gripper_description:/opt/ros/humble /usr/bin/cmake --build /home/bart/goliath_mobile/build/hoverboard_demo_bringup -- -j4 -l4
[3.509s] DEBUG:colcon.colcon_core.event_handler.log_command:Invoked command in '/home/bart/goliath_mobile/build/hoverboard_demo_bringup' returned '0': CMAKE_PREFIX_PATH=/home/bart/goliath_mobile/install/hoverboard_demo_description:/home/bart/goliath_mobile/install/rplidar_ros:/home/bart/goliath_mobile/install/ros2_control_demos:/home/bart/goliath_mobile/install/moveit:/home/bart/goliath_mobile/install/gripper_controller:/home/bart/goliath_mobile/install/goliath_moveit_config:/home/bart/goliath_mobile/install/goliath_controller:/home/bart/goliath_mobile/install/ros2_control_demo_description:/home/bart/goliath_mobile/install/hoverboard_ros2_control:/home/bart/goliath_mobile/install/hoverboard_hardware_interface:/home/bart/goliath_mobile/install/hoverboard_demo_bringup:/home/bart/goliath_mobile/install/goliath_commander_cpp:/home/bart/goliath_mobile/install/goliath_interfaces:/home/bart/goliath_mobile/install/arm_move_joy:/home/bart/goliath_base/install/hoverboard_demo_bringup:/home/bart/goliath_base/install/hoverboard_demo_description:/home/bart/goliath_mobile/install/ros2_control_demo_testing:/home/bart/goliath_mobile/install/gripper_description:/opt/ros/humble /usr/bin/cmake --build /home/bart/goliath_mobile/build/hoverboard_demo_bringup -- -j4 -l4
[3.513s] DEBUG:colcon.colcon_core.event_handler.log_command:Invoking command in '/home/bart/goliath_mobile/build/hoverboard_demo_bringup': CMAKE_PREFIX_PATH=/home/bart/goliath_mobile/install/hoverboard_demo_description:/home/bart/goliath_mobile/install/rplidar_ros:/home/bart/goliath_mobile/install/ros2_control_demos:/home/bart/goliath_mobile/install/moveit:/home/bart/goliath_mobile/install/gripper_controller:/home/bart/goliath_mobile/install/goliath_moveit_config:/home/bart/goliath_mobile/install/goliath_controller:/home/bart/goliath_mobile/install/ros2_control_demo_description:/home/bart/goliath_mobile/install/hoverboard_ros2_control:/home/bart/goliath_mobile/install/hoverboard_hardware_interface:/home/bart/goliath_mobile/install/hoverboard_demo_bringup:/home/bart/goliath_mobile/install/goliath_commander_cpp:/home/bart/goliath_mobile/install/goliath_interfaces:/home/bart/goliath_mobile/install/arm_move_joy:/home/bart/goliath_base/install/hoverboard_demo_bringup:/home/bart/goliath_base/install/hoverboard_demo_description:/home/bart/goliath_mobile/install/ros2_control_demo_testing:/home/bart/goliath_mobile/install/gripper_description:/opt/ros/humble /usr/bin/cmake --install /home/bart/goliath_mobile/build/hoverboard_demo_bringup
[3.547s] DEBUG:colcon.colcon_core.event_handler.log_command:Invoking command in '/home/bart/goliath_mobile/build/gripper_description': PYTHONPATH=/home/bart/goliath_mobile/build/gripper_description/prefix_override:/usr/lib/python3/dist-packages/colcon_core/task/python/colcon_distutils_commands:/home/bart/goliath_mobile/install/gripper_description/lib/python3.10/site-packages:${PYTHONPATH} /usr/bin/python3 -W ignore:setup.py install is deprecated -W ignore:easy_install command is deprecated setup.py develop --editable --build-directory /home/bart/goliath_mobile/build/gripper_description/build --no-deps symlink_data
[3.562s] Level 1:colcon.colcon_core.environment:create_environment_scripts_only(hoverboard_demo_bringup)
[3.563s] Level 1:colcon.colcon_core.environment:checking '/home/bart/goliath_mobile/install/hoverboard_demo_bringup' for CMake module files
[3.564s] DEBUG:colcon.colcon_core.event_handler.log_command:Invoked command in '/home/bart/goliath_mobile/build/hoverboard_demo_bringup' returned '0': CMAKE_PREFIX_PATH=/home/bart/goliath_mobile/install/hoverboard_demo_description:/home/bart/goliath_mobile/install/rplidar_ros:/home/bart/goliath_mobile/install/ros2_control_demos:/home/bart/goliath_mobile/install/moveit:/home/bart/goliath_mobile/install/gripper_controller:/home/bart/goliath_mobile/install/goliath_moveit_config:/home/bart/goliath_mobile/install/goliath_controller:/home/bart/goliath_mobile/install/ros2_control_demo_description:/home/bart/goliath_mobile/install/hoverboard_ros2_control:/home/bart/goliath_mobile/install/hoverboard_hardware_interface:/home/bart/goliath_mobile/install/hoverboard_demo_bringup:/home/bart/goliath_mobile/install/goliath_commander_cpp:/home/bart/goliath_mobile/install/goliath_interfaces:/home/bart/goliath_mobile/install/arm_move_joy:/home/bart/goliath_base/install/hoverboard_demo_bringup:/home/bart/goliath_base/install/hoverboard_demo_description:/home/bart/goliath_mobile/install/ros2_control_demo_testing:/home/bart/goliath_mobile/install/gripper_description:/opt/ros/humble /usr/bin/cmake --install /home/bart/goliath_mobile/build/hoverboard_demo_bringup
[3.565s] Level 1:colcon.colcon_core.environment:checking '/home/bart/goliath_mobile/install/hoverboard_demo_bringup' for CMake config files
[3.566s] Level 1:colcon.colcon_core.shell:create_environment_hook('hoverboard_demo_bringup', 'cmake_prefix_path')
[3.567s] INFO:colcon.colcon_core.shell:Creating environment hook '/home/bart/goliath_mobile/install/hoverboard_demo_bringup/share/hoverboard_demo_bringup/hook/cmake_prefix_path.ps1'
[3.568s] INFO:colcon.colcon_core.shell:Creating environment descriptor '/home/bart/goliath_mobile/install/hoverboard_demo_bringup/share/hoverboard_demo_bringup/hook/cmake_prefix_path.dsv'
[3.570s] INFO:colcon.colcon_core.shell:Creating environment hook '/home/bart/goliath_mobile/install/hoverboard_demo_bringup/share/hoverboard_demo_bringup/hook/cmake_prefix_path.sh'
[3.572s] Level 1:colcon.colcon_core.environment:checking '/home/bart/goliath_mobile/install/hoverboard_demo_bringup/bin'
[3.572s] Level 1:colcon.colcon_core.environment:checking '/home/bart/goliath_mobile/install/hoverboard_demo_bringup/lib/pkgconfig/hoverboard_demo_bringup.pc'
[3.572s] Level 1:colcon.colcon_core.environment:checking '/home/bart/goliath_mobile/install/hoverboard_demo_bringup/lib/python3.10/site-packages'
[3.574s] Level 1:colcon.colcon_core.environment:checking '/home/bart/goliath_mobile/install/hoverboard_demo_bringup/bin'
[3.574s] INFO:colcon.colcon_core.shell:Creating package script '/home/bart/goliath_mobile/install/hoverboard_demo_bringup/share/hoverboard_demo_bringup/package.ps1'
[3.576s] INFO:colcon.colcon_core.shell:Creating package descriptor '/home/bart/goliath_mobile/install/hoverboard_demo_bringup/share/hoverboard_demo_bringup/package.dsv'
[3.577s] INFO:colcon.colcon_core.shell:Creating package script '/home/bart/goliath_mobile/install/hoverboard_demo_bringup/share/hoverboard_demo_bringup/package.sh'
[3.578s] INFO:colcon.colcon_core.shell:Creating package script '/home/bart/goliath_mobile/install/hoverboard_demo_bringup/share/hoverboard_demo_bringup/package.bash'
[3.579s] INFO:colcon.colcon_core.shell:Creating package script '/home/bart/goliath_mobile/install/hoverboard_demo_bringup/share/hoverboard_demo_bringup/package.zsh'
[3.580s] Level 1:colcon.colcon_core.environment:create_file_with_runtime_dependencies(/home/bart/goliath_mobile/install/hoverboard_demo_bringup/share/colcon-core/packages/hoverboard_demo_bringup)
[3.582s] Level 1:colcon.colcon_core.environment:create_environment_scripts_only(hoverboard_demo_bringup)
[3.582s] Level 1:colcon.colcon_core.environment:checking '/home/bart/goliath_mobile/install/hoverboard_demo_bringup' for CMake module files
[3.584s] Level 1:colcon.colcon_core.environment:checking '/home/bart/goliath_mobile/install/hoverboard_demo_bringup' for CMake config files
[3.584s] Level 1:colcon.colcon_core.shell:create_environment_hook('hoverboard_demo_bringup', 'cmake_prefix_path')
[3.585s] INFO:colcon.colcon_core.shell:Creating environment hook '/home/bart/goliath_mobile/install/hoverboard_demo_bringup/share/hoverboard_demo_bringup/hook/cmake_prefix_path.ps1'
[3.586s] INFO:colcon.colcon_core.shell:Creating environment descriptor '/home/bart/goliath_mobile/install/hoverboard_demo_bringup/share/hoverboard_demo_bringup/hook/cmake_prefix_path.dsv'
[3.587s] INFO:colcon.colcon_core.shell:Creating environment hook '/home/bart/goliath_mobile/install/hoverboard_demo_bringup/share/hoverboard_demo_bringup/hook/cmake_prefix_path.sh'
[3.589s] Level 1:colcon.colcon_core.environment:checking '/home/bart/goliath_mobile/install/hoverboard_demo_bringup/bin'
[3.589s] Level 1:colcon.colcon_core.environment:checking '/home/bart/goliath_mobile/install/hoverboard_demo_bringup/lib/pkgconfig/hoverboard_demo_bringup.pc'
[3.589s] Level 1:colcon.colcon_core.environment:checking '/home/bart/goliath_mobile/install/hoverboard_demo_bringup/lib/python3.10/site-packages'
[3.590s] Level 1:colcon.colcon_core.environment:checking '/home/bart/goliath_mobile/install/hoverboard_demo_bringup/bin'
[3.591s] INFO:colcon.colcon_core.shell:Creating package script '/home/bart/goliath_mobile/install/hoverboard_demo_bringup/share/hoverboard_demo_bringup/package.ps1'
[3.593s] INFO:colcon.colcon_core.shell:Creating package descriptor '/home/bart/goliath_mobile/install/hoverboard_demo_bringup/share/hoverboard_demo_bringup/package.dsv'
[3.594s] INFO:colcon.colcon_core.shell:Creating package script '/home/bart/goliath_mobile/install/hoverboard_demo_bringup/share/hoverboard_demo_bringup/package.sh'
[3.596s] INFO:colcon.colcon_core.shell:Creating package script '/home/bart/goliath_mobile/install/hoverboard_demo_bringup/share/hoverboard_demo_bringup/package.bash'
[3.597s] INFO:colcon.colcon_core.shell:Creating package script '/home/bart/goliath_mobile/install/hoverboard_demo_bringup/share/hoverboard_demo_bringup/package.zsh'
[3.598s] Level 1:colcon.colcon_core.environment:create_file_with_runtime_dependencies(/home/bart/goliath_mobile/install/hoverboard_demo_bringup/share/colcon-core/packages/hoverboard_demo_bringup)
[3.847s] Level 1:colcon.colcon_core.shell:create_environment_hook('ros2_control_demo_testing', 'pythonpath_develop')
[3.847s] INFO:colcon.colcon_core.shell:Creating environment hook '/home/bart/goliath_mobile/build/ros2_control_demo_testing/share/ros2_control_demo_testing/hook/pythonpath_develop.ps1'
[3.848s] DEBUG:colcon.colcon_core.event_handler.log_command:Invoked command in '/home/bart/goliath_mobile/build/ros2_control_demo_testing' returned '0': PYTHONPATH=/home/bart/goliath_mobile/build/ros2_control_demo_testing/prefix_override:/usr/lib/python3/dist-packages/colcon_core/task/python/colcon_distutils_commands:/home/bart/goliath_mobile/install/ros2_control_demo_testing/lib/python3.10/site-packages:${PYTHONPATH} /usr/bin/python3 -W ignore:setup.py install is deprecated -W ignore:easy_install command is deprecated setup.py develop --editable --build-directory /home/bart/goliath_mobile/build/ros2_control_demo_testing/build --no-deps symlink_data
[3.849s] INFO:colcon.colcon_core.shell:Creating environment descriptor '/home/bart/goliath_mobile/build/ros2_control_demo_testing/share/ros2_control_demo_testing/hook/pythonpath_develop.dsv'
[3.849s] INFO:colcon.colcon_core.shell:Creating environment hook '/home/bart/goliath_mobile/build/ros2_control_demo_testing/share/ros2_control_demo_testing/hook/pythonpath_develop.sh'
[3.850s] Level 1:colcon.colcon_core.environment:checking '/home/bart/goliath_mobile/install/ros2_control_demo_testing' for CMake module files
[3.851s] Level 1:colcon.colcon_core.environment:checking '/home/bart/goliath_mobile/install/ros2_control_demo_testing' for CMake config files
[3.852s] Level 1:colcon.colcon_core.environment:checking '/home/bart/goliath_mobile/install/ros2_control_demo_testing/lib'
[3.852s] Level 1:colcon.colcon_core.environment:checking '/home/bart/goliath_mobile/install/ros2_control_demo_testing/bin'
[3.852s] Level 1:colcon.colcon_core.environment:checking '/home/bart/goliath_mobile/install/ros2_control_demo_testing/lib/pkgconfig/ros2_control_demo_testing.pc'
[3.852s] Level 1:colcon.colcon_core.environment:checking '/home/bart/goliath_mobile/install/ros2_control_demo_testing/lib/python3.10/site-packages'
[3.852s] Level 1:colcon.colcon_core.shell:create_environment_hook('ros2_control_demo_testing', 'pythonpath')
[3.853s] INFO:colcon.colcon_core.shell:Creating environment hook '/home/bart/goliath_mobile/install/ros2_control_demo_testing/share/ros2_control_demo_testing/hook/pythonpath.ps1'
[3.855s] INFO:colcon.colcon_core.shell:Creating environment descriptor '/home/bart/goliath_mobile/install/ros2_control_demo_testing/share/ros2_control_demo_testing/hook/pythonpath.dsv'
[3.856s] INFO:colcon.colcon_core.shell:Creating environment hook '/home/bart/goliath_mobile/install/ros2_control_demo_testing/share/ros2_control_demo_testing/hook/pythonpath.sh'
[3.857s] Level 1:colcon.colcon_core.environment:checking '/home/bart/goliath_mobile/install/ros2_control_demo_testing/bin'
[3.857s] Level 1:colcon.colcon_core.environment:create_environment_scripts_only(ros2_control_demo_testing)
[3.858s] INFO:colcon.colcon_core.shell:Creating package script '/home/bart/goliath_mobile/install/ros2_control_demo_testing/share/ros2_control_demo_testing/package.ps1'
[3.859s] INFO:colcon.colcon_core.shell:Creating package descriptor '/home/bart/goliath_mobile/install/ros2_control_demo_testing/share/ros2_control_demo_testing/package.dsv'
[3.859s] INFO:colcon.colcon_core.shell:Creating package script '/home/bart/goliath_mobile/install/ros2_control_demo_testing/share/ros2_control_demo_testing/package.sh'
[3.860s] INFO:colcon.colcon_core.shell:Creating package script '/home/bart/goliath_mobile/install/ros2_control_demo_testing/share/ros2_control_demo_testing/package.bash'
[3.861s] INFO:colcon.colcon_core.shell:Creating package script '/home/bart/goliath_mobile/install/ros2_control_demo_testing/share/ros2_control_demo_testing/package.zsh'
[3.861s] Level 1:colcon.colcon_core.environment:create_file_with_runtime_dependencies(/home/bart/goliath_mobile/install/ros2_control_demo_testing/share/colcon-core/packages/ros2_control_demo_testing)
[3.862s] INFO:colcon.colcon_ros.task.ament_cmake.build:Building ROS package in '/home/bart/goliath_mobile/src/golitath_mobile/goliath/goliath_controller' with build type 'ament_cmake'
[3.862s] INFO:colcon.colcon_cmake.task.cmake.build:Building CMake package in '/home/bart/goliath_mobile/src/golitath_mobile/goliath/goliath_controller'
[3.862s] INFO:colcon.colcon_core.shell:Skip shell extension 'powershell' for command environment: Not usable outside of PowerShell
[3.863s] DEBUG:colcon.colcon_core.shell:Skip shell extension 'dsv' for command environment
[3.872s] INFO:colcon.colcon_ros.task.ament_cmake.build:Building ROS package in '/home/bart/goliath_mobile/src/goliath_gripper/gripper_controller' with build type 'ament_cmake'
[3.872s] INFO:colcon.colcon_cmake.task.cmake.build:Building CMake package in '/home/bart/goliath_mobile/src/goliath_gripper/gripper_controller'
[3.873s] INFO:colcon.colcon_core.shell:Skip shell extension 'powershell' for command environment: Not usable outside of PowerShell
[3.873s] DEBUG:colcon.colcon_core.shell:Skip shell extension 'dsv' for command environment
[3.898s] DEBUG:colcon.colcon_core.event_handler.log_command:Invoking command in '/home/bart/goliath_mobile/build/goliath_controller': AMENT_PREFIX_PATH=/home/bart/goliath_mobile/install/ros2_control_demo_testing:/home/bart/goliath_mobile/install/rplidar_ros:/home/bart/goliath_mobile/install/ros2_control_demos:/home/bart/goliath_mobile/install/moveit:/home/bart/goliath_mobile/install/gripper_controller:/home/bart/goliath_mobile/install/goliath_moveit_config:/home/bart/goliath_mobile/install/goliath_controller:/home/bart/goliath_mobile/install/ros2_control_demo_description:/home/bart/goliath_mobile/install/hoverboard_ros2_control:/home/bart/goliath_mobile/install/hoverboard_hardware_interface:/home/bart/goliath_mobile/install/hoverboard_demo_bringup:/home/bart/goliath_mobile/install/hoverboard_demo_description:/home/bart/goliath_mobile/install/gripper_description:/home/bart/goliath_mobile/install/goliath_commander_cpp:/home/bart/goliath_mobile/install/goliath_interfaces:/home/bart/goliath_mobile/install/arm_move_joy:/home/bart/goliath_base/install/hoverboard_demo_bringup:/home/bart/goliath_base/install/hoverboard_demo_description:/opt/ros/humble CMAKE_PREFIX_PATH=/home/bart/goliath_mobile/install/ros2_control_demo_description:/home/bart/goliath_mobile/install/rplidar_ros:/home/bart/goliath_mobile/install/ros2_control_demos:/home/bart/goliath_mobile/install/moveit:/home/bart/goliath_mobile/install/gripper_controller:/home/bart/goliath_mobile/install/goliath_moveit_config:/home/bart/goliath_mobile/install/goliath_controller:/home/bart/goliath_mobile/install/hoverboard_ros2_control:/home/bart/goliath_mobile/install/hoverboard_hardware_interface:/home/bart/goliath_mobile/install/hoverboard_demo_bringup:/home/bart/goliath_mobile/install/hoverboard_demo_description:/home/bart/goliath_mobile/install/goliath_commander_cpp:/home/bart/goliath_mobile/install/goliath_interfaces:/home/bart/goliath_mobile/install/arm_move_joy:/home/bart/goliath_base/install/hoverboard_demo_bringup:/home/bart/goliath_base/install/hoverboard_demo_description:/home/bart/goliath_mobile/install/ros2_control_demo_testing:/home/bart/goliath_mobile/install/gripper_description:/opt/ros/humble /usr/bin/cmake --build /home/bart/goliath_mobile/build/goliath_controller -- -j4 -l4
[3.906s] DEBUG:colcon.colcon_core.event_handler.log_command:Invoking command in '/home/bart/goliath_mobile/build/gripper_controller': AMENT_PREFIX_PATH=/home/bart/goliath_mobile/install/ros2_control_demo_testing:/home/bart/goliath_mobile/install/rplidar_ros:/home/bart/goliath_mobile/install/ros2_control_demos:/home/bart/goliath_mobile/install/moveit:/home/bart/goliath_mobile/install/gripper_controller:/home/bart/goliath_mobile/install/goliath_moveit_config:/home/bart/goliath_mobile/install/goliath_controller:/home/bart/goliath_mobile/install/ros2_control_demo_description:/home/bart/goliath_mobile/install/hoverboard_ros2_control:/home/bart/goliath_mobile/install/hoverboard_hardware_interface:/home/bart/goliath_mobile/install/hoverboard_demo_bringup:/home/bart/goliath_mobile/install/hoverboard_demo_description:/home/bart/goliath_mobile/install/gripper_description:/home/bart/goliath_mobile/install/goliath_commander_cpp:/home/bart/goliath_mobile/install/goliath_interfaces:/home/bart/goliath_mobile/install/arm_move_joy:/home/bart/goliath_base/install/hoverboard_demo_bringup:/home/bart/goliath_base/install/hoverboard_demo_description:/opt/ros/humble CMAKE_PREFIX_PATH=/home/bart/goliath_mobile/install/ros2_control_demo_description:/home/bart/goliath_mobile/install/rplidar_ros:/home/bart/goliath_mobile/install/ros2_control_demos:/home/bart/goliath_mobile/install/moveit:/home/bart/goliath_mobile/install/gripper_controller:/home/bart/goliath_mobile/install/goliath_moveit_config:/home/bart/goliath_mobile/install/goliath_controller:/home/bart/goliath_mobile/install/hoverboard_ros2_control:/home/bart/goliath_mobile/install/hoverboard_hardware_interface:/home/bart/goliath_mobile/install/hoverboard_demo_bringup:/home/bart/goliath_mobile/install/hoverboard_demo_description:/home/bart/goliath_mobile/install/goliath_commander_cpp:/home/bart/goliath_mobile/install/goliath_interfaces:/home/bart/goliath_mobile/install/arm_move_joy:/home/bart/goliath_base/install/hoverboard_demo_bringup:/home/bart/goliath_base/install/hoverboard_demo_description:/home/bart/goliath_mobile/install/ros2_control_demo_testing:/home/bart/goliath_mobile/install/gripper_description:/opt/ros/humble /usr/bin/cmake --build /home/bart/goliath_mobile/build/gripper_controller -- -j4 -l4
[4.078s] DEBUG:colcon.colcon_core.event_handler.log_command:Invoked command in '/home/bart/goliath_mobile/build/goliath_controller' returned '0': AMENT_PREFIX_PATH=/home/bart/goliath_mobile/install/ros2_control_demo_testing:/home/bart/goliath_mobile/install/rplidar_ros:/home/bart/goliath_mobile/install/ros2_control_demos:/home/bart/goliath_mobile/install/moveit:/home/bart/goliath_mobile/install/gripper_controller:/home/bart/goliath_mobile/install/goliath_moveit_config:/home/bart/goliath_mobile/install/goliath_controller:/home/bart/goliath_mobile/install/ros2_control_demo_description:/home/bart/goliath_mobile/install/hoverboard_ros2_control:/home/bart/goliath_mobile/install/hoverboard_hardware_interface:/home/bart/goliath_mobile/install/hoverboard_demo_bringup:/home/bart/goliath_mobile/install/hoverboard_demo_description:/home/bart/goliath_mobile/install/gripper_description:/home/bart/goliath_mobile/install/goliath_commander_cpp:/home/bart/goliath_mobile/install/goliath_interfaces:/home/bart/goliath_mobile/install/arm_move_joy:/home/bart/goliath_base/install/hoverboard_demo_bringup:/home/bart/goliath_base/install/hoverboard_demo_description:/opt/ros/humble CMAKE_PREFIX_PATH=/home/bart/goliath_mobile/install/ros2_control_demo_description:/home/bart/goliath_mobile/install/rplidar_ros:/home/bart/goliath_mobile/install/ros2_control_demos:/home/bart/goliath_mobile/install/moveit:/home/bart/goliath_mobile/install/gripper_controller:/home/bart/goliath_mobile/install/goliath_moveit_config:/home/bart/goliath_mobile/install/goliath_controller:/home/bart/goliath_mobile/install/hoverboard_ros2_control:/home/bart/goliath_mobile/install/hoverboard_hardware_interface:/home/bart/goliath_mobile/install/hoverboard_demo_bringup:/home/bart/goliath_mobile/install/hoverboard_demo_description:/home/bart/goliath_mobile/install/goliath_commander_cpp:/home/bart/goliath_mobile/install/goliath_interfaces:/home/bart/goliath_mobile/install/arm_move_joy:/home/bart/goliath_base/install/hoverboard_demo_bringup:/home/bart/goliath_base/install/hoverboard_demo_description:/home/bart/goliath_mobile/install/ros2_control_demo_testing:/home/bart/goliath_mobile/install/gripper_description:/opt/ros/humble /usr/bin/cmake --build /home/bart/goliath_mobile/build/goliath_controller -- -j4 -l4
[4.080s] DEBUG:colcon.colcon_core.event_handler.log_command:Invoking command in '/home/bart/goliath_mobile/build/goliath_controller': AMENT_PREFIX_PATH=/home/bart/goliath_mobile/install/ros2_control_demo_testing:/home/bart/goliath_mobile/install/rplidar_ros:/home/bart/goliath_mobile/install/ros2_control_demos:/home/bart/goliath_mobile/install/moveit:/home/bart/goliath_mobile/install/gripper_controller:/home/bart/goliath_mobile/install/goliath_moveit_config:/home/bart/goliath_mobile/install/goliath_controller:/home/bart/goliath_mobile/install/ros2_control_demo_description:/home/bart/goliath_mobile/install/hoverboard_ros2_control:/home/bart/goliath_mobile/install/hoverboard_hardware_interface:/home/bart/goliath_mobile/install/hoverboard_demo_bringup:/home/bart/goliath_mobile/install/hoverboard_demo_description:/home/bart/goliath_mobile/install/gripper_description:/home/bart/goliath_mobile/install/goliath_commander_cpp:/home/bart/goliath_mobile/install/goliath_interfaces:/home/bart/goliath_mobile/install/arm_move_joy:/home/bart/goliath_base/install/hoverboard_demo_bringup:/home/bart/goliath_base/install/hoverboard_demo_description:/opt/ros/humble CMAKE_PREFIX_PATH=/home/bart/goliath_mobile/install/ros2_control_demo_description:/home/bart/goliath_mobile/install/rplidar_ros:/home/bart/goliath_mobile/install/ros2_control_demos:/home/bart/goliath_mobile/install/moveit:/home/bart/goliath_mobile/install/gripper_controller:/home/bart/goliath_mobile/install/goliath_moveit_config:/home/bart/goliath_mobile/install/goliath_controller:/home/bart/goliath_mobile/install/hoverboard_ros2_control:/home/bart/goliath_mobile/install/hoverboard_hardware_interface:/home/bart/goliath_mobile/install/hoverboard_demo_bringup:/home/bart/goliath_mobile/install/hoverboard_demo_description:/home/bart/goliath_mobile/install/goliath_commander_cpp:/home/bart/goliath_mobile/install/goliath_interfaces:/home/bart/goliath_mobile/install/arm_move_joy:/home/bart/goliath_base/install/hoverboard_demo_bringup:/home/bart/goliath_base/install/hoverboard_demo_description:/home/bart/goliath_mobile/install/ros2_control_demo_testing:/home/bart/goliath_mobile/install/gripper_description:/opt/ros/humble /usr/bin/cmake --install /home/bart/goliath_mobile/build/goliath_controller
[4.134s] Level 1:colcon.colcon_core.environment:create_environment_scripts_only(goliath_controller)
[4.134s] Level 1:colcon.colcon_core.environment:checking '/home/bart/goliath_mobile/install/goliath_controller' for CMake module files
[4.135s] DEBUG:colcon.colcon_core.event_handler.log_command:Invoked command in '/home/bart/goliath_mobile/build/goliath_controller' returned '0': AMENT_PREFIX_PATH=/home/bart/goliath_mobile/install/ros2_control_demo_testing:/home/bart/goliath_mobile/install/rplidar_ros:/home/bart/goliath_mobile/install/ros2_control_demos:/home/bart/goliath_mobile/install/moveit:/home/bart/goliath_mobile/install/gripper_controller:/home/bart/goliath_mobile/install/goliath_moveit_config:/home/bart/goliath_mobile/install/goliath_controller:/home/bart/goliath_mobile/install/ros2_control_demo_description:/home/bart/goliath_mobile/install/hoverboard_ros2_control:/home/bart/goliath_mobile/install/hoverboard_hardware_interface:/home/bart/goliath_mobile/install/hoverboard_demo_bringup:/home/bart/goliath_mobile/install/hoverboard_demo_description:/home/bart/goliath_mobile/install/gripper_description:/home/bart/goliath_mobile/install/goliath_commander_cpp:/home/bart/goliath_mobile/install/goliath_interfaces:/home/bart/goliath_mobile/install/arm_move_joy:/home/bart/goliath_base/install/hoverboard_demo_bringup:/home/bart/goliath_base/install/hoverboard_demo_description:/opt/ros/humble CMAKE_PREFIX_PATH=/home/bart/goliath_mobile/install/ros2_control_demo_description:/home/bart/goliath_mobile/install/rplidar_ros:/home/bart/goliath_mobile/install/ros2_control_demos:/home/bart/goliath_mobile/install/moveit:/home/bart/goliath_mobile/install/gripper_controller:/home/bart/goliath_mobile/install/goliath_moveit_config:/home/bart/goliath_mobile/install/goliath_controller:/home/bart/goliath_mobile/install/hoverboard_ros2_control:/home/bart/goliath_mobile/install/hoverboard_hardware_interface:/home/bart/goliath_mobile/install/hoverboard_demo_bringup:/home/bart/goliath_mobile/install/hoverboard_demo_description:/home/bart/goliath_mobile/install/goliath_commander_cpp:/home/bart/goliath_mobile/install/goliath_interfaces:/home/bart/goliath_mobile/install/arm_move_joy:/home/bart/goliath_base/install/hoverboard_demo_bringup:/home/bart/goliath_base/install/hoverboard_demo_description:/home/bart/goliath_mobile/install/ros2_control_demo_testing:/home/bart/goliath_mobile/install/gripper_description:/opt/ros/humble /usr/bin/cmake --install /home/bart/goliath_mobile/build/goliath_controller
[4.135s] Level 1:colcon.colcon_core.environment:checking '/home/bart/goliath_mobile/install/goliath_controller' for CMake config files
[4.136s] Level 1:colcon.colcon_core.shell:create_environment_hook('goliath_controller', 'cmake_prefix_path')
[4.137s] INFO:colcon.colcon_core.shell:Creating environment hook '/home/bart/goliath_mobile/install/goliath_controller/share/goliath_controller/hook/cmake_prefix_path.ps1'
[4.137s] INFO:colcon.colcon_core.shell:Creating environment descriptor '/home/bart/goliath_mobile/install/goliath_controller/share/goliath_controller/hook/cmake_prefix_path.dsv'
[4.138s] INFO:colcon.colcon_core.shell:Creating environment hook '/home/bart/goliath_mobile/install/goliath_controller/share/goliath_controller/hook/cmake_prefix_path.sh'
[4.139s] Level 1:colcon.colcon_core.environment:checking '/home/bart/goliath_mobile/install/goliath_controller/lib'
[4.139s] Level 1:colcon.colcon_core.shell:create_environment_hook('goliath_controller', 'ld_library_path_lib')
[4.139s] INFO:colcon.colcon_core.shell:Creating environment hook '/home/bart/goliath_mobile/install/goliath_controller/share/goliath_controller/hook/ld_library_path_lib.ps1'
[4.140s] INFO:colcon.colcon_core.shell:Creating environment descriptor '/home/bart/goliath_mobile/install/goliath_controller/share/goliath_controller/hook/ld_library_path_lib.dsv'
[4.141s] INFO:colcon.colcon_core.shell:Creating environment hook '/home/bart/goliath_mobile/install/goliath_controller/share/goliath_controller/hook/ld_library_path_lib.sh'
[4.142s] Level 1:colcon.colcon_core.environment:checking '/home/bart/goliath_mobile/install/goliath_controller/bin'
[4.142s] Level 1:colcon.colcon_core.environment:checking '/home/bart/goliath_mobile/install/goliath_controller/lib/pkgconfig/goliath_controller.pc'
[4.142s] Level 1:colcon.colcon_core.environment:checking '/home/bart/goliath_mobile/install/goliath_controller/lib/python3.10/site-packages'
[4.143s] Level 1:colcon.colcon_core.environment:checking '/home/bart/goliath_mobile/install/goliath_controller/bin'
[4.143s] INFO:colcon.colcon_core.shell:Creating package script '/home/bart/goliath_mobile/install/goliath_controller/share/goliath_controller/package.ps1'
[4.144s] INFO:colcon.colcon_core.shell:Creating package descriptor '/home/bart/goliath_mobile/install/goliath_controller/share/goliath_controller/package.dsv'
[4.145s] INFO:colcon.colcon_core.shell:Creating package script '/home/bart/goliath_mobile/install/goliath_controller/share/goliath_controller/package.sh'
[4.146s] INFO:colcon.colcon_core.shell:Creating package script '/home/bart/goliath_mobile/install/goliath_controller/share/goliath_controller/package.bash'
[4.147s] INFO:colcon.colcon_core.shell:Creating package script '/home/bart/goliath_mobile/install/goliath_controller/share/goliath_controller/package.zsh'
[4.147s] Level 1:colcon.colcon_core.environment:create_file_with_runtime_dependencies(/home/bart/goliath_mobile/install/goliath_controller/share/colcon-core/packages/goliath_controller)
[4.148s] Level 1:colcon.colcon_core.environment:create_environment_scripts_only(goliath_controller)
[4.148s] Level 1:colcon.colcon_core.environment:checking '/home/bart/goliath_mobile/install/goliath_controller' for CMake module files
[4.149s] Level 1:colcon.colcon_core.environment:checking '/home/bart/goliath_mobile/install/goliath_controller' for CMake config files
[4.150s] Level 1:colcon.colcon_core.shell:create_environment_hook('goliath_controller', 'cmake_prefix_path')
[4.150s] INFO:colcon.colcon_core.shell:Creating environment hook '/home/bart/goliath_mobile/install/goliath_controller/share/goliath_controller/hook/cmake_prefix_path.ps1'
[4.151s] INFO:colcon.colcon_core.shell:Creating environment descriptor '/home/bart/goliath_mobile/install/goliath_controller/share/goliath_controller/hook/cmake_prefix_path.dsv'
[4.152s] INFO:colcon.colcon_core.shell:Creating environment hook '/home/bart/goliath_mobile/install/goliath_controller/share/goliath_controller/hook/cmake_prefix_path.sh'
[4.155s] Level 1:colcon.colcon_core.environment:checking '/home/bart/goliath_mobile/install/goliath_controller/lib'
[4.155s] Level 1:colcon.colcon_core.shell:create_environment_hook('goliath_controller', 'ld_library_path_lib')
[4.155s] INFO:colcon.colcon_core.shell:Creating environment hook '/home/bart/goliath_mobile/install/goliath_controller/share/goliath_controller/hook/ld_library_path_lib.ps1'
[4.156s] INFO:colcon.colcon_core.shell:Creating environment descriptor '/home/bart/goliath_mobile/install/goliath_controller/share/goliath_controller/hook/ld_library_path_lib.dsv'
[4.157s] INFO:colcon.colcon_core.shell:Creating environment hook '/home/bart/goliath_mobile/install/goliath_controller/share/goliath_controller/hook/ld_library_path_lib.sh'
[4.157s] Level 1:colcon.colcon_core.environment:checking '/home/bart/goliath_mobile/install/goliath_controller/bin'
[4.158s] Level 1:colcon.colcon_core.environment:checking '/home/bart/goliath_mobile/install/goliath_controller/lib/pkgconfig/goliath_controller.pc'
[4.158s] Level 1:colcon.colcon_core.environment:checking '/home/bart/goliath_mobile/install/goliath_controller/lib/python3.10/site-packages'
[4.158s] Level 1:colcon.colcon_core.environment:checking '/home/bart/goliath_mobile/install/goliath_controller/bin'
[4.159s] INFO:colcon.colcon_core.shell:Creating package script '/home/bart/goliath_mobile/install/goliath_controller/share/goliath_controller/package.ps1'
[4.160s] INFO:colcon.colcon_core.shell:Creating package descriptor '/home/bart/goliath_mobile/install/goliath_controller/share/goliath_controller/package.dsv'
[4.161s] INFO:colcon.colcon_core.shell:Creating package script '/home/bart/goliath_mobile/install/goliath_controller/share/goliath_controller/package.sh'
[4.162s] INFO:colcon.colcon_core.shell:Creating package script '/home/bart/goliath_mobile/install/goliath_controller/share/goliath_controller/package.bash'
[4.162s] INFO:colcon.colcon_core.shell:Creating package script '/home/bart/goliath_mobile/install/goliath_controller/share/goliath_controller/package.zsh'
[4.163s] Level 1:colcon.colcon_core.environment:create_file_with_runtime_dependencies(/home/bart/goliath_mobile/install/goliath_controller/share/colcon-core/packages/goliath_controller)
[4.164s] INFO:colcon.colcon_ros.task.ament_cmake.build:Building ROS package in '/home/bart/goliath_mobile/src/goliath_moveit_config' with build type 'ament_cmake'
[4.164s] INFO:colcon.colcon_cmake.task.cmake.build:Building CMake package in '/home/bart/goliath_mobile/src/goliath_moveit_config'
[4.164s] INFO:colcon.colcon_core.shell:Skip shell extension 'powershell' for command environment: Not usable outside of PowerShell
[4.164s] DEBUG:colcon.colcon_core.shell:Skip shell extension 'dsv' for command environment
[4.180s] INFO:colcon.colcon_ros.task.ament_cmake.build:Building ROS package in '/home/bart/goliath_mobile/src/golitath_mobile/goliath/ros2_control_demos' with build type 'ament_cmake'
[4.180s] INFO:colcon.colcon_cmake.task.cmake.build:Building CMake package in '/home/bart/goliath_mobile/src/golitath_mobile/goliath/ros2_control_demos'
[4.181s] INFO:colcon.colcon_core.shell:Skip shell extension 'powershell' for command environment: Not usable outside of PowerShell
[4.181s] DEBUG:colcon.colcon_core.shell:Skip shell extension 'dsv' for command environment
[4.207s] DEBUG:colcon.colcon_core.event_handler.log_command:Invoking command in '/home/bart/goliath_mobile/build/goliath_moveit_config': AMENT_PREFIX_PATH=/home/bart/goliath_mobile/install/ros2_control_demo_testing:/home/bart/goliath_mobile/install/rplidar_ros:/home/bart/goliath_mobile/install/ros2_control_demos:/home/bart/goliath_mobile/install/moveit:/home/bart/goliath_mobile/install/gripper_controller:/home/bart/goliath_mobile/install/goliath_moveit_config:/home/bart/goliath_mobile/install/goliath_controller:/home/bart/goliath_mobile/install/ros2_control_demo_description:/home/bart/goliath_mobile/install/hoverboard_ros2_control:/home/bart/goliath_mobile/install/hoverboard_hardware_interface:/home/bart/goliath_mobile/install/hoverboard_demo_bringup:/home/bart/goliath_mobile/install/hoverboard_demo_description:/home/bart/goliath_mobile/install/gripper_description:/home/bart/goliath_mobile/install/goliath_commander_cpp:/home/bart/goliath_mobile/install/goliath_interfaces:/home/bart/goliath_mobile/install/arm_move_joy:/home/bart/goliath_base/install/hoverboard_demo_bringup:/home/bart/goliath_base/install/hoverboard_demo_description:/opt/ros/humble CMAKE_PREFIX_PATH=/home/bart/goliath_mobile/install/goliath_controller:/home/bart/goliath_mobile/install/ros2_control_demo_description:/home/bart/goliath_mobile/install/rplidar_ros:/home/bart/goliath_mobile/install/ros2_control_demos:/home/bart/goliath_mobile/install/moveit:/home/bart/goliath_mobile/install/gripper_controller:/home/bart/goliath_mobile/install/goliath_moveit_config:/home/bart/goliath_mobile/install/hoverboard_ros2_control:/home/bart/goliath_mobile/install/hoverboard_hardware_interface:/home/bart/goliath_mobile/install/hoverboard_demo_bringup:/home/bart/goliath_mobile/install/hoverboard_demo_description:/home/bart/goliath_mobile/install/goliath_commander_cpp:/home/bart/goliath_mobile/install/goliath_interfaces:/home/bart/goliath_mobile/install/arm_move_joy:/home/bart/goliath_base/install/hoverboard_demo_bringup:/home/bart/goliath_base/install/hoverboard_demo_description:/home/bart/goliath_mobile/install/ros2_control_demo_testing:/home/bart/goliath_mobile/install/gripper_description:/opt/ros/humble LD_LIBRARY_PATH=/home/bart/goliath_mobile/install/goliath_controller/lib:/home/bart/goliath_mobile/install/gripper_controller/lib:/home/bart/goliath_mobile/install/hoverboard_hardware_interface/lib:/home/bart/goliath_mobile/install/goliath_interfaces/lib:/opt/ros/humble/opt/rviz_ogre_vendor/lib:/opt/ros/humble/lib/x86_64-linux-gnu:/opt/ros/humble/lib /usr/bin/cmake --build /home/bart/goliath_mobile/build/goliath_moveit_config -- -j4 -l4
[4.221s] DEBUG:colcon.colcon_core.event_handler.log_command:Invoking command in '/home/bart/goliath_mobile/build/ros2_control_demos': AMENT_PREFIX_PATH=/home/bart/goliath_mobile/install/ros2_control_demo_testing:/home/bart/goliath_mobile/install/rplidar_ros:/home/bart/goliath_mobile/install/ros2_control_demos:/home/bart/goliath_mobile/install/moveit:/home/bart/goliath_mobile/install/gripper_controller:/home/bart/goliath_mobile/install/goliath_moveit_config:/home/bart/goliath_mobile/install/goliath_controller:/home/bart/goliath_mobile/install/ros2_control_demo_description:/home/bart/goliath_mobile/install/hoverboard_ros2_control:/home/bart/goliath_mobile/install/hoverboard_hardware_interface:/home/bart/goliath_mobile/install/hoverboard_demo_bringup:/home/bart/goliath_mobile/install/hoverboard_demo_description:/home/bart/goliath_mobile/install/gripper_description:/home/bart/goliath_mobile/install/goliath_commander_cpp:/home/bart/goliath_mobile/install/goliath_interfaces:/home/bart/goliath_mobile/install/arm_move_joy:/home/bart/goliath_base/install/hoverboard_demo_bringup:/home/bart/goliath_base/install/hoverboard_demo_description:/opt/ros/humble CMAKE_PREFIX_PATH=/home/bart/goliath_mobile/install/goliath_controller:/home/bart/goliath_mobile/install/ros2_control_demo_description:/home/bart/goliath_mobile/install/rplidar_ros:/home/bart/goliath_mobile/install/ros2_control_demos:/home/bart/goliath_mobile/install/moveit:/home/bart/goliath_mobile/install/gripper_controller:/home/bart/goliath_mobile/install/goliath_moveit_config:/home/bart/goliath_mobile/install/hoverboard_ros2_control:/home/bart/goliath_mobile/install/hoverboard_hardware_interface:/home/bart/goliath_mobile/install/hoverboard_demo_bringup:/home/bart/goliath_mobile/install/hoverboard_demo_description:/home/bart/goliath_mobile/install/goliath_commander_cpp:/home/bart/goliath_mobile/install/goliath_interfaces:/home/bart/goliath_mobile/install/arm_move_joy:/home/bart/goliath_base/install/hoverboard_demo_bringup:/home/bart/goliath_base/install/hoverboard_demo_description:/home/bart/goliath_mobile/install/ros2_control_demo_testing:/home/bart/goliath_mobile/install/gripper_description:/opt/ros/humble LD_LIBRARY_PATH=/home/bart/goliath_mobile/install/goliath_controller/lib:/home/bart/goliath_mobile/install/gripper_controller/lib:/home/bart/goliath_mobile/install/hoverboard_hardware_interface/lib:/home/bart/goliath_mobile/install/goliath_interfaces/lib:/opt/ros/humble/opt/rviz_ogre_vendor/lib:/opt/ros/humble/lib/x86_64-linux-gnu:/opt/ros/humble/lib /usr/bin/cmake --build /home/bart/goliath_mobile/build/ros2_control_demos -- -j4 -l4
[4.295s] DEBUG:colcon.colcon_core.event_handler.log_command:Invoked command in '/home/bart/goliath_mobile/build/goliath_moveit_config' returned '0': AMENT_PREFIX_PATH=/home/bart/goliath_mobile/install/ros2_control_demo_testing:/home/bart/goliath_mobile/install/rplidar_ros:/home/bart/goliath_mobile/install/ros2_control_demos:/home/bart/goliath_mobile/install/moveit:/home/bart/goliath_mobile/install/gripper_controller:/home/bart/goliath_mobile/install/goliath_moveit_config:/home/bart/goliath_mobile/install/goliath_controller:/home/bart/goliath_mobile/install/ros2_control_demo_description:/home/bart/goliath_mobile/install/hoverboard_ros2_control:/home/bart/goliath_mobile/install/hoverboard_hardware_interface:/home/bart/goliath_mobile/install/hoverboard_demo_bringup:/home/bart/goliath_mobile/install/hoverboard_demo_description:/home/bart/goliath_mobile/install/gripper_description:/home/bart/goliath_mobile/install/goliath_commander_cpp:/home/bart/goliath_mobile/install/goliath_interfaces:/home/bart/goliath_mobile/install/arm_move_joy:/home/bart/goliath_base/install/hoverboard_demo_bringup:/home/bart/goliath_base/install/hoverboard_demo_description:/opt/ros/humble CMAKE_PREFIX_PATH=/home/bart/goliath_mobile/install/goliath_controller:/home/bart/goliath_mobile/install/ros2_control_demo_description:/home/bart/goliath_mobile/install/rplidar_ros:/home/bart/goliath_mobile/install/ros2_control_demos:/home/bart/goliath_mobile/install/moveit:/home/bart/goliath_mobile/install/gripper_controller:/home/bart/goliath_mobile/install/goliath_moveit_config:/home/bart/goliath_mobile/install/hoverboard_ros2_control:/home/bart/goliath_mobile/install/hoverboard_hardware_interface:/home/bart/goliath_mobile/install/hoverboard_demo_bringup:/home/bart/goliath_mobile/install/hoverboard_demo_description:/home/bart/goliath_mobile/install/goliath_commander_cpp:/home/bart/goliath_mobile/install/goliath_interfaces:/home/bart/goliath_mobile/install/arm_move_joy:/home/bart/goliath_base/install/hoverboard_demo_bringup:/home/bart/goliath_base/install/hoverboard_demo_description:/home/bart/goliath_mobile/install/ros2_control_demo_testing:/home/bart/goliath_mobile/install/gripper_description:/opt/ros/humble LD_LIBRARY_PATH=/home/bart/goliath_mobile/install/goliath_controller/lib:/home/bart/goliath_mobile/install/gripper_controller/lib:/home/bart/goliath_mobile/install/hoverboard_hardware_interface/lib:/home/bart/goliath_mobile/install/goliath_interfaces/lib:/opt/ros/humble/opt/rviz_ogre_vendor/lib:/opt/ros/humble/lib/x86_64-linux-gnu:/opt/ros/humble/lib /usr/bin/cmake --build /home/bart/goliath_mobile/build/goliath_moveit_config -- -j4 -l4
[4.297s] DEBUG:colcon.colcon_core.event_handler.log_command:Invoking command in '/home/bart/goliath_mobile/build/goliath_moveit_config': AMENT_PREFIX_PATH=/home/bart/goliath_mobile/install/ros2_control_demo_testing:/home/bart/goliath_mobile/install/rplidar_ros:/home/bart/goliath_mobile/install/ros2_control_demos:/home/bart/goliath_mobile/install/moveit:/home/bart/goliath_mobile/install/gripper_controller:/home/bart/goliath_mobile/install/goliath_moveit_config:/home/bart/goliath_mobile/install/goliath_controller:/home/bart/goliath_mobile/install/ros2_control_demo_description:/home/bart/goliath_mobile/install/hoverboard_ros2_control:/home/bart/goliath_mobile/install/hoverboard_hardware_interface:/home/bart/goliath_mobile/install/hoverboard_demo_bringup:/home/bart/goliath_mobile/install/hoverboard_demo_description:/home/bart/goliath_mobile/install/gripper_description:/home/bart/goliath_mobile/install/goliath_commander_cpp:/home/bart/goliath_mobile/install/goliath_interfaces:/home/bart/goliath_mobile/install/arm_move_joy:/home/bart/goliath_base/install/hoverboard_demo_bringup:/home/bart/goliath_base/install/hoverboard_demo_description:/opt/ros/humble CMAKE_PREFIX_PATH=/home/bart/goliath_mobile/install/goliath_controller:/home/bart/goliath_mobile/install/ros2_control_demo_description:/home/bart/goliath_mobile/install/rplidar_ros:/home/bart/goliath_mobile/install/ros2_control_demos:/home/bart/goliath_mobile/install/moveit:/home/bart/goliath_mobile/install/gripper_controller:/home/bart/goliath_mobile/install/goliath_moveit_config:/home/bart/goliath_mobile/install/hoverboard_ros2_control:/home/bart/goliath_mobile/install/hoverboard_hardware_interface:/home/bart/goliath_mobile/install/hoverboard_demo_bringup:/home/bart/goliath_mobile/install/hoverboard_demo_description:/home/bart/goliath_mobile/install/goliath_commander_cpp:/home/bart/goliath_mobile/install/goliath_interfaces:/home/bart/goliath_mobile/install/arm_move_joy:/home/bart/goliath_base/install/hoverboard_demo_bringup:/home/bart/goliath_base/install/hoverboard_demo_description:/home/bart/goliath_mobile/install/ros2_control_demo_testing:/home/bart/goliath_mobile/install/gripper_description:/opt/ros/humble LD_LIBRARY_PATH=/home/bart/goliath_mobile/install/goliath_controller/lib:/home/bart/goliath_mobile/install/gripper_controller/lib:/home/bart/goliath_mobile/install/hoverboard_hardware_interface/lib:/home/bart/goliath_mobile/install/goliath_interfaces/lib:/opt/ros/humble/opt/rviz_ogre_vendor/lib:/opt/ros/humble/lib/x86_64-linux-gnu:/opt/ros/humble/lib /usr/bin/cmake --install /home/bart/goliath_mobile/build/goliath_moveit_config
[4.312s] DEBUG:colcon.colcon_core.event_handler.log_command:Invoked command in '/home/bart/goliath_mobile/build/ros2_control_demos' returned '0': AMENT_PREFIX_PATH=/home/bart/goliath_mobile/install/ros2_control_demo_testing:/home/bart/goliath_mobile/install/rplidar_ros:/home/bart/goliath_mobile/install/ros2_control_demos:/home/bart/goliath_mobile/install/moveit:/home/bart/goliath_mobile/install/gripper_controller:/home/bart/goliath_mobile/install/goliath_moveit_config:/home/bart/goliath_mobile/install/goliath_controller:/home/bart/goliath_mobile/install/ros2_control_demo_description:/home/bart/goliath_mobile/install/hoverboard_ros2_control:/home/bart/goliath_mobile/install/hoverboard_hardware_interface:/home/bart/goliath_mobile/install/hoverboard_demo_bringup:/home/bart/goliath_mobile/install/hoverboard_demo_description:/home/bart/goliath_mobile/install/gripper_description:/home/bart/goliath_mobile/install/goliath_commander_cpp:/home/bart/goliath_mobile/install/goliath_interfaces:/home/bart/goliath_mobile/install/arm_move_joy:/home/bart/goliath_base/install/hoverboard_demo_bringup:/home/bart/goliath_base/install/hoverboard_demo_description:/opt/ros/humble CMAKE_PREFIX_PATH=/home/bart/goliath_mobile/install/goliath_controller:/home/bart/goliath_mobile/install/ros2_control_demo_description:/home/bart/goliath_mobile/install/rplidar_ros:/home/bart/goliath_mobile/install/ros2_control_demos:/home/bart/goliath_mobile/install/moveit:/home/bart/goliath_mobile/install/gripper_controller:/home/bart/goliath_mobile/install/goliath_moveit_config:/home/bart/goliath_mobile/install/hoverboard_ros2_control:/home/bart/goliath_mobile/install/hoverboard_hardware_interface:/home/bart/goliath_mobile/install/hoverboard_demo_bringup:/home/bart/goliath_mobile/install/hoverboard_demo_description:/home/bart/goliath_mobile/install/goliath_commander_cpp:/home/bart/goliath_mobile/install/goliath_interfaces:/home/bart/goliath_mobile/install/arm_move_joy:/home/bart/goliath_base/install/hoverboard_demo_bringup:/home/bart/goliath_base/install/hoverboard_demo_description:/home/bart/goliath_mobile/install/ros2_control_demo_testing:/home/bart/goliath_mobile/install/gripper_description:/opt/ros/humble LD_LIBRARY_PATH=/home/bart/goliath_mobile/install/goliath_controller/lib:/home/bart/goliath_mobile/install/gripper_controller/lib:/home/bart/goliath_mobile/install/hoverboard_hardware_interface/lib:/home/bart/goliath_mobile/install/goliath_interfaces/lib:/opt/ros/humble/opt/rviz_ogre_vendor/lib:/opt/ros/humble/lib/x86_64-linux-gnu:/opt/ros/humble/lib /usr/bin/cmake --build /home/bart/goliath_mobile/build/ros2_control_demos -- -j4 -l4
[4.316s] DEBUG:colcon.colcon_core.event_handler.log_command:Invoking command in '/home/bart/goliath_mobile/build/ros2_control_demos': AMENT_PREFIX_PATH=/home/bart/goliath_mobile/install/ros2_control_demo_testing:/home/bart/goliath_mobile/install/rplidar_ros:/home/bart/goliath_mobile/install/ros2_control_demos:/home/bart/goliath_mobile/install/moveit:/home/bart/goliath_mobile/install/gripper_controller:/home/bart/goliath_mobile/install/goliath_moveit_config:/home/bart/goliath_mobile/install/goliath_controller:/home/bart/goliath_mobile/install/ros2_control_demo_description:/home/bart/goliath_mobile/install/hoverboard_ros2_control:/home/bart/goliath_mobile/install/hoverboard_hardware_interface:/home/bart/goliath_mobile/install/hoverboard_demo_bringup:/home/bart/goliath_mobile/install/hoverboard_demo_description:/home/bart/goliath_mobile/install/gripper_description:/home/bart/goliath_mobile/install/goliath_commander_cpp:/home/bart/goliath_mobile/install/goliath_interfaces:/home/bart/goliath_mobile/install/arm_move_joy:/home/bart/goliath_base/install/hoverboard_demo_bringup:/home/bart/goliath_base/install/hoverboard_demo_description:/opt/ros/humble CMAKE_PREFIX_PATH=/home/bart/goliath_mobile/install/goliath_controller:/home/bart/goliath_mobile/install/ros2_control_demo_description:/home/bart/goliath_mobile/install/rplidar_ros:/home/bart/goliath_mobile/install/ros2_control_demos:/home/bart/goliath_mobile/install/moveit:/home/bart/goliath_mobile/install/gripper_controller:/home/bart/goliath_mobile/install/goliath_moveit_config:/home/bart/goliath_mobile/install/hoverboard_ros2_control:/home/bart/goliath_mobile/install/hoverboard_hardware_interface:/home/bart/goliath_mobile/install/hoverboard_demo_bringup:/home/bart/goliath_mobile/install/hoverboard_demo_description:/home/bart/goliath_mobile/install/goliath_commander_cpp:/home/bart/goliath_mobile/install/goliath_interfaces:/home/bart/goliath_mobile/install/arm_move_joy:/home/bart/goliath_base/install/hoverboard_demo_bringup:/home/bart/goliath_base/install/hoverboard_demo_description:/home/bart/goliath_mobile/install/ros2_control_demo_testing:/home/bart/goliath_mobile/install/gripper_description:/opt/ros/humble LD_LIBRARY_PATH=/home/bart/goliath_mobile/install/goliath_controller/lib:/home/bart/goliath_mobile/install/gripper_controller/lib:/home/bart/goliath_mobile/install/hoverboard_hardware_interface/lib:/home/bart/goliath_mobile/install/goliath_interfaces/lib:/opt/ros/humble/opt/rviz_ogre_vendor/lib:/opt/ros/humble/lib/x86_64-linux-gnu:/opt/ros/humble/lib /usr/bin/cmake --install /home/bart/goliath_mobile/build/ros2_control_demos
[4.364s] Level 1:colcon.colcon_core.environment:create_environment_scripts_only(ros2_control_demos)
[4.365s] Level 1:colcon.colcon_core.environment:checking '/home/bart/goliath_mobile/install/ros2_control_demos' for CMake module files
[4.366s] Level 1:colcon.colcon_core.environment:checking '/home/bart/goliath_mobile/install/ros2_control_demos' for CMake config files
[4.368s] DEBUG:colcon.colcon_core.event_handler.log_command:Invoked command in '/home/bart/goliath_mobile/build/ros2_control_demos' returned '0': AMENT_PREFIX_PATH=/home/bart/goliath_mobile/install/ros2_control_demo_testing:/home/bart/goliath_mobile/install/rplidar_ros:/home/bart/goliath_mobile/install/ros2_control_demos:/home/bart/goliath_mobile/install/moveit:/home/bart/goliath_mobile/install/gripper_controller:/home/bart/goliath_mobile/install/goliath_moveit_config:/home/bart/goliath_mobile/install/goliath_controller:/home/bart/goliath_mobile/install/ros2_control_demo_description:/home/bart/goliath_mobile/install/hoverboard_ros2_control:/home/bart/goliath_mobile/install/hoverboard_hardware_interface:/home/bart/goliath_mobile/install/hoverboard_demo_bringup:/home/bart/goliath_mobile/install/hoverboard_demo_description:/home/bart/goliath_mobile/install/gripper_description:/home/bart/goliath_mobile/install/goliath_commander_cpp:/home/bart/goliath_mobile/install/goliath_interfaces:/home/bart/goliath_mobile/install/arm_move_joy:/home/bart/goliath_base/install/hoverboard_demo_bringup:/home/bart/goliath_base/install/hoverboard_demo_description:/opt/ros/humble CMAKE_PREFIX_PATH=/home/bart/goliath_mobile/install/goliath_controller:/home/bart/goliath_mobile/install/ros2_control_demo_description:/home/bart/goliath_mobile/install/rplidar_ros:/home/bart/goliath_mobile/install/ros2_control_demos:/home/bart/goliath_mobile/install/moveit:/home/bart/goliath_mobile/install/gripper_controller:/home/bart/goliath_mobile/install/goliath_moveit_config:/home/bart/goliath_mobile/install/hoverboard_ros2_control:/home/bart/goliath_mobile/install/hoverboard_hardware_interface:/home/bart/goliath_mobile/install/hoverboard_demo_bringup:/home/bart/goliath_mobile/install/hoverboard_demo_description:/home/bart/goliath_mobile/install/goliath_commander_cpp:/home/bart/goliath_mobile/install/goliath_interfaces:/home/bart/goliath_mobile/install/arm_move_joy:/home/bart/goliath_base/install/hoverboard_demo_bringup:/home/bart/goliath_base/install/hoverboard_demo_description:/home/bart/goliath_mobile/install/ros2_control_demo_testing:/home/bart/goliath_mobile/install/gripper_description:/opt/ros/humble LD_LIBRARY_PATH=/home/bart/goliath_mobile/install/goliath_controller/lib:/home/bart/goliath_mobile/install/gripper_controller/lib:/home/bart/goliath_mobile/install/hoverboard_hardware_interface/lib:/home/bart/goliath_mobile/install/goliath_interfaces/lib:/opt/ros/humble/opt/rviz_ogre_vendor/lib:/opt/ros/humble/lib/x86_64-linux-gnu:/opt/ros/humble/lib /usr/bin/cmake --install /home/bart/goliath_mobile/build/ros2_control_demos
[4.368s] Level 1:colcon.colcon_core.shell:create_environment_hook('ros2_control_demos', 'cmake_prefix_path')
[4.369s] INFO:colcon.colcon_core.shell:Creating environment hook '/home/bart/goliath_mobile/install/ros2_control_demos/share/ros2_control_demos/hook/cmake_prefix_path.ps1'
[4.371s] INFO:colcon.colcon_core.shell:Creating environment descriptor '/home/bart/goliath_mobile/install/ros2_control_demos/share/ros2_control_demos/hook/cmake_prefix_path.dsv'
[4.371s] INFO:colcon.colcon_core.shell:Creating environment hook '/home/bart/goliath_mobile/install/ros2_control_demos/share/ros2_control_demos/hook/cmake_prefix_path.sh'
[4.372s] Level 1:colcon.colcon_core.environment:checking '/home/bart/goliath_mobile/install/ros2_control_demos/bin'
[4.372s] Level 1:colcon.colcon_core.environment:checking '/home/bart/goliath_mobile/install/ros2_control_demos/lib/pkgconfig/ros2_control_demos.pc'
[4.373s] Level 1:colcon.colcon_core.environment:checking '/home/bart/goliath_mobile/install/ros2_control_demos/lib/python3.10/site-packages'
[4.373s] Level 1:colcon.colcon_core.environment:checking '/home/bart/goliath_mobile/install/ros2_control_demos/bin'
[4.374s] INFO:colcon.colcon_core.shell:Creating package script '/home/bart/goliath_mobile/install/ros2_control_demos/share/ros2_control_demos/package.ps1'
[4.375s] INFO:colcon.colcon_core.shell:Creating package descriptor '/home/bart/goliath_mobile/install/ros2_control_demos/share/ros2_control_demos/package.dsv'
[4.375s] INFO:colcon.colcon_core.shell:Creating package script '/home/bart/goliath_mobile/install/ros2_control_demos/share/ros2_control_demos/package.sh'
[4.376s] INFO:colcon.colcon_core.shell:Creating package script '/home/bart/goliath_mobile/install/ros2_control_demos/share/ros2_control_demos/package.bash'
[4.377s] INFO:colcon.colcon_core.shell:Creating package script '/home/bart/goliath_mobile/install/ros2_control_demos/share/ros2_control_demos/package.zsh'
[4.377s] Level 1:colcon.colcon_core.environment:create_file_with_runtime_dependencies(/home/bart/goliath_mobile/install/ros2_control_demos/share/colcon-core/packages/ros2_control_demos)
[4.378s] Level 1:colcon.colcon_core.environment:create_environment_scripts_only(ros2_control_demos)
[4.378s] Level 1:colcon.colcon_core.environment:checking '/home/bart/goliath_mobile/install/ros2_control_demos' for CMake module files
[4.379s] Level 1:colcon.colcon_core.environment:checking '/home/bart/goliath_mobile/install/ros2_control_demos' for CMake config files
[4.379s] Level 1:colcon.colcon_core.shell:create_environment_hook('ros2_control_demos', 'cmake_prefix_path')
[4.380s] INFO:colcon.colcon_core.shell:Creating environment hook '/home/bart/goliath_mobile/install/ros2_control_demos/share/ros2_control_demos/hook/cmake_prefix_path.ps1'
[4.380s] INFO:colcon.colcon_core.shell:Creating environment descriptor '/home/bart/goliath_mobile/install/ros2_control_demos/share/ros2_control_demos/hook/cmake_prefix_path.dsv'
[4.381s] INFO:colcon.colcon_core.shell:Creating environment hook '/home/bart/goliath_mobile/install/ros2_control_demos/share/ros2_control_demos/hook/cmake_prefix_path.sh'
[4.382s] Level 1:colcon.colcon_core.environment:checking '/home/bart/goliath_mobile/install/ros2_control_demos/bin'
[4.382s] Level 1:colcon.colcon_core.environment:checking '/home/bart/goliath_mobile/install/ros2_control_demos/lib/pkgconfig/ros2_control_demos.pc'
[4.382s] Level 1:colcon.colcon_core.environment:checking '/home/bart/goliath_mobile/install/ros2_control_demos/lib/python3.10/site-packages'
[4.383s] Level 1:colcon.colcon_core.environment:checking '/home/bart/goliath_mobile/install/ros2_control_demos/bin'
[4.383s] INFO:colcon.colcon_core.shell:Creating package script '/home/bart/goliath_mobile/install/ros2_control_demos/share/ros2_control_demos/package.ps1'
[4.384s] INFO:colcon.colcon_core.shell:Creating package descriptor '/home/bart/goliath_mobile/install/ros2_control_demos/share/ros2_control_demos/package.dsv'
[4.385s] INFO:colcon.colcon_core.shell:Creating package script '/home/bart/goliath_mobile/install/ros2_control_demos/share/ros2_control_demos/package.sh'
[4.386s] INFO:colcon.colcon_core.shell:Creating package script '/home/bart/goliath_mobile/install/ros2_control_demos/share/ros2_control_demos/package.bash'
[4.387s] INFO:colcon.colcon_core.shell:Creating package script '/home/bart/goliath_mobile/install/ros2_control_demos/share/ros2_control_demos/package.zsh'
[4.388s] Level 1:colcon.colcon_core.environment:create_file_with_runtime_dependencies(/home/bart/goliath_mobile/install/ros2_control_demos/share/colcon-core/packages/ros2_control_demos)
[4.391s] Level 1:colcon.colcon_core.environment:create_environment_scripts_only(goliath_moveit_config)
[4.392s] Level 1:colcon.colcon_core.environment:checking '/home/bart/goliath_mobile/install/goliath_moveit_config' for CMake module files
[4.393s] Level 1:colcon.colcon_core.environment:checking '/home/bart/goliath_mobile/install/goliath_moveit_config' for CMake config files
[4.394s] DEBUG:colcon.colcon_core.event_handler.log_command:Invoked command in '/home/bart/goliath_mobile/build/goliath_moveit_config' returned '0': AMENT_PREFIX_PATH=/home/bart/goliath_mobile/install/ros2_control_demo_testing:/home/bart/goliath_mobile/install/rplidar_ros:/home/bart/goliath_mobile/install/ros2_control_demos:/home/bart/goliath_mobile/install/moveit:/home/bart/goliath_mobile/install/gripper_controller:/home/bart/goliath_mobile/install/goliath_moveit_config:/home/bart/goliath_mobile/install/goliath_controller:/home/bart/goliath_mobile/install/ros2_control_demo_description:/home/bart/goliath_mobile/install/hoverboard_ros2_control:/home/bart/goliath_mobile/install/hoverboard_hardware_interface:/home/bart/goliath_mobile/install/hoverboard_demo_bringup:/home/bart/goliath_mobile/install/hoverboard_demo_description:/home/bart/goliath_mobile/install/gripper_description:/home/bart/goliath_mobile/install/goliath_commander_cpp:/home/bart/goliath_mobile/install/goliath_interfaces:/home/bart/goliath_mobile/install/arm_move_joy:/home/bart/goliath_base/install/hoverboard_demo_bringup:/home/bart/goliath_base/install/hoverboard_demo_description:/opt/ros/humble CMAKE_PREFIX_PATH=/home/bart/goliath_mobile/install/goliath_controller:/home/bart/goliath_mobile/install/ros2_control_demo_description:/home/bart/goliath_mobile/install/rplidar_ros:/home/bart/goliath_mobile/install/ros2_control_demos:/home/bart/goliath_mobile/install/moveit:/home/bart/goliath_mobile/install/gripper_controller:/home/bart/goliath_mobile/install/goliath_moveit_config:/home/bart/goliath_mobile/install/hoverboard_ros2_control:/home/bart/goliath_mobile/install/hoverboard_hardware_interface:/home/bart/goliath_mobile/install/hoverboard_demo_bringup:/home/bart/goliath_mobile/install/hoverboard_demo_description:/home/bart/goliath_mobile/install/goliath_commander_cpp:/home/bart/goliath_mobile/install/goliath_interfaces:/home/bart/goliath_mobile/install/arm_move_joy:/home/bart/goliath_base/install/hoverboard_demo_bringup:/home/bart/goliath_base/install/hoverboard_demo_description:/home/bart/goliath_mobile/install/ros2_control_demo_testing:/home/bart/goliath_mobile/install/gripper_description:/opt/ros/humble LD_LIBRARY_PATH=/home/bart/goliath_mobile/install/goliath_controller/lib:/home/bart/goliath_mobile/install/gripper_controller/lib:/home/bart/goliath_mobile/install/hoverboard_hardware_interface/lib:/home/bart/goliath_mobile/install/goliath_interfaces/lib:/opt/ros/humble/opt/rviz_ogre_vendor/lib:/opt/ros/humble/lib/x86_64-linux-gnu:/opt/ros/humble/lib /usr/bin/cmake --install /home/bart/goliath_mobile/build/goliath_moveit_config
[4.395s] Level 1:colcon.colcon_core.shell:create_environment_hook('goliath_moveit_config', 'cmake_prefix_path')
[4.395s] INFO:colcon.colcon_core.shell:Creating environment hook '/home/bart/goliath_mobile/install/goliath_moveit_config/share/goliath_moveit_config/hook/cmake_prefix_path.ps1'
[4.396s] INFO:colcon.colcon_core.shell:Creating environment descriptor '/home/bart/goliath_mobile/install/goliath_moveit_config/share/goliath_moveit_config/hook/cmake_prefix_path.dsv'
[4.399s] INFO:colcon.colcon_core.shell:Creating environment hook '/home/bart/goliath_mobile/install/goliath_moveit_config/share/goliath_moveit_config/hook/cmake_prefix_path.sh'
[4.400s] Level 1:colcon.colcon_core.environment:checking '/home/bart/goliath_mobile/install/goliath_moveit_config/bin'
[4.401s] Level 1:colcon.colcon_core.environment:checking '/home/bart/goliath_mobile/install/goliath_moveit_config/lib/pkgconfig/goliath_moveit_config.pc'
[4.401s] Level 1:colcon.colcon_core.environment:checking '/home/bart/goliath_mobile/install/goliath_moveit_config/lib/python3.10/site-packages'
[4.402s] Level 1:colcon.colcon_core.environment:checking '/home/bart/goliath_mobile/install/goliath_moveit_config/bin'
[4.403s] INFO:colcon.colcon_core.shell:Creating package script '/home/bart/goliath_mobile/install/goliath_moveit_config/share/goliath_moveit_config/package.ps1'
[4.404s] INFO:colcon.colcon_core.shell:Creating package descriptor '/home/bart/goliath_mobile/install/goliath_moveit_config/share/goliath_moveit_config/package.dsv'
[4.405s] INFO:colcon.colcon_core.shell:Creating package script '/home/bart/goliath_mobile/install/goliath_moveit_config/share/goliath_moveit_config/package.sh'
[4.406s] INFO:colcon.colcon_core.shell:Creating package script '/home/bart/goliath_mobile/install/goliath_moveit_config/share/goliath_moveit_config/package.bash'
[4.407s] INFO:colcon.colcon_core.shell:Creating package script '/home/bart/goliath_mobile/install/goliath_moveit_config/share/goliath_moveit_config/package.zsh'
[4.408s] Level 1:colcon.colcon_core.environment:create_file_with_runtime_dependencies(/home/bart/goliath_mobile/install/goliath_moveit_config/share/colcon-core/packages/goliath_moveit_config)
[4.410s] Level 1:colcon.colcon_core.environment:create_environment_scripts_only(goliath_moveit_config)
[4.410s] Level 1:colcon.colcon_core.environment:checking '/home/bart/goliath_mobile/install/goliath_moveit_config' for CMake module files
[4.411s] Level 1:colcon.colcon_core.environment:checking '/home/bart/goliath_mobile/install/goliath_moveit_config' for CMake config files
[4.412s] Level 1:colcon.colcon_core.shell:create_environment_hook('goliath_moveit_config', 'cmake_prefix_path')
[4.413s] INFO:colcon.colcon_core.shell:Creating environment hook '/home/bart/goliath_mobile/install/goliath_moveit_config/share/goliath_moveit_config/hook/cmake_prefix_path.ps1'
[4.417s] INFO:colcon.colcon_core.shell:Creating environment descriptor '/home/bart/goliath_mobile/install/goliath_moveit_config/share/goliath_moveit_config/hook/cmake_prefix_path.dsv'
[4.418s] INFO:colcon.colcon_core.shell:Creating environment hook '/home/bart/goliath_mobile/install/goliath_moveit_config/share/goliath_moveit_config/hook/cmake_prefix_path.sh'
[4.424s] Level 1:colcon.colcon_core.environment:checking '/home/bart/goliath_mobile/install/goliath_moveit_config/bin'
[4.425s] Level 1:colcon.colcon_core.environment:checking '/home/bart/goliath_mobile/install/goliath_moveit_config/lib/pkgconfig/goliath_moveit_config.pc'
[4.425s] Level 1:colcon.colcon_core.environment:checking '/home/bart/goliath_mobile/install/goliath_moveit_config/lib/python3.10/site-packages'
[4.426s] Level 1:colcon.colcon_core.environment:checking '/home/bart/goliath_mobile/install/goliath_moveit_config/bin'
[4.427s] INFO:colcon.colcon_core.shell:Creating package script '/home/bart/goliath_mobile/install/goliath_moveit_config/share/goliath_moveit_config/package.ps1'
[4.429s] INFO:colcon.colcon_core.shell:Creating package descriptor '/home/bart/goliath_mobile/install/goliath_moveit_config/share/goliath_moveit_config/package.dsv'
[4.430s] INFO:colcon.colcon_core.shell:Creating package script '/home/bart/goliath_mobile/install/goliath_moveit_config/share/goliath_moveit_config/package.sh'
[4.431s] INFO:colcon.colcon_core.shell:Creating package script '/home/bart/goliath_mobile/install/goliath_moveit_config/share/goliath_moveit_config/package.bash'
[4.432s] INFO:colcon.colcon_core.shell:Creating package script '/home/bart/goliath_mobile/install/goliath_moveit_config/share/goliath_moveit_config/package.zsh'
[4.433s] Level 1:colcon.colcon_core.environment:create_file_with_runtime_dependencies(/home/bart/goliath_mobile/install/goliath_moveit_config/share/colcon-core/packages/goliath_moveit_config)
[4.647s] Level 1:colcon.colcon_core.shell:create_environment_hook('gripper_description', 'pythonpath_develop')
[4.648s] INFO:colcon.colcon_core.shell:Creating environment hook '/home/bart/goliath_mobile/build/gripper_description/share/gripper_description/hook/pythonpath_develop.ps1'
[4.648s] DEBUG:colcon.colcon_core.event_handler.log_command:Invoked command in '/home/bart/goliath_mobile/build/gripper_description' returned '0': PYTHONPATH=/home/bart/goliath_mobile/build/gripper_description/prefix_override:/usr/lib/python3/dist-packages/colcon_core/task/python/colcon_distutils_commands:/home/bart/goliath_mobile/install/gripper_description/lib/python3.10/site-packages:${PYTHONPATH} /usr/bin/python3 -W ignore:setup.py install is deprecated -W ignore:easy_install command is deprecated setup.py develop --editable --build-directory /home/bart/goliath_mobile/build/gripper_description/build --no-deps symlink_data
[4.649s] INFO:colcon.colcon_core.shell:Creating environment descriptor '/home/bart/goliath_mobile/build/gripper_description/share/gripper_description/hook/pythonpath_develop.dsv'
[4.649s] INFO:colcon.colcon_core.shell:Creating environment hook '/home/bart/goliath_mobile/build/gripper_description/share/gripper_description/hook/pythonpath_develop.sh'
[4.650s] Level 1:colcon.colcon_core.environment:checking '/home/bart/goliath_mobile/install/gripper_description' for CMake module files
[4.651s] Level 1:colcon.colcon_core.environment:checking '/home/bart/goliath_mobile/install/gripper_description' for CMake config files
[4.652s] Level 1:colcon.colcon_core.environment:checking '/home/bart/goliath_mobile/install/gripper_description/lib'
[4.652s] Level 1:colcon.colcon_core.environment:checking '/home/bart/goliath_mobile/install/gripper_description/bin'
[4.652s] Level 1:colcon.colcon_core.environment:checking '/home/bart/goliath_mobile/install/gripper_description/lib/pkgconfig/gripper_description.pc'
[4.652s] Level 1:colcon.colcon_core.environment:checking '/home/bart/goliath_mobile/install/gripper_description/lib/python3.10/site-packages'
[4.652s] Level 1:colcon.colcon_core.shell:create_environment_hook('gripper_description', 'pythonpath')
[4.653s] INFO:colcon.colcon_core.shell:Creating environment hook '/home/bart/goliath_mobile/install/gripper_description/share/gripper_description/hook/pythonpath.ps1'
[4.653s] INFO:colcon.colcon_core.shell:Creating environment descriptor '/home/bart/goliath_mobile/install/gripper_description/share/gripper_description/hook/pythonpath.dsv'
[4.654s] INFO:colcon.colcon_core.shell:Creating environment hook '/home/bart/goliath_mobile/install/gripper_description/share/gripper_description/hook/pythonpath.sh'
[4.655s] Level 1:colcon.colcon_core.environment:checking '/home/bart/goliath_mobile/install/gripper_description/bin'
[4.655s] Level 1:colcon.colcon_core.environment:create_environment_scripts_only(gripper_description)
[4.656s] INFO:colcon.colcon_core.shell:Creating package script '/home/bart/goliath_mobile/install/gripper_description/share/gripper_description/package.ps1'
[4.657s] INFO:colcon.colcon_core.shell:Creating package descriptor '/home/bart/goliath_mobile/install/gripper_description/share/gripper_description/package.dsv'
[4.658s] INFO:colcon.colcon_core.shell:Creating package script '/home/bart/goliath_mobile/install/gripper_description/share/gripper_description/package.sh'
[4.658s] INFO:colcon.colcon_core.shell:Creating package script '/home/bart/goliath_mobile/install/gripper_description/share/gripper_description/package.bash'
[4.659s] INFO:colcon.colcon_core.shell:Creating package script '/home/bart/goliath_mobile/install/gripper_description/share/gripper_description/package.zsh'
[4.660s] Level 1:colcon.colcon_core.environment:create_file_with_runtime_dependencies(/home/bart/goliath_mobile/install/gripper_description/share/colcon-core/packages/gripper_description)
[14.972s] DEBUG:colcon.colcon_core.event_handler.log_command:Invoked command in '/home/bart/goliath_mobile/build/gripper_controller' returned '0': AMENT_PREFIX_PATH=/home/bart/goliath_mobile/install/ros2_control_demo_testing:/home/bart/goliath_mobile/install/rplidar_ros:/home/bart/goliath_mobile/install/ros2_control_demos:/home/bart/goliath_mobile/install/moveit:/home/bart/goliath_mobile/install/gripper_controller:/home/bart/goliath_mobile/install/goliath_moveit_config:/home/bart/goliath_mobile/install/goliath_controller:/home/bart/goliath_mobile/install/ros2_control_demo_description:/home/bart/goliath_mobile/install/hoverboard_ros2_control:/home/bart/goliath_mobile/install/hoverboard_hardware_interface:/home/bart/goliath_mobile/install/hoverboard_demo_bringup:/home/bart/goliath_mobile/install/hoverboard_demo_description:/home/bart/goliath_mobile/install/gripper_description:/home/bart/goliath_mobile/install/goliath_commander_cpp:/home/bart/goliath_mobile/install/goliath_interfaces:/home/bart/goliath_mobile/install/arm_move_joy:/home/bart/goliath_base/install/hoverboard_demo_bringup:/home/bart/goliath_base/install/hoverboard_demo_description:/opt/ros/humble CMAKE_PREFIX_PATH=/home/bart/goliath_mobile/install/ros2_control_demo_description:/home/bart/goliath_mobile/install/rplidar_ros:/home/bart/goliath_mobile/install/ros2_control_demos:/home/bart/goliath_mobile/install/moveit:/home/bart/goliath_mobile/install/gripper_controller:/home/bart/goliath_mobile/install/goliath_moveit_config:/home/bart/goliath_mobile/install/goliath_controller:/home/bart/goliath_mobile/install/hoverboard_ros2_control:/home/bart/goliath_mobile/install/hoverboard_hardware_interface:/home/bart/goliath_mobile/install/hoverboard_demo_bringup:/home/bart/goliath_mobile/install/hoverboard_demo_description:/home/bart/goliath_mobile/install/goliath_commander_cpp:/home/bart/goliath_mobile/install/goliath_interfaces:/home/bart/goliath_mobile/install/arm_move_joy:/home/bart/goliath_base/install/hoverboard_demo_bringup:/home/bart/goliath_base/install/hoverboard_demo_description:/home/bart/goliath_mobile/install/ros2_control_demo_testing:/home/bart/goliath_mobile/install/gripper_description:/opt/ros/humble /usr/bin/cmake --build /home/bart/goliath_mobile/build/gripper_controller -- -j4 -l4
[14.974s] DEBUG:colcon.colcon_core.event_handler.log_command:Invoking command in '/home/bart/goliath_mobile/build/gripper_controller': AMENT_PREFIX_PATH=/home/bart/goliath_mobile/install/ros2_control_demo_testing:/home/bart/goliath_mobile/install/rplidar_ros:/home/bart/goliath_mobile/install/ros2_control_demos:/home/bart/goliath_mobile/install/moveit:/home/bart/goliath_mobile/install/gripper_controller:/home/bart/goliath_mobile/install/goliath_moveit_config:/home/bart/goliath_mobile/install/goliath_controller:/home/bart/goliath_mobile/install/ros2_control_demo_description:/home/bart/goliath_mobile/install/hoverboard_ros2_control:/home/bart/goliath_mobile/install/hoverboard_hardware_interface:/home/bart/goliath_mobile/install/hoverboard_demo_bringup:/home/bart/goliath_mobile/install/hoverboard_demo_description:/home/bart/goliath_mobile/install/gripper_description:/home/bart/goliath_mobile/install/goliath_commander_cpp:/home/bart/goliath_mobile/install/goliath_interfaces:/home/bart/goliath_mobile/install/arm_move_joy:/home/bart/goliath_base/install/hoverboard_demo_bringup:/home/bart/goliath_base/install/hoverboard_demo_description:/opt/ros/humble CMAKE_PREFIX_PATH=/home/bart/goliath_mobile/install/ros2_control_demo_description:/home/bart/goliath_mobile/install/rplidar_ros:/home/bart/goliath_mobile/install/ros2_control_demos:/home/bart/goliath_mobile/install/moveit:/home/bart/goliath_mobile/install/gripper_controller:/home/bart/goliath_mobile/install/goliath_moveit_config:/home/bart/goliath_mobile/install/goliath_controller:/home/bart/goliath_mobile/install/hoverboard_ros2_control:/home/bart/goliath_mobile/install/hoverboard_hardware_interface:/home/bart/goliath_mobile/install/hoverboard_demo_bringup:/home/bart/goliath_mobile/install/hoverboard_demo_description:/home/bart/goliath_mobile/install/goliath_commander_cpp:/home/bart/goliath_mobile/install/goliath_interfaces:/home/bart/goliath_mobile/install/arm_move_joy:/home/bart/goliath_base/install/hoverboard_demo_bringup:/home/bart/goliath_base/install/hoverboard_demo_description:/home/bart/goliath_mobile/install/ros2_control_demo_testing:/home/bart/goliath_mobile/install/gripper_description:/opt/ros/humble /usr/bin/cmake --install /home/bart/goliath_mobile/build/gripper_controller
[15.014s] Level 1:colcon.colcon_core.environment:create_environment_scripts_only(gripper_controller)
[15.015s] Level 1:colcon.colcon_core.environment:checking '/home/bart/goliath_mobile/install/gripper_controller' for CMake module files
[15.016s] DEBUG:colcon.colcon_core.event_handler.log_command:Invoked command in '/home/bart/goliath_mobile/build/gripper_controller' returned '0': AMENT_PREFIX_PATH=/home/bart/goliath_mobile/install/ros2_control_demo_testing:/home/bart/goliath_mobile/install/rplidar_ros:/home/bart/goliath_mobile/install/ros2_control_demos:/home/bart/goliath_mobile/install/moveit:/home/bart/goliath_mobile/install/gripper_controller:/home/bart/goliath_mobile/install/goliath_moveit_config:/home/bart/goliath_mobile/install/goliath_controller:/home/bart/goliath_mobile/install/ros2_control_demo_description:/home/bart/goliath_mobile/install/hoverboard_ros2_control:/home/bart/goliath_mobile/install/hoverboard_hardware_interface:/home/bart/goliath_mobile/install/hoverboard_demo_bringup:/home/bart/goliath_mobile/install/hoverboard_demo_description:/home/bart/goliath_mobile/install/gripper_description:/home/bart/goliath_mobile/install/goliath_commander_cpp:/home/bart/goliath_mobile/install/goliath_interfaces:/home/bart/goliath_mobile/install/arm_move_joy:/home/bart/goliath_base/install/hoverboard_demo_bringup:/home/bart/goliath_base/install/hoverboard_demo_description:/opt/ros/humble CMAKE_PREFIX_PATH=/home/bart/goliath_mobile/install/ros2_control_demo_description:/home/bart/goliath_mobile/install/rplidar_ros:/home/bart/goliath_mobile/install/ros2_control_demos:/home/bart/goliath_mobile/install/moveit:/home/bart/goliath_mobile/install/gripper_controller:/home/bart/goliath_mobile/install/goliath_moveit_config:/home/bart/goliath_mobile/install/goliath_controller:/home/bart/goliath_mobile/install/hoverboard_ros2_control:/home/bart/goliath_mobile/install/hoverboard_hardware_interface:/home/bart/goliath_mobile/install/hoverboard_demo_bringup:/home/bart/goliath_mobile/install/hoverboard_demo_description:/home/bart/goliath_mobile/install/goliath_commander_cpp:/home/bart/goliath_mobile/install/goliath_interfaces:/home/bart/goliath_mobile/install/arm_move_joy:/home/bart/goliath_base/install/hoverboard_demo_bringup:/home/bart/goliath_base/install/hoverboard_demo_description:/home/bart/goliath_mobile/install/ros2_control_demo_testing:/home/bart/goliath_mobile/install/gripper_description:/opt/ros/humble /usr/bin/cmake --install /home/bart/goliath_mobile/build/gripper_controller
[15.017s] Level 1:colcon.colcon_core.environment:checking '/home/bart/goliath_mobile/install/gripper_controller' for CMake config files
[15.018s] Level 1:colcon.colcon_core.shell:create_environment_hook('gripper_controller', 'cmake_prefix_path')
[15.019s] INFO:colcon.colcon_core.shell:Creating environment hook '/home/bart/goliath_mobile/install/gripper_controller/share/gripper_controller/hook/cmake_prefix_path.ps1'
[15.020s] INFO:colcon.colcon_core.shell:Creating environment descriptor '/home/bart/goliath_mobile/install/gripper_controller/share/gripper_controller/hook/cmake_prefix_path.dsv'
[15.020s] INFO:colcon.colcon_core.shell:Creating environment hook '/home/bart/goliath_mobile/install/gripper_controller/share/gripper_controller/hook/cmake_prefix_path.sh'
[15.021s] Level 1:colcon.colcon_core.environment:checking '/home/bart/goliath_mobile/install/gripper_controller/lib'
[15.021s] Level 1:colcon.colcon_core.shell:create_environment_hook('gripper_controller', 'ld_library_path_lib')
[15.021s] INFO:colcon.colcon_core.shell:Creating environment hook '/home/bart/goliath_mobile/install/gripper_controller/share/gripper_controller/hook/ld_library_path_lib.ps1'
[15.022s] INFO:colcon.colcon_core.shell:Creating environment descriptor '/home/bart/goliath_mobile/install/gripper_controller/share/gripper_controller/hook/ld_library_path_lib.dsv'
[15.023s] INFO:colcon.colcon_core.shell:Creating environment hook '/home/bart/goliath_mobile/install/gripper_controller/share/gripper_controller/hook/ld_library_path_lib.sh'
[15.023s] Level 1:colcon.colcon_core.environment:checking '/home/bart/goliath_mobile/install/gripper_controller/bin'
[15.023s] Level 1:colcon.colcon_core.environment:checking '/home/bart/goliath_mobile/install/gripper_controller/lib/pkgconfig/gripper_controller.pc'
[15.024s] Level 1:colcon.colcon_core.environment:checking '/home/bart/goliath_mobile/install/gripper_controller/lib/python3.10/site-packages'
[15.024s] Level 1:colcon.colcon_core.environment:checking '/home/bart/goliath_mobile/install/gripper_controller/bin'
[15.025s] INFO:colcon.colcon_core.shell:Creating package script '/home/bart/goliath_mobile/install/gripper_controller/share/gripper_controller/package.ps1'
[15.025s] INFO:colcon.colcon_core.shell:Creating package descriptor '/home/bart/goliath_mobile/install/gripper_controller/share/gripper_controller/package.dsv'
[15.026s] INFO:colcon.colcon_core.shell:Creating package script '/home/bart/goliath_mobile/install/gripper_controller/share/gripper_controller/package.sh'
[15.027s] INFO:colcon.colcon_core.shell:Creating package script '/home/bart/goliath_mobile/install/gripper_controller/share/gripper_controller/package.bash'
[15.028s] INFO:colcon.colcon_core.shell:Creating package script '/home/bart/goliath_mobile/install/gripper_controller/share/gripper_controller/package.zsh'
[15.028s] Level 1:colcon.colcon_core.environment:create_file_with_runtime_dependencies(/home/bart/goliath_mobile/install/gripper_controller/share/colcon-core/packages/gripper_controller)
[15.029s] Level 1:colcon.colcon_core.environment:create_environment_scripts_only(gripper_controller)
[15.029s] Level 1:colcon.colcon_core.environment:checking '/home/bart/goliath_mobile/install/gripper_controller' for CMake module files
[15.030s] Level 1:colcon.colcon_core.environment:checking '/home/bart/goliath_mobile/install/gripper_controller' for CMake config files
[15.030s] Level 1:colcon.colcon_core.shell:create_environment_hook('gripper_controller', 'cmake_prefix_path')
[15.031s] INFO:colcon.colcon_core.shell:Creating environment hook '/home/bart/goliath_mobile/install/gripper_controller/share/gripper_controller/hook/cmake_prefix_path.ps1'
[15.031s] INFO:colcon.colcon_core.shell:Creating environment descriptor '/home/bart/goliath_mobile/install/gripper_controller/share/gripper_controller/hook/cmake_prefix_path.dsv'
[15.032s] INFO:colcon.colcon_core.shell:Creating environment hook '/home/bart/goliath_mobile/install/gripper_controller/share/gripper_controller/hook/cmake_prefix_path.sh'
[15.033s] Level 1:colcon.colcon_core.environment:checking '/home/bart/goliath_mobile/install/gripper_controller/lib'
[15.033s] Level 1:colcon.colcon_core.shell:create_environment_hook('gripper_controller', 'ld_library_path_lib')
[15.034s] INFO:colcon.colcon_core.shell:Creating environment hook '/home/bart/goliath_mobile/install/gripper_controller/share/gripper_controller/hook/ld_library_path_lib.ps1'
[15.036s] INFO:colcon.colcon_core.shell:Creating environment descriptor '/home/bart/goliath_mobile/install/gripper_controller/share/gripper_controller/hook/ld_library_path_lib.dsv'
[15.037s] INFO:colcon.colcon_core.shell:Creating environment hook '/home/bart/goliath_mobile/install/gripper_controller/share/gripper_controller/hook/ld_library_path_lib.sh'
[15.038s] Level 1:colcon.colcon_core.environment:checking '/home/bart/goliath_mobile/install/gripper_controller/bin'
[15.038s] Level 1:colcon.colcon_core.environment:checking '/home/bart/goliath_mobile/install/gripper_controller/lib/pkgconfig/gripper_controller.pc'
[15.039s] Level 1:colcon.colcon_core.environment:checking '/home/bart/goliath_mobile/install/gripper_controller/lib/python3.10/site-packages'
[15.040s] Level 1:colcon.colcon_core.environment:checking '/home/bart/goliath_mobile/install/gripper_controller/bin'
[15.041s] INFO:colcon.colcon_core.shell:Creating package script '/home/bart/goliath_mobile/install/gripper_controller/share/gripper_controller/package.ps1'
[15.043s] INFO:colcon.colcon_core.shell:Creating package descriptor '/home/bart/goliath_mobile/install/gripper_controller/share/gripper_controller/package.dsv'
[15.043s] INFO:colcon.colcon_core.shell:Creating package script '/home/bart/goliath_mobile/install/gripper_controller/share/gripper_controller/package.sh'
[15.044s] INFO:colcon.colcon_core.shell:Creating package script '/home/bart/goliath_mobile/install/gripper_controller/share/gripper_controller/package.bash'
[15.045s] INFO:colcon.colcon_core.shell:Creating package script '/home/bart/goliath_mobile/install/gripper_controller/share/gripper_controller/package.zsh'
[15.045s] Level 1:colcon.colcon_core.environment:create_file_with_runtime_dependencies(/home/bart/goliath_mobile/install/gripper_controller/share/colcon-core/packages/gripper_controller)
[15.046s] DEBUG:colcon.colcon_parallel_executor.executor.parallel:closing loop
[15.046s] DEBUG:colcon.colcon_parallel_executor.executor.parallel:loop closed
[15.046s] DEBUG:colcon.colcon_parallel_executor.executor.parallel:run_until_complete finished with '0'
[15.047s] DEBUG:colcon.colcon_core.event_reactor:joining thread
[15.056s] INFO:colcon.colcon_core.plugin_system:Skipping extension 'colcon_notification.desktop_notification.terminal_notifier': Not used on non-Darwin systems
[15.056s] INFO:colcon.colcon_core.plugin_system:Skipping extension 'colcon_notification.desktop_notification.win32': Not used on non-Windows systems
[15.057s] INFO:colcon.colcon_notification.desktop_notification:Sending desktop notification using 'notify2'
[15.084s] DEBUG:colcon.colcon_core.event_reactor:joined thread
[15.085s] INFO:colcon.colcon_core.shell:Creating prefix script '/home/bart/goliath_mobile/install/local_setup.ps1'
[15.088s] INFO:colcon.colcon_core.shell:Creating prefix util module '/home/bart/goliath_mobile/install/_local_setup_util_ps1.py'
[15.092s] INFO:colcon.colcon_core.shell:Creating prefix chain script '/home/bart/goliath_mobile/install/setup.ps1'
[15.095s] INFO:colcon.colcon_core.shell:Creating prefix script '/home/bart/goliath_mobile/install/local_setup.sh'
[15.096s] INFO:colcon.colcon_core.shell:Creating prefix util module '/home/bart/goliath_mobile/install/_local_setup_util_sh.py'
[15.096s] INFO:colcon.colcon_core.shell:Creating prefix chain script '/home/bart/goliath_mobile/install/setup.sh'
[15.099s] INFO:colcon.colcon_core.shell:Creating prefix script '/home/bart/goliath_mobile/install/local_setup.bash'
[15.101s] INFO:colcon.colcon_core.shell:Creating prefix chain script '/home/bart/goliath_mobile/install/setup.bash'
[15.106s] INFO:colcon.colcon_core.shell:Creating prefix script '/home/bart/goliath_mobile/install/local_setup.zsh'
[15.107s] INFO:colcon.colcon_core.shell:Creating prefix chain script '/home/bart/goliath_mobile/install/setup.zsh'
